{
    "image_id": 3,
    "file_name": "Wheat_001_001_001_002.jpg",
    "width": 960,
    "height": 540,
    "annotations": [
        {
            "id": 1,
            "category_id": 1112,
            "bbox": [
                367,
                191,
                575,
                391
            ],
            "bbox_mode": 0,
            "segmentation": {
                "size": [
                    540,
                    960
                ],
                "counts": [
                    183820,
                    1,
                    183822,
                    17,
                    184744,
                    1,
                    184749,
                    1,
                    184753,
                    2,
                    184757,
                    2,
                    184760,
                    2,
                    184767,
                    1,
                    184771,
                    1,
                    184773,
                    1,
                    184778,
                    22,
                    184806,
                    2,
                    184809,
                    2,
                    184813,
                    1,
                    184819,
                    1,
                    184841,
                    3,
                    185712,
                    2,
                    185724,
                    8,
                    185737,
                    31,
                    185772,
                    4,
                    185780,
                    4,
                    186666,
                    2,
                    186674,
                    5,
                    186683,
                    42,
                    186726,
                    5,
                    186736,
                    4,
                    186741,
                    1,
                    186743,
                    1,
                    187631,
                    3,
                    187636,
                    2,
                    187641,
                    56,
                    187698,
                    5,
                    188594,
                    1,
                    188597,
                    63,
                    188661,
                    1,
                    188669,
                    3,
                    189544,
                    1,
                    189552,
                    66,
                    189619,
                    2,
                    189623,
                    3,
                    189629,
                    2,
                    190496,
                    2,
                    190504,
                    1,
                    190508,
                    2,
                    190512,
                    1,
                    190514,
                    69,
                    190584,
                    3,
                    190598,
                    1,
                    191467,
                    4,
                    191472,
                    71,
                    191544,
                    4,
                    191557,
                    2,
                    191560,
                    1,
                    191566,
                    2,
                    192409,
                    2,
                    192414,
                    1,
                    192417,
                    1,
                    192420,
                    1,
                    192425,
                    86,
                    192517,
                    2,
                    192520,
                    3,
                    192525,
                    2,
                    193370,
                    2,
                    193375,
                    1,
                    193378,
                    7,
                    193386,
                    82,
                    193469,
                    2,
                    193472,
                    1,
                    193474,
                    5,
                    194328,
                    1,
                    194336,
                    1,
                    194338,
                    2,
                    194341,
                    2,
                    194344,
                    90,
                    194435,
                    2,
                    194440,
                    1,
                    194442,
                    2,
                    194445,
                    2,
                    195288,
                    1,
                    195295,
                    2,
                    195298,
                    99,
                    195398,
                    1,
                    195402,
                    3,
                    196250,
                    3,
                    196257,
                    2,
                    196260,
                    99,
                    196360,
                    3,
                    196364,
                    4,
                    197213,
                    110,
                    197325,
                    3,
                    198168,
                    2,
                    198171,
                    1,
                    198173,
                    2,
                    198176,
                    107,
                    198284,
                    1,
                    199128,
                    3,
                    199132,
                    111,
                    199246,
                    1,
                    200080,
                    8,
                    200089,
                    117,
                    200211,
                    2,
                    201041,
                    2,
                    201045,
                    3,
                    201049,
                    118,
                    201168,
                    7,
                    202007,
                    2,
                    202010,
                    116,
                    202127,
                    1,
                    202134,
                    2,
                    202960,
                    1,
                    202966,
                    123,
                    203090,
                    4,
                    203921,
                    130,
                    204053,
                    2,
                    204056,
                    1,
                    204883,
                    2,
                    204886,
                    124,
                    205011,
                    4,
                    205022,
                    2,
                    205840,
                    133,
                    205975,
                    1,
                    205981,
                    1,
                    205983,
                    1,
                    206800,
                    133,
                    206934,
                    2,
                    206939,
                    3,
                    207754,
                    1,
                    207757,
                    2,
                    207760,
                    137,
                    207901,
                    1,
                    208715,
                    1,
                    208718,
                    2,
                    208721,
                    137,
                    208860,
                    1,
                    209676,
                    3,
                    209680,
                    136,
                    209817,
                    3,
                    209823,
                    1,
                    210633,
                    1,
                    210635,
                    146,
                    210782,
                    1,
                    211595,
                    2,
                    211598,
                    144,
                    212552,
                    1,
                    212554,
                    148,
                    213512,
                    2,
                    213515,
                    148,
                    214473,
                    1,
                    214475,
                    146,
                    214622,
                    1,
                    215429,
                    2,
                    215432,
                    152,
                    215589,
                    1,
                    215591,
                    2,
                    216384,
                    1,
                    216386,
                    1,
                    216390,
                    155,
                    216546,
                    1,
                    216548,
                    2,
                    216552,
                    1,
                    217350,
                    156,
                    217509,
                    2,
                    218304,
                    4,
                    218309,
                    1,
                    218311,
                    154,
                    218466,
                    1,
                    218468,
                    1,
                    218470,
                    1,
                    219264,
                    3,
                    219268,
                    160,
                    219430,
                    1,
                    220224,
                    1,
                    220227,
                    163,
                    220391,
                    1,
                    221184,
                    2,
                    221187,
                    163,
                    222146,
                    1,
                    222148,
                    164,
                    223097,
                    2,
                    223102,
                    1,
                    223105,
                    165,
                    223271,
                    1,
                    223273,
                    1,
                    223275,
                    1,
                    223278,
                    1,
                    224061,
                    2,
                    224064,
                    167,
                    224232,
                    1,
                    224235,
                    1,
                    224238,
                    2,
                    225016,
                    1,
                    225020,
                    2,
                    225024,
                    170,
                    225196,
                    2,
                    225199,
                    1,
                    225976,
                    1,
                    225983,
                    172,
                    226156,
                    2,
                    226936,
                    1,
                    226942,
                    174,
                    227897,
                    2,
                    227900,
                    176,
                    228077,
                    2,
                    228857,
                    2,
                    228860,
                    2,
                    228863,
                    174,
                    229817,
                    1,
                    229819,
                    178,
                    230777,
                    2,
                    230780,
                    180,
                    231740,
                    176,
                    231917,
                    1,
                    232697,
                    1,
                    232699,
                    181,
                    233652,
                    1,
                    233659,
                    1,
                    233661,
                    178,
                    234611,
                    1,
                    234616,
                    1,
                    234618,
                    1,
                    234620,
                    178,
                    234799,
                    1,
                    235570,
                    1,
                    235576,
                    185,
                    236536,
                    185,
                    236728,
                    1,
                    237495,
                    1,
                    237497,
                    185,
                    238449,
                    1,
                    238451,
                    1,
                    238453,
                    1,
                    238456,
                    186,
                    238643,
                    2,
                    238647,
                    1,
                    239409,
                    1,
                    239411,
                    1,
                    239413,
                    1,
                    239415,
                    191,
                    240368,
                    1,
                    240375,
                    188,
                    240565,
                    1,
                    241328,
                    1,
                    241333,
                    193,
                    241529,
                    1,
                    242288,
                    2,
                    242291,
                    1,
                    242293,
                    191,
                    242487,
                    1,
                    242489,
                    1,
                    243248,
                    1,
                    243251,
                    1,
                    243253,
                    192,
                    243447,
                    1,
                    244208,
                    1,
                    244210,
                    4,
                    244215,
                    190,
                    244406,
                    2,
                    244415,
                    1,
                    245168,
                    6,
                    245175,
                    192,
                    245368,
                    1,
                    245375,
                    1,
                    246128,
                    1,
                    246130,
                    1,
                    246132,
                    193,
                    246326,
                    1,
                    246334,
                    1,
                    247088,
                    1,
                    247092,
                    1,
                    247094,
                    190,
                    247286,
                    1,
                    247294,
                    1,
                    248048,
                    1,
                    248052,
                    194,
                    248255,
                    1,
                    249012,
                    195,
                    249972,
                    194,
                    250930,
                    1,
                    250933,
                    194,
                    251890,
                    197,
                    252848,
                    199,
                    253808,
                    1,
                    253811,
                    197,
                    254010,
                    2,
                    254015,
                    1,
                    254768,
                    1,
                    254770,
                    197,
                    255730,
                    198,
                    255932,
                    1,
                    256689,
                    200,
                    257649,
                    201,
                    258609,
                    1,
                    258611,
                    197,
                    258809,
                    2,
                    258814,
                    1,
                    259569,
                    202,
                    259774,
                    1,
                    260529,
                    203,
                    260734,
                    1,
                    261488,
                    203,
                    262448,
                    203,
                    263408,
                    202,
                    264368,
                    204,
                    265328,
                    204,
                    265534,
                    1,
                    266287,
                    205,
                    266494,
                    1,
                    267247,
                    205,
                    267454,
                    1,
                    268207,
                    205,
                    268414,
                    1,
                    269167,
                    206,
                    269374,
                    1,
                    270127,
                    206,
                    270334,
                    1,
                    271087,
                    206,
                    271294,
                    1,
                    272047,
                    1,
                    272049,
                    204,
                    272254,
                    1,
                    273010,
                    203,
                    273214,
                    1,
                    273968,
                    205,
                    274928,
                    205,
                    275888,
                    204,
                    276094,
                    1,
                    276848,
                    203,
                    277054,
                    1,
                    277808,
                    203,
                    278012,
                    1,
                    278768,
                    202,
                    278972,
                    1,
                    278975,
                    1,
                    279729,
                    201,
                    279931,
                    5,
                    280687,
                    1,
                    280689,
                    201,
                    280891,
                    2,
                    280895,
                    1,
                    281647,
                    1,
                    281649,
                    203,
                    281855,
                    1,
                    282607,
                    1,
                    282609,
                    202,
                    282815,
                    1,
                    283567,
                    1,
                    283569,
                    202,
                    283774,
                    1,
                    284527,
                    1,
                    284529,
                    205,
                    284735,
                    1,
                    285487,
                    1,
                    285489,
                    202,
                    285692,
                    2,
                    285695,
                    1,
                    286447,
                    1,
                    286449,
                    202,
                    286652,
                    2,
                    286655,
                    1,
                    287407,
                    1,
                    287410,
                    201,
                    287612,
                    2,
                    287615,
                    1,
                    288370,
                    201,
                    288572,
                    2,
                    288575,
                    1,
                    289329,
                    202,
                    289532,
                    2,
                    289535,
                    1,
                    290289,
                    202,
                    290492,
                    2,
                    290495,
                    1,
                    291248,
                    206,
                    291455,
                    1,
                    292208,
                    205,
                    292415,
                    1,
                    293168,
                    1,
                    293170,
                    203,
                    293375,
                    1,
                    294128,
                    1,
                    294130,
                    200,
                    294331,
                    2,
                    294335,
                    1,
                    295089,
                    201,
                    295291,
                    2,
                    296048,
                    6,
                    296055,
                    194,
                    296250,
                    2,
                    297008,
                    7,
                    297016,
                    193,
                    297210,
                    2,
                    297969,
                    1,
                    297971,
                    201,
                    298174,
                    1,
                    298929,
                    7,
                    298939,
                    194,
                    299134,
                    2,
                    299891,
                    5,
                    299897,
                    4,
                    299902,
                    189,
                    300094,
                    1,
                    300851,
                    10,
                    300862,
                    189,
                    301052,
                    1,
                    301054,
                    1,
                    301808,
                    1,
                    301811,
                    10,
                    301822,
                    189,
                    302012,
                    1,
                    302771,
                    6,
                    302778,
                    3,
                    302783,
                    187,
                    302971,
                    2,
                    303731,
                    6,
                    303738,
                    4,
                    303743,
                    184,
                    303928,
                    5,
                    304689,
                    1,
                    304692,
                    5,
                    304698,
                    188,
                    304887,
                    5,
                    304895,
                    1,
                    305649,
                    1,
                    305652,
                    5,
                    305658,
                    191,
                    305850,
                    2,
                    305853,
                    1,
                    305855,
                    1,
                    306609,
                    1,
                    306612,
                    5,
                    306618,
                    193,
                    306812,
                    3,
                    307572,
                    6,
                    307579,
                    1,
                    307582,
                    2,
                    307585,
                    184,
                    308533,
                    5,
                    308539,
                    2,
                    308542,
                    2,
                    308545,
                    184,
                    309490,
                    1,
                    309493,
                    5,
                    309499,
                    2,
                    309502,
                    2,
                    309505,
                    179,
                    309685,
                    3,
                    310450,
                    1,
                    310454,
                    7,
                    310462,
                    2,
                    310465,
                    169,
                    310636,
                    12,
                    311413,
                    181,
                    311595,
                    8,
                    311604,
                    4,
                    312371,
                    13,
                    312385,
                    183,
                    313328,
                    1,
                    313331,
                    1,
                    313334,
                    5,
                    313340,
                    4,
                    313345,
                    182,
                    313535,
                    1,
                    314288,
                    1,
                    314291,
                    1,
                    314296,
                    3,
                    314300,
                    171,
                    314472,
                    16,
                    314494,
                    2,
                    315256,
                    5,
                    315262,
                    168,
                    315432,
                    15,
                    316216,
                    174,
                    316392,
                    14,
                    316407,
                    1,
                    317177,
                    9,
                    317187,
                    161,
                    317352,
                    16,
                    318137,
                    11,
                    318149,
                    159,
                    318311,
                    1,
                    318313,
                    5,
                    318319,
                    8,
                    319097,
                    12,
                    319111,
                    5,
                    319118,
                    149,
                    319271,
                    1,
                    319273,
                    12,
                    319286,
                    1,
                    320058,
                    169,
                    320228,
                    1,
                    320231,
                    1,
                    320233,
                    4,
                    320238,
                    7,
                    321018,
                    14,
                    321034,
                    1,
                    321037,
                    2,
                    321040,
                    145,
                    321188,
                    1,
                    321194,
                    2,
                    321197,
                    7,
                    321976,
                    1,
                    321979,
                    20,
                    322001,
                    146,
                    322149,
                    2,
                    322153,
                    10,
                    322165,
                    1,
                    322939,
                    12,
                    322952,
                    4,
                    322959,
                    145,
                    323107,
                    2,
                    323111,
                    1,
                    323113,
                    10,
                    323127,
                    1,
                    323900,
                    12,
                    323913,
                    4,
                    323919,
                    144,
                    324067,
                    2,
                    324071,
                    3,
                    324075,
                    8,
                    324087,
                    1,
                    324860,
                    13,
                    324874,
                    7,
                    324882,
                    139,
                    325022,
                    2,
                    325032,
                    1,
                    325034,
                    9,
                    325820,
                    13,
                    325835,
                    7,
                    325843,
                    139,
                    325983,
                    1,
                    325987,
                    1,
                    325991,
                    1,
                    325993,
                    9,
                    326004,
                    1,
                    326781,
                    13,
                    326795,
                    144,
                    326941,
                    2,
                    326950,
                    1,
                    326952,
                    10,
                    326964,
                    1,
                    327742,
                    12,
                    327755,
                    8,
                    327764,
                    136,
                    327901,
                    2,
                    327911,
                    10,
                    327924,
                    1,
                    328702,
                    12,
                    328715,
                    3,
                    328719,
                    1,
                    328721,
                    135,
                    328857,
                    3,
                    328861,
                    2,
                    328868,
                    1,
                    328870,
                    11,
                    328884,
                    1,
                    328887,
                    1,
                    329656,
                    1,
                    329659,
                    1,
                    329663,
                    17,
                    329682,
                    133,
                    329816,
                    4,
                    329825,
                    1,
                    329828,
                    1,
                    329830,
                    9,
                    329840,
                    1,
                    329847,
                    1,
                    330624,
                    11,
                    330637,
                    2,
                    330640,
                    1,
                    330642,
                    140,
                    330786,
                    2,
                    330789,
                    10,
                    331584,
                    12,
                    331597,
                    2,
                    331600,
                    5,
                    331606,
                    136,
                    331747,
                    12,
                    332544,
                    12,
                    332557,
                    8,
                    332566,
                    137,
                    332705,
                    1,
                    332707,
                    10,
                    332719,
                    1,
                    333504,
                    1,
                    333506,
                    11,
                    333518,
                    8,
                    333527,
                    136,
                    333664,
                    1,
                    333666,
                    11,
                    333679,
                    1,
                    334465,
                    12,
                    334479,
                    1,
                    334481,
                    2,
                    334485,
                    1,
                    334487,
                    11,
                    334499,
                    3,
                    334503,
                    120,
                    334625,
                    12,
                    335425,
                    1,
                    335428,
                    19,
                    335448,
                    3,
                    335453,
                    115,
                    335569,
                    27,
                    335597,
                    2,
                    336388,
                    167,
                    336557,
                    2,
                    337344,
                    1,
                    337348,
                    138,
                    337487,
                    27,
                    337517,
                    2,
                    338305,
                    2,
                    338310,
                    35,
                    338346,
                    41,
                    338388,
                    57,
                    338446,
                    28,
                    338477,
                    1,
                    339266,
                    2,
                    339270,
                    36,
                    339307,
                    96,
                    339404,
                    30,
                    339437,
                    1,
                    340226,
                    2,
                    340231,
                    71,
                    340304,
                    34,
                    340339,
                    54,
                    340397,
                    1,
                    341192,
                    35,
                    341228,
                    32,
                    341262,
                    34,
                    341297,
                    2,
                    341300,
                    52,
                    342144,
                    1,
                    342149,
                    2,
                    342153,
                    35,
                    342189,
                    65,
                    342255,
                    5,
                    342261,
                    18,
                    342280,
                    31,
                    342316,
                    1,
                    343104,
                    1,
                    343109,
                    3,
                    343114,
                    62,
                    343178,
                    39,
                    343219,
                    51,
                    343274,
                    3,
                    344064,
                    2,
                    344071,
                    2,
                    344075,
                    59,
                    344136,
                    3,
                    344140,
                    35,
                    344179,
                    3,
                    344183,
                    13,
                    344197,
                    32,
                    344231,
                    1,
                    345025,
                    3,
                    345032,
                    1,
                    345036,
                    93,
                    345130,
                    3,
                    345134,
                    5,
                    345140,
                    3,
                    345144,
                    11,
                    345156,
                    32,
                    345189,
                    2,
                    345199,
                    1,
                    345993,
                    2,
                    345997,
                    46,
                    346044,
                    60,
                    346105,
                    42,
                    346150,
                    2,
                    346954,
                    1,
                    346957,
                    43,
                    347001,
                    35,
                    347037,
                    8,
                    347046,
                    61,
                    347110,
                    2,
                    347918,
                    39,
                    347958,
                    16,
                    347975,
                    21,
                    347998,
                    5,
                    348005,
                    11,
                    348019,
                    47,
                    348880,
                    79,
                    348960,
                    6,
                    348967,
                    9,
                    348978,
                    4,
                    348984,
                    3,
                    348988,
                    37,
                    349832,
                    1,
                    349840,
                    56,
                    349897,
                    4,
                    349902,
                    20,
                    349925,
                    2,
                    349928,
                    13,
                    349944,
                    2,
                    349947,
                    36,
                    349988,
                    2,
                    350792,
                    1,
                    350802,
                    82,
                    350887,
                    13,
                    350901,
                    2,
                    350905,
                    37,
                    350943,
                    1,
                    350946,
                    3,
                    351763,
                    70,
                    351834,
                    11,
                    351847,
                    8,
                    351856,
                    4,
                    351861,
                    40,
                    351906,
                    2,
                    352714,
                    2,
                    352720,
                    1,
                    352724,
                    83,
                    352808,
                    10,
                    352820,
                    40,
                    352863,
                    1,
                    352871,
                    1,
                    353685,
                    59,
                    353745,
                    4,
                    353750,
                    17,
                    353768,
                    4,
                    353773,
                    5,
                    353779,
                    40,
                    354641,
                    2,
                    354646,
                    60,
                    354707,
                    21,
                    354731,
                    5,
                    354737,
                    42,
                    354781,
                    2,
                    355602,
                    2,
                    355608,
                    56,
                    355665,
                    25,
                    355691,
                    4,
                    355696,
                    41,
                    355741,
                    1,
                    356569,
                    82,
                    356653,
                    42,
                    357527,
                    1,
                    357530,
                    82,
                    357613,
                    41,
                    357655,
                    2,
                    358480,
                    2,
                    358488,
                    1,
                    358492,
                    121,
                    358615,
                    1,
                    358622,
                    2,
                    359440,
                    2,
                    359448,
                    1,
                    359453,
                    118,
                    359575,
                    1,
                    359582,
                    2,
                    360404,
                    2,
                    360410,
                    2,
                    360415,
                    115,
                    360533,
                    1,
                    360538,
                    2,
                    361377,
                    111,
                    362337,
                    111,
                    363296,
                    1,
                    363300,
                    106,
                    364256,
                    1,
                    364261,
                    103,
                    365219,
                    1,
                    365224,
                    98,
                    366185,
                    95,
                    367142,
                    2,
                    367146,
                    92,
                    367239,
                    1,
                    368104,
                    2,
                    368110,
                    85,
                    368199,
                    1,
                    368204,
                    2,
                    369073,
                    79,
                    370032,
                    79,
                    370992,
                    1,
                    370997,
                    72,
                    371961,
                    63,
                    372030,
                    2,
                    372914,
                    3,
                    372923,
                    58,
                    373872,
                    1,
                    373879,
                    3,
                    373886,
                    52,
                    373946,
                    4,
                    374839,
                    1,
                    374851,
                    42,
                    374901,
                    3,
                    374908,
                    4,
                    375795,
                    3,
                    375801,
                    4,
                    375808,
                    2,
                    375814,
                    2,
                    375819,
                    30,
                    375857,
                    4,
                    375864,
                    2
                ]
            }
        }
    ]
}