{
    "image_id": 15,
    "file_name": "Wheat_002_001_001_002.jpg",
    "width": 960,
    "height": 540,
    "annotations": [
        {
            "id": 1,
            "category_id": 2112,
            "bbox": [
                368,
                196,
                567,
                383
            ],
            "bbox_mode": 0,
            "segmentation": {
                "size": [
                    540,
                    960
                ],
                "counts": [
                    188592,
                    3,
                    188596,
                    1,
                    188644,
                    1,
                    188646,
                    1,
                    188648,
                    1,
                    189552,
                    2,
                    189604,
                    2,
                    191516,
                    1,
                    192436,
                    2,
                    192439,
                    1,
                    192442,
                    2,
                    192446,
                    1,
                    192448,
                    1,
                    192452,
                    4,
                    192461,
                    2,
                    192465,
                    1,
                    192467,
                    2,
                    192471,
                    4,
                    192477,
                    1,
                    192480,
                    2,
                    192483,
                    1,
                    192493,
                    1,
                    192495,
                    3,
                    192499,
                    1,
                    192501,
                    2,
                    193392,
                    3,
                    193396,
                    2,
                    193399,
                    2,
                    193402,
                    2,
                    193406,
                    2,
                    193409,
                    2,
                    193412,
                    2,
                    193415,
                    11,
                    193427,
                    6,
                    193434,
                    7,
                    193442,
                    2,
                    193447,
                    4,
                    193452,
                    1,
                    193454,
                    2,
                    193458,
                    6,
                    194353,
                    2,
                    194356,
                    2,
                    194360,
                    5,
                    194368,
                    32,
                    194401,
                    12,
                    194415,
                    2,
                    194418,
                    6,
                    195314,
                    2,
                    195317,
                    1,
                    195319,
                    2,
                    195324,
                    47,
                    195373,
                    8,
                    196273,
                    1,
                    196275,
                    2,
                    196281,
                    54,
                    196336,
                    5,
                    196342,
                    1,
                    197233,
                    2,
                    197237,
                    61,
                    197302,
                    2,
                    198192,
                    1,
                    198194,
                    64,
                    198259,
                    1,
                    198263,
                    1,
                    199153,
                    70,
                    200098,
                    2,
                    200102,
                    2,
                    200109,
                    77,
                    200187,
                    3,
                    200192,
                    1,
                    200196,
                    1,
                    200198,
                    2,
                    201057,
                    1,
                    201059,
                    6,
                    201066,
                    84,
                    201152,
                    1,
                    201154,
                    3,
                    201158,
                    2,
                    202016,
                    95,
                    202112,
                    8,
                    202976,
                    96,
                    203073,
                    4,
                    203078,
                    1,
                    203937,
                    3,
                    203941,
                    1,
                    203943,
                    93,
                    204037,
                    3,
                    204896,
                    2,
                    204899,
                    98,
                    204999,
                    1,
                    205855,
                    2,
                    205858,
                    102,
                    206816,
                    1,
                    206818,
                    100,
                    206919,
                    1,
                    207761,
                    2,
                    207770,
                    1,
                    207772,
                    110,
                    207883,
                    1,
                    207885,
                    2,
                    207889,
                    3,
                    208720,
                    2,
                    208725,
                    1,
                    208727,
                    2,
                    208731,
                    3,
                    208735,
                    108,
                    208844,
                    1,
                    208846,
                    1,
                    208849,
                    4,
                    209680,
                    1,
                    209689,
                    115,
                    209806,
                    1,
                    209808,
                    1,
                    209811,
                    1,
                    209814,
                    2,
                    210643,
                    1,
                    210648,
                    120,
                    210770,
                    3,
                    210774,
                    1,
                    211602,
                    2,
                    211607,
                    3,
                    211611,
                    117,
                    211731,
                    3,
                    212561,
                    2,
                    212566,
                    124,
                    212692,
                    1,
                    212694,
                    2,
                    213521,
                    1,
                    213525,
                    127,
                    213654,
                    2,
                    214481,
                    1,
                    214483,
                    3,
                    214487,
                    125,
                    214613,
                    1,
                    214615,
                    1,
                    215432,
                    3,
                    215439,
                    1,
                    215441,
                    131,
                    215574,
                    1,
                    215577,
                    1,
                    215579,
                    1,
                    215581,
                    1,
                    215583,
                    1,
                    216398,
                    2,
                    216403,
                    134,
                    216542,
                    1,
                    217360,
                    135,
                    217496,
                    2,
                    217501,
                    2,
                    218320,
                    137,
                    218458,
                    1,
                    218460,
                    1,
                    219272,
                    1,
                    219278,
                    138,
                    219417,
                    1,
                    219420,
                    1,
                    219423,
                    1,
                    220237,
                    145,
                    220383,
                    1,
                    221197,
                    1,
                    221200,
                    139,
                    221340,
                    1,
                    221342,
                    1,
                    222152,
                    5,
                    222158,
                    140,
                    222299,
                    1,
                    222303,
                    1,
                    223112,
                    149,
                    223264,
                    1,
                    223267,
                    2,
                    223271,
                    1,
                    224073,
                    4,
                    224078,
                    146,
                    224228,
                    2,
                    225034,
                    1,
                    225036,
                    149,
                    225186,
                    1,
                    225188,
                    1,
                    225190,
                    1,
                    225992,
                    151,
                    226146,
                    3,
                    226150,
                    1,
                    226944,
                    2,
                    226952,
                    2,
                    226956,
                    148,
                    227105,
                    1,
                    227107,
                    2,
                    227904,
                    2,
                    227913,
                    153,
                    228067,
                    3,
                    228071,
                    1,
                    228864,
                    1,
                    228873,
                    155,
                    229029,
                    1,
                    229031,
                    1,
                    229831,
                    156,
                    229988,
                    3,
                    230786,
                    4,
                    230791,
                    158,
                    230951,
                    1,
                    231746,
                    1,
                    231748,
                    2,
                    231751,
                    156,
                    231909,
                    3,
                    232704,
                    1,
                    232708,
                    164,
                    233664,
                    168,
                    234626,
                    1,
                    234629,
                    161,
                    234791,
                    1,
                    235584,
                    3,
                    235588,
                    163,
                    236545,
                    165,
                    236711,
                    1,
                    237504,
                    2,
                    237507,
                    165,
                    238466,
                    165,
                    238632,
                    3,
                    238639,
                    1,
                    239426,
                    168,
                    239596,
                    1,
                    240385,
                    171,
                    240557,
                    1,
                    241345,
                    168,
                    241514,
                    1,
                    241517,
                    1,
                    242304,
                    171,
                    242477,
                    1,
                    242479,
                    1,
                    243264,
                    170,
                    243436,
                    1,
                    243439,
                    1,
                    244224,
                    173,
                    244398,
                    1,
                    245184,
                    175,
                    246137,
                    1,
                    246140,
                    2,
                    246143,
                    174,
                    246319,
                    1,
                    247100,
                    2,
                    247103,
                    173,
                    247277,
                    1,
                    247279,
                    1,
                    248059,
                    2,
                    248063,
                    175,
                    248239,
                    1,
                    249017,
                    1,
                    249019,
                    1,
                    249024,
                    174,
                    249199,
                    1,
                    249977,
                    1,
                    249979,
                    1,
                    249982,
                    177,
                    250937,
                    1,
                    250939,
                    1,
                    250941,
                    178,
                    251897,
                    1,
                    251899,
                    1,
                    251901,
                    178,
                    252857,
                    1,
                    252859,
                    1,
                    252861,
                    179,
                    253818,
                    1,
                    253820,
                    180,
                    254002,
                    1,
                    254007,
                    1,
                    254777,
                    1,
                    254782,
                    178,
                    254962,
                    1,
                    254967,
                    1,
                    255737,
                    3,
                    255741,
                    180,
                    255923,
                    1,
                    255926,
                    1,
                    256697,
                    3,
                    256701,
                    180,
                    256883,
                    1,
                    256886,
                    1,
                    257657,
                    1,
                    257660,
                    182,
                    257843,
                    1,
                    257845,
                    2,
                    258618,
                    1,
                    258621,
                    181,
                    258805,
                    2,
                    259578,
                    183,
                    259764,
                    3,
                    260539,
                    182,
                    260724,
                    1,
                    260726,
                    1,
                    261497,
                    186,
                    262460,
                    183,
                    263420,
                    183,
                    263607,
                    1,
                    264377,
                    186,
                    264564,
                    1,
                    264566,
                    1,
                    265336,
                    187,
                    265524,
                    1,
                    265526,
                    1,
                    266296,
                    1,
                    266299,
                    184,
                    266484,
                    1,
                    266486,
                    1,
                    267256,
                    1,
                    267259,
                    188,
                    268216,
                    1,
                    268219,
                    188,
                    269168,
                    1,
                    269176,
                    1,
                    269180,
                    184,
                    269366,
                    1,
                    270128,
                    1,
                    270136,
                    1,
                    270138,
                    186,
                    271096,
                    1,
                    271098,
                    186,
                    272056,
                    1,
                    272058,
                    186,
                    272245,
                    2,
                    273016,
                    188,
                    273205,
                    1,
                    273978,
                    186,
                    274165,
                    1,
                    274937,
                    187,
                    275125,
                    2,
                    275897,
                    189,
                    276087,
                    1,
                    276856,
                    2,
                    276859,
                    188,
                    277819,
                    186,
                    278006,
                    1,
                    278778,
                    186,
                    278966,
                    1,
                    279737,
                    187,
                    279925,
                    1,
                    280698,
                    186,
                    280885,
                    1,
                    281659,
                    185,
                    281845,
                    1,
                    281847,
                    1,
                    282618,
                    1,
                    282620,
                    185,
                    282807,
                    1,
                    283578,
                    188,
                    283767,
                    1,
                    284536,
                    2,
                    284539,
                    1,
                    284541,
                    184,
                    285499,
                    185,
                    286459,
                    185,
                    287416,
                    1,
                    287418,
                    188,
                    288376,
                    1,
                    288378,
                    1,
                    288381,
                    185,
                    289338,
                    1,
                    289341,
                    183,
                    289525,
                    2,
                    290300,
                    3,
                    290304,
                    181,
                    290486,
                    1,
                    291256,
                    1,
                    291260,
                    3,
                    291265,
                    180,
                    291446,
                    1,
                    292217,
                    1,
                    292219,
                    1,
                    292221,
                    184,
                    292406,
                    1,
                    293177,
                    1,
                    293179,
                    1,
                    293181,
                    184,
                    293366,
                    1,
                    294136,
                    1,
                    294139,
                    1,
                    294142,
                    181,
                    294324,
                    1,
                    294326,
                    1,
                    295096,
                    1,
                    295099,
                    1,
                    295102,
                    2,
                    295105,
                    178,
                    295284,
                    1,
                    296056,
                    1,
                    296062,
                    2,
                    296065,
                    178,
                    296244,
                    1,
                    296247,
                    1,
                    297016,
                    1,
                    297018,
                    1,
                    297020,
                    183,
                    297207,
                    1,
                    297978,
                    1,
                    297980,
                    2,
                    297983,
                    181,
                    298165,
                    1,
                    298937,
                    186,
                    299124,
                    2,
                    299904,
                    1,
                    299906,
                    175,
                    300082,
                    1,
                    300085,
                    1,
                    300864,
                    179,
                    301045,
                    1,
                    301824,
                    1,
                    301826,
                    174,
                    302001,
                    2,
                    302004,
                    2,
                    302786,
                    176,
                    302964,
                    1,
                    303745,
                    1,
                    303747,
                    176,
                    303924,
                    1,
                    304705,
                    176,
                    304882,
                    2,
                    304886,
                    1,
                    305665,
                    4,
                    305670,
                    171,
                    305843,
                    1,
                    305846,
                    1,
                    306626,
                    175,
                    306802,
                    2,
                    306806,
                    1,
                    307587,
                    173,
                    308544,
                    1,
                    308547,
                    4,
                    308552,
                    165,
                    308718,
                    2,
                    309504,
                    2,
                    309507,
                    173,
                    310467,
                    173,
                    311427,
                    173,
                    312384,
                    1,
                    312388,
                    12,
                    312401,
                    157,
                    312559,
                    1,
                    313349,
                    169,
                    313519,
                    1,
                    314306,
                    2,
                    314309,
                    164,
                    314474,
                    4,
                    315267,
                    1,
                    315270,
                    168,
                    316224,
                    1,
                    316227,
                    1,
                    316230,
                    167,
                    316399,
                    1,
                    317184,
                    1,
                    317187,
                    1,
                    317191,
                    166,
                    317359,
                    1,
                    318144,
                    1,
                    318148,
                    1,
                    318151,
                    166,
                    319104,
                    1,
                    319108,
                    1,
                    319112,
                    165,
                    320068,
                    2,
                    320072,
                    163,
                    321026,
                    1,
                    321033,
                    11,
                    321045,
                    149,
                    321985,
                    3,
                    321992,
                    1,
                    321994,
                    160,
                    322955,
                    10,
                    322966,
                    146,
                    323915,
                    138,
                    324054,
                    4,
                    324059,
                    6,
                    324066,
                    6,
                    324872,
                    2,
                    324876,
                    148,
                    325025,
                    6,
                    325833,
                    2,
                    325837,
                    142,
                    325980,
                    11,
                    326794,
                    1,
                    326798,
                    14,
                    326814,
                    15,
                    326830,
                    120,
                    326951,
                    1,
                    327755,
                    1,
                    327758,
                    22,
                    327781,
                    9,
                    327792,
                    108,
                    327901,
                    9,
                    328712,
                    1,
                    328715,
                    2,
                    328719,
                    22,
                    328742,
                    2,
                    328747,
                    122,
                    329672,
                    1,
                    329675,
                    3,
                    329681,
                    20,
                    329702,
                    4,
                    329708,
                    4,
                    329713,
                    116,
                    329830,
                    1,
                    330641,
                    31,
                    330673,
                    116,
                    331601,
                    22,
                    331624,
                    124,
                    331749,
                    1,
                    332560,
                    1,
                    332563,
                    144,
                    332709,
                    2,
                    333520,
                    1,
                    333524,
                    29,
                    333554,
                    65,
                    333620,
                    21,
                    333642,
                    24,
                    333669,
                    2,
                    334485,
                    32,
                    334518,
                    106,
                    334625,
                    2,
                    334631,
                    1,
                    335442,
                    1,
                    335446,
                    29,
                    335476,
                    59,
                    335536,
                    3,
                    335542,
                    16,
                    335559,
                    25,
                    335586,
                    2,
                    335591,
                    1,
                    336402,
                    1,
                    336407,
                    28,
                    336436,
                    18,
                    336455,
                    42,
                    336503,
                    1,
                    336505,
                    38,
                    336546,
                    3,
                    337369,
                    24,
                    337394,
                    3,
                    337398,
                    21,
                    337420,
                    34,
                    337458,
                    3,
                    337463,
                    2,
                    337466,
                    36,
                    337504,
                    1,
                    337508,
                    3,
                    338329,
                    20,
                    338350,
                    7,
                    338361,
                    6,
                    338368,
                    45,
                    338414,
                    10,
                    338425,
                    36,
                    338463,
                    1,
                    339290,
                    32,
                    339323,
                    18,
                    339342,
                    29,
                    339373,
                    4,
                    339378,
                    1,
                    339381,
                    3,
                    339386,
                    1,
                    339388,
                    4,
                    339393,
                    28,
                    340251,
                    51,
                    340303,
                    27,
                    340333,
                    2,
                    340341,
                    4,
                    340347,
                    33,
                    341212,
                    51,
                    341264,
                    18,
                    341283,
                    5,
                    341294,
                    2,
                    341301,
                    4,
                    341307,
                    31,
                    342170,
                    1,
                    342174,
                    74,
                    342250,
                    3,
                    342255,
                    1,
                    342261,
                    2,
                    342265,
                    33,
                    343129,
                    2,
                    343135,
                    50,
                    343186,
                    25,
                    343212,
                    1,
                    343220,
                    1,
                    343224,
                    32,
                    343263,
                    1,
                    344096,
                    50,
                    344147,
                    24,
                    344173,
                    2,
                    344176,
                    1,
                    344179,
                    36,
                    345057,
                    50,
                    345108,
                    24,
                    345134,
                    1,
                    345136,
                    2,
                    345139,
                    34,
                    345176,
                    2,
                    345181,
                    1,
                    346018,
                    50,
                    346069,
                    1,
                    346071,
                    22,
                    346095,
                    1,
                    346098,
                    35,
                    346976,
                    2,
                    346979,
                    76,
                    347056,
                    36,
                    347936,
                    2,
                    347942,
                    108,
                    348903,
                    105,
                    349860,
                    2,
                    349865,
                    102,
                    349968,
                    4,
                    350816,
                    1,
                    350820,
                    3,
                    350827,
                    98,
                    351776,
                    2,
                    351782,
                    2,
                    351788,
                    95,
                    351887,
                    1,
                    352738,
                    2,
                    352745,
                    2,
                    352750,
                    92,
                    352845,
                    2,
                    353712,
                    88,
                    354673,
                    85,
                    355632,
                    2,
                    355637,
                    79,
                    355719,
                    1,
                    356592,
                    2,
                    356600,
                    72,
                    356677,
                    3,
                    357552,
                    1,
                    357555,
                    3,
                    357562,
                    68,
                    357634,
                    2,
                    358516,
                    2,
                    358525,
                    63,
                    358592,
                    2,
                    359472,
                    3,
                    359480,
                    2,
                    359483,
                    2,
                    359488,
                    56,
                    359550,
                    2,
                    359557,
                    3,
                    360443,
                    2,
                    360452,
                    49,
                    360515,
                    1,
                    361416,
                    40,
                    362377,
                    37,
                    363347,
                    17,
                    364296,
                    8,
                    364328,
                    8,
                    365272,
                    5,
                    365282,
                    8,
                    366229,
                    3,
                    367176,
                    2,
                    367192,
                    13,
                    367214,
                    2,
                    368142,
                    2,
                    368158,
                    2
                ]
            }
        }
    ]
}