{
    "image_id": 14,
    "file_name": "Wheat_002_001_001_001.jpg",
    "width": 960,
    "height": 540,
    "annotations": [
        {
            "id": 1,
            "category_id": 2111,
            "bbox": [
                360,
                192,
                575,
                375
            ],
            "bbox_mode": 0,
            "segmentation": {
                "size": [
                    540,
                    960
                ],
                "counts": [
                    184768,
                    2,
                    184774,
                    2,
                    184783,
                    1,
                    184788,
                    2,
                    184792,
                    1,
                    184798,
                    2,
                    184814,
                    1,
                    185728,
                    5,
                    185736,
                    6,
                    185755,
                    2,
                    185763,
                    5,
                    186702,
                    4,
                    186708,
                    4,
                    187661,
                    4,
                    187667,
                    2,
                    187671,
                    1,
                    187677,
                    3,
                    188608,
                    2,
                    188613,
                    6,
                    188627,
                    2,
                    188631,
                    3,
                    188645,
                    3,
                    188660,
                    3,
                    189582,
                    2,
                    189587,
                    2,
                    189591,
                    2,
                    189595,
                    5,
                    189620,
                    3,
                    190528,
                    5,
                    190536,
                    22,
                    190559,
                    5,
                    191488,
                    38,
                    192416,
                    5,
                    192422,
                    1,
                    192424,
                    1,
                    192426,
                    2,
                    192429,
                    2,
                    192434,
                    1,
                    192436,
                    1,
                    192438,
                    3,
                    192442,
                    3,
                    192446,
                    40,
                    192487,
                    8,
                    192503,
                    4,
                    192509,
                    3,
                    193376,
                    5,
                    193383,
                    2,
                    193392,
                    1,
                    193396,
                    4,
                    193401,
                    55,
                    193457,
                    2,
                    193462,
                    4,
                    193469,
                    1,
                    193471,
                    1,
                    193477,
                    3,
                    194336,
                    1,
                    194339,
                    1,
                    194342,
                    2,
                    194345,
                    4,
                    194351,
                    1,
                    194353,
                    67,
                    194421,
                    1,
                    194423,
                    7,
                    194431,
                    1,
                    194436,
                    2,
                    195297,
                    3,
                    195301,
                    3,
                    195307,
                    73,
                    195381,
                    5,
                    195389,
                    1,
                    195391,
                    1,
                    196260,
                    2,
                    196263,
                    3,
                    196267,
                    80,
                    196349,
                    2,
                    197219,
                    1,
                    197221,
                    1,
                    197223,
                    87,
                    197319,
                    1,
                    198178,
                    3,
                    198182,
                    92,
                    198278,
                    2,
                    199138,
                    1,
                    199141,
                    1,
                    199143,
                    92,
                    200081,
                    4,
                    200086,
                    1,
                    200089,
                    3,
                    200093,
                    2,
                    200097,
                    2,
                    200100,
                    94,
                    200195,
                    2,
                    200198,
                    3,
                    200203,
                    2,
                    200207,
                    1,
                    200210,
                    2,
                    201040,
                    1,
                    201042,
                    1,
                    201045,
                    3,
                    201049,
                    4,
                    201055,
                    104,
                    201160,
                    3,
                    201166,
                    1,
                    202002,
                    3,
                    202006,
                    9,
                    202016,
                    104,
                    202121,
                    2,
                    202127,
                    1,
                    202961,
                    2,
                    202964,
                    3,
                    202969,
                    1,
                    202971,
                    117,
                    203920,
                    1,
                    203924,
                    4,
                    203929,
                    115,
                    204045,
                    3,
                    204881,
                    3,
                    204885,
                    1,
                    204887,
                    118,
                    205006,
                    2,
                    205840,
                    1,
                    205845,
                    2,
                    205848,
                    119,
                    205968,
                    1,
                    206801,
                    127,
                    207753,
                    1,
                    207756,
                    2,
                    207760,
                    2,
                    207763,
                    128,
                    207893,
                    2,
                    207897,
                    1,
                    207899,
                    1,
                    207901,
                    1,
                    207903,
                    1,
                    208704,
                    2,
                    208712,
                    141,
                    208856,
                    1,
                    208858,
                    1,
                    208860,
                    2,
                    208863,
                    1,
                    209664,
                    2,
                    209673,
                    2,
                    209677,
                    3,
                    209681,
                    133,
                    209815,
                    5,
                    209823,
                    1,
                    210624,
                    2,
                    210634,
                    1,
                    210636,
                    1,
                    210638,
                    2,
                    210641,
                    134,
                    210777,
                    1,
                    210780,
                    1,
                    210782,
                    2,
                    211593,
                    2,
                    211596,
                    141,
                    211738,
                    1,
                    211740,
                    1,
                    211742,
                    1,
                    212552,
                    147,
                    212700,
                    3,
                    213512,
                    1,
                    213514,
                    147,
                    213662,
                    1,
                    214472,
                    147,
                    214620,
                    1,
                    214622,
                    2,
                    215425,
                    1,
                    215427,
                    1,
                    215429,
                    2,
                    215432,
                    152,
                    215587,
                    2,
                    215591,
                    1,
                    216384,
                    157,
                    216542,
                    3,
                    216549,
                    2,
                    217345,
                    157,
                    217503,
                    5,
                    217510,
                    1,
                    218305,
                    1,
                    218307,
                    159,
                    219267,
                    161,
                    219429,
                    1,
                    219431,
                    1,
                    220224,
                    164,
                    220389,
                    1,
                    220391,
                    1,
                    221185,
                    1,
                    221188,
                    162,
                    222145,
                    1,
                    222147,
                    164,
                    223096,
                    2,
                    223099,
                    1,
                    223101,
                    3,
                    223105,
                    169,
                    223276,
                    2,
                    224062,
                    1,
                    224064,
                    167,
                    224233,
                    1,
                    224238,
                    2,
                    225017,
                    4,
                    225023,
                    170,
                    225194,
                    2,
                    225976,
                    4,
                    225981,
                    172,
                    226155,
                    1,
                    226936,
                    177,
                    227114,
                    1,
                    227898,
                    177,
                    228857,
                    178,
                    229037,
                    2,
                    229818,
                    1,
                    229820,
                    176,
                    229997,
                    1,
                    229999,
                    1,
                    230768,
                    4,
                    230773,
                    1,
                    230776,
                    181,
                    231730,
                    1,
                    231732,
                    1,
                    231734,
                    1,
                    231737,
                    180,
                    231918,
                    1,
                    232689,
                    3,
                    232693,
                    1,
                    232695,
                    182,
                    232878,
                    1,
                    233649,
                    1,
                    233652,
                    2,
                    233656,
                    184,
                    234608,
                    2,
                    234616,
                    182,
                    234799,
                    1,
                    235570,
                    190,
                    236531,
                    188,
                    236723,
                    1,
                    237488,
                    1,
                    237491,
                    189,
                    237683,
                    2,
                    238448,
                    1,
                    238450,
                    191,
                    238642,
                    6,
                    239409,
                    1,
                    239411,
                    193,
                    239606,
                    1,
                    240368,
                    194,
                    240563,
                    1,
                    240565,
                    2,
                    241328,
                    1,
                    241330,
                    1,
                    241333,
                    190,
                    241524,
                    1,
                    242288,
                    2,
                    242291,
                    192,
                    242484,
                    4,
                    243249,
                    197,
                    243447,
                    1,
                    244208,
                    1,
                    244210,
                    195,
                    244406,
                    2,
                    244412,
                    1,
                    245169,
                    196,
                    245366,
                    1,
                    245372,
                    1,
                    246129,
                    196,
                    246326,
                    1,
                    246332,
                    2,
                    247088,
                    200,
                    247292,
                    2,
                    248048,
                    200,
                    248253,
                    1,
                    249008,
                    198,
                    249207,
                    1,
                    249212,
                    1,
                    249968,
                    199,
                    250928,
                    200,
                    251888,
                    200,
                    252848,
                    200,
                    253804,
                    1,
                    253806,
                    203,
                    254013,
                    1,
                    254766,
                    204,
                    254972,
                    2,
                    254975,
                    1,
                    255722,
                    1,
                    255725,
                    205,
                    255935,
                    1,
                    256682,
                    1,
                    256685,
                    204,
                    256892,
                    2,
                    257642,
                    1,
                    257645,
                    204,
                    257850,
                    1,
                    257852,
                    3,
                    258604,
                    1,
                    258606,
                    209,
                    259560,
                    2,
                    259563,
                    207,
                    259771,
                    3,
                    260520,
                    3,
                    260524,
                    205,
                    260730,
                    2,
                    260735,
                    1,
                    261481,
                    2,
                    261484,
                    208,
                    262444,
                    207,
                    263404,
                    207,
                    263612,
                    1,
                    264361,
                    1,
                    264363,
                    208,
                    264572,
                    1,
                    265321,
                    1,
                    265323,
                    208,
                    265532,
                    1,
                    266281,
                    1,
                    266283,
                    208,
                    266492,
                    1,
                    266494,
                    1,
                    267243,
                    207,
                    267451,
                    2,
                    268203,
                    207,
                    268411,
                    2,
                    268414,
                    1,
                    269162,
                    210,
                    269374,
                    1,
                    270124,
                    208,
                    270334,
                    1,
                    271084,
                    208,
                    271294,
                    1,
                    272042,
                    209,
                    272253,
                    2,
                    273002,
                    209,
                    273213,
                    2,
                    273960,
                    1,
                    273964,
                    207,
                    274172,
                    1,
                    274920,
                    1,
                    274924,
                    207,
                    275132,
                    1,
                    275882,
                    209,
                    276092,
                    1,
                    276840,
                    3,
                    276844,
                    207,
                    277052,
                    1,
                    277055,
                    1,
                    277800,
                    3,
                    277804,
                    207,
                    278012,
                    1,
                    278015,
                    1,
                    278760,
                    1,
                    278764,
                    207,
                    278972,
                    1,
                    278975,
                    1,
                    279721,
                    210,
                    279932,
                    1,
                    279935,
                    1,
                    280680,
                    210,
                    280894,
                    1,
                    281640,
                    1,
                    281642,
                    1,
                    281644,
                    207,
                    281854,
                    2,
                    282604,
                    207,
                    282812,
                    3,
                    283561,
                    209,
                    283772,
                    3,
                    284521,
                    1,
                    284524,
                    206,
                    284733,
                    1,
                    285481,
                    1,
                    285484,
                    206,
                    285693,
                    1,
                    286441,
                    2,
                    286444,
                    206,
                    286652,
                    2,
                    287400,
                    210,
                    287612,
                    2,
                    288360,
                    1,
                    288365,
                    204,
                    288570,
                    1,
                    288572,
                    2,
                    289321,
                    1,
                    289323,
                    206,
                    289530,
                    1,
                    289532,
                    1,
                    290281,
                    1,
                    290285,
                    204,
                    290490,
                    1,
                    290492,
                    1,
                    291240,
                    4,
                    291246,
                    203,
                    291450,
                    1,
                    291452,
                    1,
                    292201,
                    1,
                    292205,
                    204,
                    292410,
                    1,
                    292413,
                    2,
                    293161,
                    1,
                    293166,
                    203,
                    293370,
                    1,
                    293373,
                    2,
                    294121,
                    1,
                    294126,
                    203,
                    294330,
                    1,
                    294333,
                    2,
                    295081,
                    1,
                    295084,
                    1,
                    295086,
                    203,
                    295290,
                    1,
                    295293,
                    2,
                    296041,
                    1,
                    296044,
                    1,
                    296046,
                    3,
                    296050,
                    198,
                    296250,
                    1,
                    297001,
                    1,
                    297004,
                    1,
                    297007,
                    200,
                    297961,
                    1,
                    297964,
                    1,
                    297967,
                    199,
                    298167,
                    1,
                    298921,
                    1,
                    298924,
                    1,
                    298927,
                    202,
                    299888,
                    200,
                    300848,
                    199,
                    301809,
                    1,
                    301811,
                    195,
                    302768,
                    198,
                    302967,
                    1,
                    303729,
                    197,
                    303927,
                    1,
                    304688,
                    1,
                    304690,
                    4,
                    304695,
                    185,
                    304881,
                    5,
                    305648,
                    1,
                    305651,
                    194,
                    306609,
                    8,
                    306618,
                    180,
                    306799,
                    6,
                    306807,
                    1,
                    307568,
                    1,
                    307571,
                    193,
                    307766,
                    2,
                    308531,
                    9,
                    308542,
                    182,
                    308726,
                    1,
                    309489,
                    1,
                    309492,
                    9,
                    309508,
                    166,
                    309675,
                    9,
                    310452,
                    8,
                    310461,
                    1,
                    310463,
                    2,
                    310466,
                    1,
                    310469,
                    174,
                    311413,
                    8,
                    311424,
                    1,
                    311426,
                    177,
                    312373,
                    8,
                    312387,
                    175,
                    313331,
                    1,
                    313334,
                    8,
                    313346,
                    3,
                    313350,
                    172,
                    313524,
                    1,
                    314288,
                    1,
                    314291,
                    1,
                    314295,
                    8,
                    314306,
                    1,
                    314308,
                    173,
                    314483,
                    2,
                    315256,
                    10,
                    315270,
                    169,
                    316216,
                    7,
                    316227,
                    2,
                    316231,
                    168,
                    317177,
                    8,
                    317187,
                    3,
                    317192,
                    148,
                    317341,
                    17,
                    318136,
                    8,
                    318150,
                    148,
                    318299,
                    19,
                    319098,
                    7,
                    319111,
                    1,
                    319113,
                    164,
                    320056,
                    1,
                    320059,
                    6,
                    320066,
                    2,
                    320073,
                    140,
                    320214,
                    2,
                    320217,
                    19,
                    320238,
                    1,
                    321016,
                    1,
                    321020,
                    6,
                    321034,
                    162,
                    321976,
                    1,
                    321980,
                    10,
                    321993,
                    135,
                    322130,
                    3,
                    322134,
                    3,
                    322138,
                    18,
                    322159,
                    1,
                    322942,
                    145,
                    323088,
                    26,
                    323117,
                    2,
                    323899,
                    1,
                    323902,
                    141,
                    324045,
                    2,
                    324048,
                    11,
                    324060,
                    14,
                    324076,
                    2,
                    324859,
                    1,
                    324863,
                    138,
                    325002,
                    1,
                    325004,
                    2,
                    325007,
                    25,
                    325036,
                    1,
                    325816,
                    1,
                    325824,
                    24,
                    325849,
                    112,
                    325962,
                    2,
                    325966,
                    26,
                    326776,
                    2,
                    326781,
                    1,
                    326784,
                    27,
                    326812,
                    4,
                    326826,
                    97,
                    326928,
                    23,
                    326954,
                    1,
                    327736,
                    2,
                    327741,
                    2,
                    327745,
                    27,
                    327774,
                    1,
                    327786,
                    86,
                    327873,
                    3,
                    327879,
                    1,
                    327882,
                    14,
                    327898,
                    13,
                    327912,
                    3,
                    328697,
                    2,
                    328701,
                    2,
                    328706,
                    26,
                    328747,
                    82,
                    328832,
                    1,
                    328835,
                    9,
                    328846,
                    24,
                    329657,
                    2,
                    329664,
                    1,
                    329667,
                    33,
                    329704,
                    2,
                    329707,
                    77,
                    329789,
                    1,
                    329791,
                    5,
                    329799,
                    3,
                    329803,
                    3,
                    329807,
                    22,
                    329831,
                    1,
                    330627,
                    27,
                    330656,
                    3,
                    330663,
                    1,
                    330665,
                    1,
                    330668,
                    73,
                    330743,
                    1,
                    330751,
                    10,
                    330763,
                    3,
                    330767,
                    20,
                    330790,
                    2,
                    331588,
                    26,
                    331626,
                    1,
                    331628,
                    72,
                    331702,
                    2,
                    331711,
                    4,
                    331720,
                    2,
                    331724,
                    2,
                    331727,
                    1,
                    331729,
                    18,
                    332546,
                    1,
                    332549,
                    27,
                    332580,
                    1,
                    332589,
                    65,
                    332671,
                    5,
                    332677,
                    4,
                    332682,
                    4,
                    332687,
                    19,
                    332708,
                    2,
                    333505,
                    2,
                    333511,
                    25,
                    333541,
                    1,
                    333543,
                    1,
                    333547,
                    1,
                    333550,
                    63,
                    333631,
                    14,
                    333646,
                    18,
                    333668,
                    2,
                    334464,
                    3,
                    334472,
                    24,
                    334497,
                    2,
                    334504,
                    1,
                    334507,
                    1,
                    334510,
                    61,
                    334572,
                    3,
                    334576,
                    2,
                    334579,
                    2,
                    334583,
                    1,
                    334591,
                    1,
                    334596,
                    7,
                    334604,
                    19,
                    335424,
                    3,
                    335433,
                    24,
                    335458,
                    1,
                    335461,
                    2,
                    335464,
                    1,
                    335468,
                    2,
                    335471,
                    46,
                    335518,
                    16,
                    335536,
                    4,
                    335551,
                    1,
                    335555,
                    4,
                    335561,
                    20,
                    335584,
                    2,
                    335591,
                    1,
                    336384,
                    1,
                    336395,
                    23,
                    336421,
                    2,
                    336425,
                    1,
                    336432,
                    38,
                    336471,
                    24,
                    336500,
                    2,
                    336511,
                    4,
                    336517,
                    23,
                    336543,
                    3,
                    336551,
                    1,
                    337344,
                    1,
                    337352,
                    1,
                    337354,
                    1,
                    337356,
                    22,
                    337385,
                    2,
                    337388,
                    1,
                    337391,
                    62,
                    337454,
                    1,
                    337456,
                    2,
                    337460,
                    2,
                    337471,
                    3,
                    337475,
                    24,
                    337501,
                    2,
                    337511,
                    1,
                    338317,
                    24,
                    338342,
                    2,
                    338352,
                    61,
                    338416,
                    1,
                    338421,
                    3,
                    338426,
                    32,
                    338461,
                    2,
                    339274,
                    1,
                    339278,
                    95,
                    339374,
                    2,
                    339384,
                    2,
                    339388,
                    30,
                    339421,
                    2,
                    340234,
                    1,
                    340240,
                    94,
                    340339,
                    3,
                    340344,
                    31,
                    340376,
                    1,
                    340381,
                    1,
                    341194,
                    2,
                    341201,
                    93,
                    341296,
                    2,
                    341300,
                    35,
                    341341,
                    1,
                    342152,
                    3,
                    342158,
                    3,
                    342162,
                    92,
                    342257,
                    36,
                    342300,
                    1,
                    343112,
                    2,
                    343120,
                    1,
                    343124,
                    130,
                    343257,
                    3,
                    344072,
                    1,
                    344080,
                    2,
                    344085,
                    126,
                    344213,
                    2,
                    344218,
                    1,
                    345036,
                    4,
                    345042,
                    2,
                    345048,
                    122,
                    345174,
                    2,
                    345183,
                    1,
                    346009,
                    118,
                    346970,
                    118,
                    347933,
                    110,
                    348047,
                    1,
                    348894,
                    108,
                    349849,
                    3,
                    349856,
                    103,
                    349963,
                    2,
                    350808,
                    2,
                    350814,
                    2,
                    350818,
                    99,
                    351774,
                    2,
                    351780,
                    95,
                    351880,
                    2,
                    352736,
                    2,
                    352742,
                    90,
                    352837,
                    2,
                    352843,
                    3,
                    353706,
                    84,
                    354668,
                    80,
                    355624,
                    1,
                    355632,
                    73,
                    355710,
                    2,
                    356584,
                    2,
                    356591,
                    1,
                    356596,
                    66,
                    356664,
                    1,
                    356670,
                    2,
                    357552,
                    2,
                    357558,
                    61,
                    357622,
                    2,
                    358522,
                    53,
                    358583,
                    1,
                    359464,
                    6,
                    359472,
                    1,
                    359475,
                    4,
                    359488,
                    40,
                    359536,
                    4,
                    359548,
                    2,
                    360432,
                    2,
                    360459,
                    21,
                    360488,
                    2,
                    360495,
                    3,
                    360502,
                    2
                ]
            }
        }
    ]
}