{
    "image_id": 16,
    "file_name": "Wheat_002_001_001_003.jpg",
    "width": 960,
    "height": 540,
    "annotations": [
        {
            "id": 1,
            "category_id": 2113,
            "bbox": [
                387,
                192,
                572,
                383
            ],
            "bbox_mode": 0,
            "segmentation": {
                "size": [
                    540,
                    960
                ],
                "counts": [
                    184768,
                    1,
                    184770,
                    2,
                    184779,
                    2,
                    184783,
                    1,
                    184791,
                    3,
                    184796,
                    1,
                    184802,
                    2,
                    184805,
                    1,
                    184808,
                    1,
                    184816,
                    1,
                    184823,
                    1,
                    185728,
                    2,
                    185731,
                    2,
                    185734,
                    2,
                    185739,
                    3,
                    185745,
                    3,
                    185750,
                    1,
                    185760,
                    1,
                    185767,
                    1,
                    185771,
                    2,
                    185775,
                    1,
                    185778,
                    2,
                    185782,
                    2,
                    186691,
                    3,
                    186695,
                    3,
                    186709,
                    8,
                    186723,
                    3,
                    186728,
                    2,
                    186735,
                    2,
                    186739,
                    2,
                    186742,
                    2,
                    187651,
                    6,
                    187658,
                    4,
                    187672,
                    3,
                    187676,
                    9,
                    187687,
                    3,
                    187692,
                    6,
                    187699,
                    2,
                    187702,
                    2,
                    187718,
                    4,
                    188610,
                    2,
                    188613,
                    5,
                    188619,
                    1,
                    188621,
                    6,
                    188629,
                    24,
                    188656,
                    2,
                    188663,
                    1,
                    189574,
                    2,
                    189578,
                    39,
                    189618,
                    4,
                    189623,
                    1,
                    190528,
                    2,
                    190533,
                    52,
                    191489,
                    52,
                    191542,
                    2,
                    192435,
                    2,
                    192439,
                    3,
                    192443,
                    3,
                    192447,
                    61,
                    192509,
                    2,
                    192514,
                    1,
                    192519,
                    1,
                    193393,
                    2,
                    193396,
                    1,
                    193399,
                    5,
                    193405,
                    61,
                    193467,
                    6,
                    193474,
                    1,
                    193476,
                    1,
                    194358,
                    3,
                    194362,
                    66,
                    194429,
                    2,
                    194432,
                    3,
                    194436,
                    4,
                    195314,
                    2,
                    195321,
                    1,
                    195323,
                    70,
                    195394,
                    1,
                    195397,
                    3,
                    196272,
                    1,
                    196274,
                    1,
                    196276,
                    1,
                    196278,
                    78,
                    196357,
                    2,
                    197232,
                    86,
                    198192,
                    88,
                    199152,
                    2,
                    199155,
                    85,
                    200104,
                    2,
                    200108,
                    1,
                    200110,
                    94,
                    200205,
                    1,
                    200207,
                    3,
                    200214,
                    1,
                    201066,
                    2,
                    201069,
                    1,
                    201071,
                    93,
                    201167,
                    2,
                    202029,
                    96,
                    202128,
                    3,
                    202135,
                    1,
                    202985,
                    2,
                    202988,
                    102,
                    203942,
                    2,
                    203945,
                    101,
                    204047,
                    1,
                    204052,
                    2,
                    204901,
                    110,
                    205014,
                    1,
                    205860,
                    113,
                    205974,
                    2,
                    206820,
                    3,
                    206824,
                    109,
                    207768,
                    2,
                    207774,
                    4,
                    207781,
                    113,
                    207895,
                    1,
                    207897,
                    2,
                    208728,
                    4,
                    208736,
                    3,
                    208740,
                    117,
                    208859,
                    1,
                    208861,
                    3,
                    209688,
                    3,
                    209692,
                    1,
                    209694,
                    124,
                    209819,
                    1,
                    209822,
                    2,
                    210648,
                    1,
                    210653,
                    2,
                    210657,
                    125,
                    210783,
                    1,
                    211608,
                    1,
                    211611,
                    2,
                    211614,
                    126,
                    211741,
                    1,
                    211743,
                    1,
                    212571,
                    1,
                    212574,
                    125,
                    212700,
                    2,
                    213529,
                    1,
                    213531,
                    1,
                    213533,
                    2,
                    213536,
                    125,
                    214489,
                    132,
                    214622,
                    2,
                    215444,
                    1,
                    215448,
                    1,
                    215450,
                    3,
                    215454,
                    131,
                    215587,
                    4,
                    216408,
                    1,
                    216410,
                    1,
                    216413,
                    131,
                    216545,
                    1,
                    216547,
                    3,
                    216551,
                    1,
                    217369,
                    133,
                    217503,
                    2,
                    217506,
                    1,
                    217508,
                    3,
                    218328,
                    2,
                    218331,
                    136,
                    218468,
                    4,
                    219288,
                    1,
                    219291,
                    134,
                    219427,
                    5,
                    220248,
                    138,
                    220388,
                    1,
                    220391,
                    1,
                    220395,
                    2,
                    221209,
                    139,
                    221349,
                    2,
                    222168,
                    144,
                    223121,
                    1,
                    223123,
                    148,
                    224080,
                    2,
                    224084,
                    1,
                    224086,
                    143,
                    224231,
                    1,
                    225040,
                    2,
                    225044,
                    2,
                    225047,
                    142,
                    225190,
                    2,
                    226001,
                    1,
                    226005,
                    146,
                    226962,
                    1,
                    226964,
                    1,
                    226966,
                    145,
                    227920,
                    3,
                    227924,
                    148,
                    228880,
                    1,
                    228882,
                    1,
                    228884,
                    148,
                    229840,
                    151,
                    230792,
                    2,
                    230801,
                    152,
                    230954,
                    2,
                    230957,
                    3,
                    231752,
                    1,
                    231762,
                    152,
                    231915,
                    2,
                    231918,
                    2,
                    232721,
                    152,
                    232874,
                    6,
                    233680,
                    159,
                    234640,
                    156,
                    234797,
                    2,
                    235600,
                    156,
                    235757,
                    3,
                    236560,
                    160,
                    237518,
                    1,
                    237520,
                    157,
                    238473,
                    1,
                    238475,
                    163,
                    239435,
                    163,
                    240392,
                    1,
                    240395,
                    1,
                    240397,
                    163,
                    241354,
                    1,
                    241356,
                    163,
                    242307,
                    1,
                    242314,
                    1,
                    242316,
                    163,
                    243267,
                    1,
                    243274,
                    1,
                    243276,
                    164,
                    244234,
                    2,
                    244237,
                    163,
                    245192,
                    4,
                    245197,
                    162,
                    246153,
                    1,
                    246155,
                    169,
                    246325,
                    3,
                    247115,
                    166,
                    247284,
                    2,
                    247292,
                    1,
                    248074,
                    168,
                    248243,
                    2,
                    248246,
                    1,
                    249034,
                    1,
                    249036,
                    166,
                    249203,
                    3,
                    249207,
                    1,
                    249994,
                    167,
                    250162,
                    2,
                    250165,
                    2,
                    250953,
                    172,
                    251126,
                    1,
                    251913,
                    1,
                    251915,
                    169,
                    252872,
                    170,
                    253043,
                    3,
                    253833,
                    172,
                    254793,
                    171,
                    254965,
                    1,
                    254967,
                    1,
                    255754,
                    169,
                    255925,
                    1,
                    255927,
                    1,
                    256713,
                    173,
                    257672,
                    173,
                    257846,
                    1,
                    258632,
                    175,
                    259592,
                    173,
                    259766,
                    1,
                    260552,
                    173,
                    260726,
                    1,
                    261513,
                    173,
                    262473,
                    173,
                    263432,
                    175,
                    264392,
                    175,
                    265352,
                    173,
                    265526,
                    1,
                    266312,
                    173,
                    266486,
                    1,
                    267272,
                    175,
                    268233,
                    174,
                    269190,
                    1,
                    269192,
                    175,
                    270150,
                    1,
                    270152,
                    175,
                    271110,
                    2,
                    271113,
                    174,
                    272070,
                    177,
                    273030,
                    177,
                    273990,
                    177,
                    274950,
                    177,
                    275910,
                    177,
                    276870,
                    176,
                    277830,
                    1,
                    277832,
                    174,
                    278790,
                    177,
                    279750,
                    177,
                    280710,
                    177,
                    281670,
                    177,
                    282630,
                    1,
                    282632,
                    175,
                    283592,
                    174,
                    284553,
                    173,
                    285513,
                    173,
                    286472,
                    176,
                    287432,
                    176,
                    288393,
                    175,
                    289352,
                    174,
                    289527,
                    1,
                    290314,
                    1,
                    290316,
                    171,
                    291272,
                    1,
                    291274,
                    1,
                    291276,
                    171,
                    292233,
                    174,
                    293193,
                    174,
                    294153,
                    1,
                    294155,
                    170,
                    294326,
                    1,
                    295113,
                    1,
                    295115,
                    1,
                    295117,
                    169,
                    296075,
                    171,
                    297035,
                    171,
                    297992,
                    1,
                    297995,
                    170,
                    298166,
                    1,
                    298952,
                    1,
                    298954,
                    1,
                    298956,
                    1,
                    298958,
                    169,
                    299914,
                    1,
                    299916,
                    167,
                    300086,
                    1,
                    300872,
                    2,
                    300876,
                    167,
                    301046,
                    1,
                    301832,
                    2,
                    301836,
                    167,
                    302793,
                    1,
                    302796,
                    168,
                    303753,
                    1,
                    303756,
                    169,
                    304712,
                    3,
                    304717,
                    167,
                    305672,
                    1,
                    305674,
                    1,
                    305677,
                    164,
                    305843,
                    1,
                    306633,
                    2,
                    306637,
                    165,
                    306803,
                    1,
                    306806,
                    1,
                    307595,
                    1,
                    307598,
                    5,
                    307605,
                    157,
                    307764,
                    1,
                    307767,
                    1,
                    308552,
                    1,
                    308555,
                    1,
                    308558,
                    5,
                    308564,
                    158,
                    308724,
                    1,
                    308727,
                    1,
                    309512,
                    1,
                    309515,
                    1,
                    309519,
                    5,
                    309525,
                    1,
                    309527,
                    155,
                    309684,
                    1,
                    309687,
                    1,
                    310472,
                    1,
                    310476,
                    1,
                    310479,
                    5,
                    310486,
                    1,
                    310488,
                    153,
                    310644,
                    1,
                    311432,
                    1,
                    311436,
                    1,
                    311440,
                    5,
                    311447,
                    154,
                    311604,
                    1,
                    312396,
                    2,
                    312400,
                    6,
                    312408,
                    152,
                    313354,
                    1,
                    313361,
                    5,
                    313368,
                    152,
                    314313,
                    3,
                    314321,
                    6,
                    314328,
                    151,
                    315280,
                    7,
                    315289,
                    1,
                    315291,
                    148,
                    316242,
                    5,
                    316251,
                    142,
                    316394,
                    6,
                    317202,
                    5,
                    317208,
                    1,
                    317210,
                    1,
                    317212,
                    146,
                    317359,
                    1,
                    318162,
                    6,
                    318170,
                    148,
                    319121,
                    1,
                    319124,
                    4,
                    319129,
                    1,
                    319132,
                    145,
                    319278,
                    2,
                    320081,
                    1,
                    320084,
                    6,
                    320091,
                    145,
                    320238,
                    1,
                    321041,
                    2,
                    321044,
                    5,
                    321052,
                    8,
                    321061,
                    135,
                    321197,
                    1,
                    321199,
                    1,
                    322002,
                    1,
                    322005,
                    4,
                    322011,
                    10,
                    322022,
                    138,
                    322960,
                    3,
                    322965,
                    150,
                    323921,
                    2,
                    323926,
                    10,
                    323937,
                    132,
                    324070,
                    5,
                    324882,
                    2,
                    324887,
                    13,
                    324901,
                    128,
                    325030,
                    5,
                    325037,
                    1,
                    325842,
                    2,
                    325848,
                    146,
                    325997,
                    2,
                    326807,
                    1,
                    326809,
                    16,
                    326826,
                    113,
                    326940,
                    14,
                    326957,
                    2,
                    327760,
                    1,
                    327766,
                    2,
                    327769,
                    17,
                    327787,
                    125,
                    327917,
                    2,
                    328720,
                    1,
                    328726,
                    2,
                    328730,
                    17,
                    328748,
                    124,
                    329688,
                    1,
                    329691,
                    12,
                    329704,
                    4,
                    329709,
                    122,
                    330651,
                    10,
                    330662,
                    129,
                    331612,
                    124,
                    331737,
                    13,
                    332569,
                    1,
                    332573,
                    136,
                    333529,
                    2,
                    333533,
                    14,
                    333548,
                    120,
                    334490,
                    1,
                    334494,
                    16,
                    334512,
                    116,
                    334630,
                    1,
                    335450,
                    2,
                    335454,
                    133,
                    335589,
                    2,
                    336411,
                    2,
                    336415,
                    11,
                    336427,
                    99,
                    336527,
                    6,
                    336534,
                    12,
                    336548,
                    3,
                    337368,
                    1,
                    337371,
                    2,
                    337377,
                    20,
                    337398,
                    107,
                    337507,
                    2,
                    338338,
                    20,
                    338359,
                    105,
                    339299,
                    20,
                    339320,
                    104,
                    340256,
                    1,
                    340260,
                    97,
                    340358,
                    25,
                    341221,
                    38,
                    341260,
                    82,
                    342182,
                    119,
                    342303,
                    1,
                    343138,
                    2,
                    343143,
                    117,
                    344098,
                    1,
                    344104,
                    90,
                    344195,
                    24,
                    345056,
                    1,
                    345065,
                    23,
                    345089,
                    64,
                    345154,
                    24,
                    345180,
                    3,
                    346026,
                    110,
                    346987,
                    42,
                    347030,
                    40,
                    347071,
                    24,
                    347949,
                    105,
                    348905,
                    2,
                    348910,
                    103,
                    349015,
                    1,
                    349866,
                    2,
                    349872,
                    99,
                    349974,
                    2,
                    350829,
                    1,
                    350832,
                    1,
                    350834,
                    96,
                    350933,
                    1,
                    351784,
                    1,
                    351789,
                    3,
                    351794,
                    48,
                    351843,
                    45,
                    352752,
                    2,
                    352757,
                    48,
                    352806,
                    41,
                    352848,
                    2,
                    352855,
                    1,
                    353720,
                    85,
                    354680,
                    85,
                    354767,
                    1,
                    355641,
                    81,
                    356603,
                    78,
                    356685,
                    1,
                    356687,
                    1,
                    357565,
                    73,
                    357643,
                    2,
                    358521,
                    3,
                    358526,
                    70,
                    358601,
                    2,
                    358607,
                    1,
                    359482,
                    2,
                    359489,
                    65,
                    359558,
                    5,
                    359567,
                    1,
                    360440,
                    1,
                    360445,
                    1,
                    360448,
                    1,
                    360452,
                    59,
                    360515,
                    2,
                    361416,
                    52,
                    362378,
                    49,
                    363341,
                    42,
                    364296,
                    3,
                    364306,
                    34,
                    364346,
                    4,
                    365259,
                    3,
                    365274,
                    15,
                    365301,
                    11,
                    366222,
                    2,
                    366256,
                    4,
                    366270,
                    2,
                    367176,
                    2,
                    367184,
                    3,
                    367192,
                    5,
                    367208,
                    7,
                    367216,
                    1,
                    368139,
                    4,
                    368147,
                    5,
                    368158,
                    2,
                    368181,
                    8
                ]
            }
        }
    ]
}