{
    "image_id": 38,
    "file_name": "Wheat_004_001_001_001.jpg",
    "width": 960,
    "height": 540,
    "annotations": [
        {
            "id": 1,
            "category_id": 4111,
            "bbox": [
                368,
                180,
                575,
                391
            ],
            "bbox_mode": 0,
            "segmentation": {
                "size": [
                    540,
                    960
                ],
                "counts": [
                    173228,
                    4,
                    173281,
                    5,
                    174191,
                    2,
                    174240,
                    3,
                    174244,
                    1,
                    175198,
                    1,
                    176154,
                    6,
                    177059,
                    2,
                    177063,
                    1,
                    177065,
                    2,
                    177069,
                    3,
                    177082,
                    3,
                    177089,
                    9,
                    177109,
                    1,
                    177132,
                    2,
                    178016,
                    2,
                    178024,
                    3,
                    178028,
                    1,
                    178034,
                    3,
                    178039,
                    4,
                    178046,
                    13,
                    178060,
                    9,
                    178072,
                    3,
                    178081,
                    1,
                    178083,
                    4,
                    178088,
                    1,
                    178090,
                    1,
                    178095,
                    1,
                    178976,
                    1,
                    178980,
                    2,
                    178984,
                    2,
                    178987,
                    5,
                    178994,
                    5,
                    179000,
                    30,
                    179031,
                    1,
                    179034,
                    3,
                    179040,
                    3,
                    179050,
                    1,
                    179055,
                    1,
                    179938,
                    5,
                    179944,
                    4,
                    179950,
                    1,
                    179952,
                    44,
                    179997,
                    3,
                    180002,
                    4,
                    180897,
                    2,
                    180900,
                    1,
                    180904,
                    1,
                    180906,
                    53,
                    180960,
                    3,
                    180964,
                    1,
                    180967,
                    2,
                    180973,
                    1,
                    181857,
                    2,
                    181860,
                    1,
                    181862,
                    4,
                    181867,
                    59,
                    181927,
                    3,
                    181933,
                    2,
                    182817,
                    1,
                    182820,
                    3,
                    182824,
                    62,
                    182887,
                    1,
                    182890,
                    2,
                    182895,
                    1,
                    183778,
                    75,
                    184728,
                    4,
                    184736,
                    1,
                    184739,
                    78,
                    184818,
                    1,
                    184820,
                    1,
                    184822,
                    2,
                    184827,
                    2,
                    185688,
                    1,
                    185692,
                    2,
                    185695,
                    3,
                    185699,
                    79,
                    185780,
                    5,
                    185787,
                    1,
                    185791,
                    1,
                    186649,
                    2,
                    186652,
                    4,
                    186657,
                    83,
                    186741,
                    1,
                    186743,
                    2,
                    186746,
                    2,
                    186751,
                    2,
                    187608,
                    1,
                    187610,
                    1,
                    187612,
                    92,
                    187708,
                    2,
                    187713,
                    1,
                    188568,
                    1,
                    188570,
                    94,
                    188666,
                    2,
                    188669,
                    2,
                    188673,
                    4,
                    189528,
                    99,
                    189629,
                    1,
                    189632,
                    1,
                    190488,
                    101,
                    191447,
                    102,
                    192392,
                    3,
                    192397,
                    2,
                    192402,
                    2,
                    192405,
                    106,
                    192519,
                    1,
                    193361,
                    1,
                    193364,
                    109,
                    193475,
                    2,
                    194312,
                    1,
                    194316,
                    3,
                    194322,
                    111,
                    194437,
                    2,
                    195275,
                    2,
                    195280,
                    1,
                    195283,
                    113,
                    195397,
                    1,
                    195399,
                    1,
                    196232,
                    1,
                    196240,
                    119,
                    197197,
                    123,
                    198153,
                    1,
                    198156,
                    122,
                    198279,
                    1,
                    199113,
                    2,
                    199116,
                    123,
                    199240,
                    2,
                    200064,
                    1,
                    200066,
                    1,
                    200075,
                    129,
                    200205,
                    1,
                    200211,
                    3,
                    201029,
                    5,
                    201035,
                    127,
                    201163,
                    2,
                    201166,
                    1,
                    201174,
                    3,
                    201984,
                    1,
                    201988,
                    4,
                    201993,
                    132,
                    202126,
                    3,
                    202134,
                    2,
                    202944,
                    1,
                    202947,
                    2,
                    202952,
                    135,
                    203089,
                    3,
                    203093,
                    1,
                    203906,
                    2,
                    203911,
                    1,
                    203913,
                    134,
                    204053,
                    2,
                    204865,
                    2,
                    204869,
                    142,
                    205013,
                    1,
                    205825,
                    2,
                    205829,
                    139,
                    205969,
                    3,
                    205973,
                    1,
                    206785,
                    2,
                    206788,
                    146,
                    207745,
                    149,
                    207897,
                    1,
                    207901,
                    2,
                    208704,
                    1,
                    208708,
                    148,
                    208862,
                    2,
                    209664,
                    2,
                    209667,
                    149,
                    209818,
                    2,
                    209823,
                    1,
                    210624,
                    151,
                    210776,
                    1,
                    210779,
                    2,
                    211584,
                    1,
                    211586,
                    151,
                    211743,
                    1,
                    212545,
                    1,
                    212547,
                    152,
                    213504,
                    156,
                    214464,
                    156,
                    214622,
                    1,
                    215420,
                    1,
                    215422,
                    2,
                    215425,
                    156,
                    216380,
                    2,
                    216383,
                    158,
                    216542,
                    1,
                    217338,
                    1,
                    217341,
                    162,
                    218298,
                    1,
                    218301,
                    1,
                    218303,
                    158,
                    218462,
                    1,
                    219258,
                    1,
                    219261,
                    162,
                    220220,
                    1,
                    220222,
                    163,
                    221179,
                    166,
                    222137,
                    1,
                    222139,
                    167,
                    223097,
                    1,
                    223100,
                    165,
                    223266,
                    2,
                    223270,
                    2,
                    224057,
                    1,
                    224059,
                    1,
                    224061,
                    165,
                    224227,
                    1,
                    224229,
                    2,
                    225017,
                    1,
                    225019,
                    171,
                    225980,
                    169,
                    226150,
                    1,
                    226939,
                    170,
                    227110,
                    1,
                    227898,
                    174,
                    228856,
                    1,
                    228858,
                    172,
                    229031,
                    1,
                    229816,
                    1,
                    229818,
                    173,
                    230776,
                    176,
                    230953,
                    3,
                    230957,
                    2,
                    231728,
                    1,
                    231736,
                    177,
                    231915,
                    2,
                    232688,
                    2,
                    232696,
                    177,
                    232876,
                    1,
                    232879,
                    1,
                    233648,
                    2,
                    233654,
                    2,
                    233657,
                    178,
                    233836,
                    1,
                    233838,
                    2,
                    234614,
                    179,
                    234794,
                    1,
                    235576,
                    179,
                    235757,
                    2,
                    236536,
                    180,
                    236718,
                    1,
                    237494,
                    182,
                    237678,
                    1,
                    238453,
                    1,
                    238455,
                    182,
                    238639,
                    1,
                    239413,
                    1,
                    239415,
                    181,
                    239597,
                    2,
                    240370,
                    1,
                    240373,
                    1,
                    240375,
                    184,
                    241333,
                    1,
                    241335,
                    182,
                    242288,
                    1,
                    242293,
                    1,
                    242295,
                    184,
                    243248,
                    1,
                    243253,
                    185,
                    243439,
                    1,
                    244208,
                    1,
                    244213,
                    187,
                    245168,
                    1,
                    245174,
                    186,
                    246129,
                    1,
                    246132,
                    1,
                    246134,
                    185,
                    246320,
                    2,
                    247089,
                    1,
                    247092,
                    1,
                    247094,
                    188,
                    248049,
                    1,
                    248052,
                    1,
                    248054,
                    186,
                    248241,
                    1,
                    248244,
                    1,
                    249009,
                    1,
                    249012,
                    189,
                    249202,
                    1,
                    249204,
                    1,
                    249969,
                    1,
                    249972,
                    191,
                    250929,
                    1,
                    250933,
                    191,
                    251125,
                    1,
                    251889,
                    1,
                    251893,
                    190,
                    252085,
                    1,
                    252849,
                    1,
                    252853,
                    189,
                    253045,
                    1,
                    253812,
                    192,
                    254006,
                    1,
                    254770,
                    2,
                    254773,
                    192,
                    254966,
                    1,
                    255730,
                    193,
                    255924,
                    2,
                    256691,
                    2,
                    256694,
                    192,
                    257648,
                    1,
                    257652,
                    194,
                    257847,
                    1,
                    258612,
                    2,
                    258615,
                    191,
                    258807,
                    1,
                    259572,
                    2,
                    259575,
                    190,
                    259767,
                    1,
                    260529,
                    1,
                    260532,
                    2,
                    260535,
                    190,
                    261490,
                    1,
                    261493,
                    1,
                    261495,
                    193,
                    262450,
                    1,
                    262453,
                    1,
                    262455,
                    192,
                    263410,
                    1,
                    263413,
                    1,
                    263415,
                    193,
                    264370,
                    1,
                    264373,
                    1,
                    264375,
                    193,
                    265330,
                    4,
                    265335,
                    192,
                    266290,
                    2,
                    266293,
                    1,
                    266295,
                    192,
                    267250,
                    2,
                    267253,
                    195,
                    268210,
                    2,
                    268213,
                    196,
                    269170,
                    1,
                    269173,
                    194,
                    269368,
                    1,
                    270129,
                    1,
                    270133,
                    194,
                    270328,
                    1,
                    271089,
                    1,
                    271091,
                    1,
                    271093,
                    196,
                    272049,
                    1,
                    272051,
                    1,
                    272053,
                    196,
                    273009,
                    1,
                    273011,
                    1,
                    273013,
                    196,
                    273969,
                    1,
                    273971,
                    1,
                    273973,
                    196,
                    274929,
                    1,
                    274931,
                    1,
                    274933,
                    2,
                    274936,
                    193,
                    275893,
                    2,
                    275896,
                    192,
                    276848,
                    1,
                    276854,
                    3,
                    276858,
                    192,
                    277808,
                    1,
                    277811,
                    1,
                    277814,
                    4,
                    277819,
                    191,
                    278014,
                    1,
                    278768,
                    1,
                    278771,
                    2,
                    278774,
                    195,
                    278974,
                    1,
                    279731,
                    2,
                    279735,
                    5,
                    279741,
                    188,
                    279934,
                    1,
                    280691,
                    2,
                    280695,
                    6,
                    280702,
                    187,
                    281651,
                    2,
                    281656,
                    5,
                    281662,
                    2,
                    281665,
                    184,
                    281850,
                    1,
                    281854,
                    1,
                    282616,
                    5,
                    282622,
                    189,
                    282814,
                    1,
                    283576,
                    5,
                    283582,
                    189,
                    283774,
                    1,
                    284536,
                    11,
                    284548,
                    183,
                    284734,
                    1,
                    285496,
                    11,
                    285508,
                    183,
                    285694,
                    1,
                    286457,
                    5,
                    286463,
                    4,
                    286468,
                    182,
                    286651,
                    1,
                    286653,
                    1,
                    287417,
                    195,
                    287613,
                    1,
                    288377,
                    192,
                    288570,
                    2,
                    289337,
                    6,
                    289344,
                    185,
                    289530,
                    1,
                    290298,
                    5,
                    290304,
                    184,
                    290489,
                    2,
                    291258,
                    5,
                    291264,
                    184,
                    292217,
                    10,
                    292228,
                    179,
                    292415,
                    1,
                    293178,
                    6,
                    293185,
                    182,
                    293375,
                    1,
                    294139,
                    5,
                    294145,
                    5,
                    294151,
                    176,
                    294335,
                    1,
                    295099,
                    5,
                    295105,
                    2,
                    295108,
                    1,
                    295111,
                    176,
                    295295,
                    1,
                    296056,
                    2,
                    296059,
                    5,
                    296065,
                    5,
                    296071,
                    176,
                    296255,
                    1,
                    297016,
                    2,
                    297020,
                    5,
                    297026,
                    181,
                    297215,
                    1,
                    297977,
                    2,
                    297980,
                    8,
                    297989,
                    1,
                    297991,
                    176,
                    298175,
                    1,
                    298938,
                    1,
                    298941,
                    9,
                    298951,
                    176,
                    299135,
                    1,
                    299896,
                    1,
                    299902,
                    10,
                    299913,
                    174,
                    300856,
                    1,
                    300859,
                    1,
                    300862,
                    185,
                    301816,
                    1,
                    301819,
                    1,
                    301822,
                    13,
                    301840,
                    167,
                    302779,
                    1,
                    302782,
                    20,
                    302803,
                    164,
                    302973,
                    1,
                    303739,
                    1,
                    303743,
                    13,
                    303765,
                    162,
                    303935,
                    1,
                    304704,
                    12,
                    304723,
                    2,
                    304726,
                    161,
                    304888,
                    2,
                    305658,
                    1,
                    305664,
                    18,
                    305686,
                    161,
                    305848,
                    2,
                    306618,
                    1,
                    306625,
                    12,
                    306640,
                    1,
                    306644,
                    1,
                    306646,
                    161,
                    306808,
                    2,
                    307585,
                    12,
                    307599,
                    1,
                    307604,
                    1,
                    307606,
                    163,
                    308545,
                    12,
                    308560,
                    1,
                    308564,
                    1,
                    308567,
                    161,
                    309506,
                    12,
                    309520,
                    1,
                    309524,
                    1,
                    309528,
                    158,
                    309687,
                    1,
                    310464,
                    1,
                    310466,
                    13,
                    310480,
                    1,
                    310484,
                    2,
                    310488,
                    160,
                    311424,
                    1,
                    311427,
                    12,
                    311445,
                    1,
                    311448,
                    159,
                    312384,
                    1,
                    312387,
                    12,
                    312408,
                    159,
                    313345,
                    2,
                    313348,
                    12,
                    313369,
                    159,
                    314305,
                    3,
                    314309,
                    11,
                    314328,
                    160,
                    315268,
                    14,
                    315290,
                    157,
                    316229,
                    12,
                    316245,
                    3,
                    316250,
                    156,
                    317190,
                    12,
                    317207,
                    2,
                    317211,
                    155,
                    317367,
                    1,
                    318146,
                    1,
                    318151,
                    15,
                    318168,
                    1,
                    318171,
                    155,
                    318327,
                    1,
                    319105,
                    2,
                    319110,
                    20,
                    319131,
                    155,
                    320065,
                    2,
                    320069,
                    2,
                    320072,
                    20,
                    320093,
                    139,
                    320233,
                    4,
                    320238,
                    8,
                    321025,
                    2,
                    321029,
                    2,
                    321033,
                    23,
                    321058,
                    132,
                    321191,
                    3,
                    321196,
                    9,
                    321206,
                    1,
                    321985,
                    1,
                    321989,
                    2,
                    321993,
                    32,
                    322026,
                    123,
                    322150,
                    2,
                    322153,
                    11,
                    322166,
                    1,
                    322952,
                    1,
                    322954,
                    33,
                    322988,
                    1,
                    322991,
                    1,
                    323003,
                    106,
                    323110,
                    15,
                    323127,
                    1,
                    323915,
                    33,
                    323960,
                    1,
                    323963,
                    106,
                    324070,
                    14,
                    324873,
                    1,
                    324876,
                    33,
                    324910,
                    1,
                    324924,
                    99,
                    325024,
                    2,
                    325027,
                    2,
                    325030,
                    14,
                    325833,
                    1,
                    325836,
                    33,
                    325870,
                    1,
                    325884,
                    95,
                    325982,
                    7,
                    325990,
                    13,
                    326792,
                    1,
                    326795,
                    1,
                    326797,
                    32,
                    326845,
                    104,
                    326950,
                    13,
                    326965,
                    2,
                    327752,
                    1,
                    327754,
                    2,
                    327758,
                    32,
                    327805,
                    117,
                    327924,
                    4,
                    328714,
                    2,
                    328718,
                    33,
                    328766,
                    93,
                    328861,
                    7,
                    328869,
                    13,
                    328884,
                    1,
                    329673,
                    2,
                    329677,
                    2,
                    329680,
                    32,
                    329721,
                    1,
                    329726,
                    90,
                    329817,
                    11,
                    329829,
                    12,
                    329844,
                    1,
                    330641,
                    30,
                    330682,
                    1,
                    330685,
                    99,
                    330785,
                    3,
                    330789,
                    2,
                    330792,
                    8,
                    331601,
                    31,
                    331642,
                    1,
                    331646,
                    106,
                    331753,
                    7,
                    332562,
                    30,
                    332594,
                    2,
                    332606,
                    101,
                    332709,
                    10,
                    333523,
                    30,
                    333554,
                    2,
                    333559,
                    1,
                    333568,
                    96,
                    333665,
                    3,
                    333669,
                    10,
                    334484,
                    30,
                    334515,
                    1,
                    334519,
                    1,
                    334528,
                    96,
                    334625,
                    2,
                    334628,
                    10,
                    335442,
                    1,
                    335445,
                    29,
                    335489,
                    53,
                    335544,
                    8,
                    335554,
                    33,
                    335588,
                    10,
                    336401,
                    2,
                    336405,
                    30,
                    336436,
                    2,
                    336444,
                    2,
                    336449,
                    45,
                    336502,
                    43,
                    336546,
                    11,
                    337362,
                    2,
                    337366,
                    29,
                    337396,
                    2,
                    337404,
                    3,
                    337409,
                    31,
                    337444,
                    2,
                    337448,
                    6,
                    337456,
                    3,
                    337464,
                    53,
                    338328,
                    42,
                    338371,
                    8,
                    338380,
                    1,
                    338384,
                    1,
                    338387,
                    2,
                    338392,
                    14,
                    338408,
                    2,
                    338415,
                    46,
                    338462,
                    14,
                    338478,
                    1,
                    339288,
                    62,
                    339351,
                    15,
                    339368,
                    3,
                    339375,
                    43,
                    339419,
                    17,
                    339437,
                    2,
                    340249,
                    62,
                    340312,
                    14,
                    340330,
                    46,
                    340377,
                    18,
                    340397,
                    1,
                    341210,
                    61,
                    341272,
                    14,
                    341290,
                    14,
                    341305,
                    28,
                    341335,
                    19,
                    341356,
                    1,
                    341359,
                    1,
                    342171,
                    76,
                    342250,
                    10,
                    342265,
                    26,
                    342292,
                    22,
                    342315,
                    2,
                    342319,
                    1,
                    343129,
                    1,
                    343133,
                    69,
                    343203,
                    4,
                    343210,
                    10,
                    343225,
                    21,
                    343247,
                    25,
                    343275,
                    2,
                    343279,
                    1,
                    344089,
                    2,
                    344094,
                    68,
                    344164,
                    4,
                    344170,
                    12,
                    344185,
                    18,
                    344204,
                    28,
                    344235,
                    2,
                    345050,
                    1,
                    345056,
                    66,
                    345124,
                    4,
                    345130,
                    5,
                    345136,
                    8,
                    345145,
                    47,
                    345197,
                    1,
                    346017,
                    57,
                    346076,
                    13,
                    346090,
                    14,
                    346105,
                    10,
                    346116,
                    34,
                    346977,
                    58,
                    347036,
                    4,
                    347050,
                    3,
                    347060,
                    49,
                    347936,
                    1,
                    347939,
                    70,
                    348011,
                    12,
                    348024,
                    1,
                    348027,
                    41,
                    348896,
                    1,
                    348900,
                    56,
                    348957,
                    12,
                    348970,
                    6,
                    348980,
                    47,
                    349856,
                    1,
                    349861,
                    54,
                    349919,
                    1,
                    349928,
                    2,
                    349932,
                    54,
                    350817,
                    2,
                    350822,
                    124,
                    351784,
                    120,
                    352741,
                    1,
                    352745,
                    118,
                    353704,
                    1,
                    353707,
                    115,
                    354667,
                    115,
                    355626,
                    1,
                    355630,
                    110,
                    356585,
                    2,
                    356591,
                    108,
                    356702,
                    2,
                    357544,
                    3,
                    357551,
                    1,
                    357553,
                    105,
                    357660,
                    3,
                    358504,
                    2,
                    358508,
                    3,
                    358515,
                    100,
                    358620,
                    2,
                    359464,
                    1,
                    359468,
                    2,
                    359477,
                    97,
                    359575,
                    1,
                    359580,
                    2,
                    360427,
                    1,
                    360434,
                    2,
                    360439,
                    93,
                    360535,
                    1,
                    360541,
                    3,
                    361401,
                    90,
                    362362,
                    88,
                    362455,
                    1,
                    363325,
                    82,
                    363414,
                    2,
                    364286,
                    80,
                    364373,
                    3,
                    365241,
                    3,
                    365250,
                    73,
                    365331,
                    2,
                    366200,
                    2,
                    366206,
                    2,
                    366212,
                    70,
                    367166,
                    4,
                    367176,
                    62,
                    367244,
                    2,
                    368131,
                    3,
                    368136,
                    1,
                    368140,
                    55,
                    368199,
                    3,
                    369104,
                    48,
                    370066,
                    44,
                    371030,
                    34,
                    371984,
                    2,
                    371990,
                    2,
                    371996,
                    22,
                    372024,
                    8,
                    372981,
                    5,
                    373920,
                    8,
                    373939,
                    5,
                    375832,
                    2,
                    375840,
                    8
                ]
            }
        }
    ]
}