{
    "image_id": 55,
    "file_name": "Wheat_005_001_002_002.jpg",
    "width": 960,
    "height": 540,
    "annotations": [
        {
            "id": 1,
            "category_id": 5122,
            "bbox": [
                384,
                144,
                623,
                390
            ],
            "bbox_mode": 0,
            "segmentation": {
                "size": [
                    540,
                    960
                ],
                "counts": [
                    138712,
                    1,
                    139670,
                    2,
                    146398,
                    2,
                    146402,
                    3,
                    146411,
                    1,
                    146415,
                    1,
                    146419,
                    5,
                    146432,
                    2,
                    146437,
                    2,
                    146442,
                    2,
                    146447,
                    1,
                    146452,
                    3,
                    146456,
                    1,
                    146461,
                    1,
                    146463,
                    1,
                    147352,
                    2,
                    147356,
                    2,
                    147359,
                    3,
                    147366,
                    2,
                    147384,
                    8,
                    147408,
                    6,
                    147417,
                    5,
                    147423,
                    1,
                    148312,
                    2,
                    148315,
                    5,
                    148326,
                    4,
                    148333,
                    25,
                    148359,
                    1,
                    148361,
                    5,
                    148367,
                    1,
                    148370,
                    3,
                    148374,
                    4,
                    149272,
                    2,
                    149280,
                    1,
                    149283,
                    9,
                    149293,
                    33,
                    149328,
                    5,
                    149335,
                    1,
                    149337,
                    2,
                    149340,
                    2,
                    149343,
                    1,
                    150232,
                    1,
                    150234,
                    52,
                    150287,
                    3,
                    150291,
                    6,
                    150298,
                    1,
                    151190,
                    3,
                    151194,
                    58,
                    151253,
                    5,
                    151261,
                    2,
                    152150,
                    65,
                    152217,
                    2,
                    152222,
                    2,
                    153108,
                    73,
                    153183,
                    1,
                    154049,
                    3,
                    154056,
                    1,
                    154066,
                    78,
                    154147,
                    1,
                    154151,
                    2,
                    154155,
                    1,
                    155010,
                    1,
                    155013,
                    2,
                    155016,
                    2,
                    155019,
                    1,
                    155021,
                    2,
                    155024,
                    84,
                    155109,
                    1,
                    155115,
                    3,
                    155119,
                    1,
                    155968,
                    4,
                    155975,
                    2,
                    155978,
                    102,
                    156928,
                    4,
                    156933,
                    1,
                    156936,
                    101,
                    157038,
                    2,
                    157888,
                    2,
                    157891,
                    4,
                    157896,
                    1,
                    157898,
                    94,
                    157993,
                    4,
                    158848,
                    2,
                    158851,
                    1,
                    158853,
                    103,
                    158957,
                    3,
                    159811,
                    106,
                    159919,
                    1,
                    160769,
                    111,
                    161712,
                    1,
                    161714,
                    1,
                    161717,
                    2,
                    161723,
                    1,
                    161728,
                    114,
                    161844,
                    2,
                    161848,
                    1,
                    161851,
                    2,
                    162672,
                    2,
                    162681,
                    1,
                    162684,
                    1,
                    162687,
                    117,
                    162806,
                    2,
                    163632,
                    1,
                    163638,
                    5,
                    163645,
                    1,
                    163647,
                    118,
                    163766,
                    2,
                    163769,
                    3,
                    164595,
                    2,
                    164599,
                    1,
                    164601,
                    1,
                    164603,
                    121,
                    164725,
                    2,
                    164733,
                    2,
                    165554,
                    2,
                    165557,
                    1,
                    165561,
                    2,
                    165564,
                    122,
                    165687,
                    3,
                    165691,
                    2,
                    165694,
                    1,
                    166513,
                    2,
                    166518,
                    2,
                    166521,
                    131,
                    166653,
                    2,
                    167473,
                    2,
                    167477,
                    133,
                    167611,
                    4,
                    168433,
                    2,
                    168437,
                    135,
                    169384,
                    1,
                    169387,
                    6,
                    169395,
                    141,
                    169537,
                    1,
                    169541,
                    1,
                    169543,
                    1,
                    170345,
                    1,
                    170348,
                    1,
                    170350,
                    3,
                    170354,
                    144,
                    170500,
                    1,
                    170503,
                    1,
                    171309,
                    1,
                    171313,
                    1,
                    171315,
                    143,
                    171460,
                    2,
                    172264,
                    1,
                    172267,
                    2,
                    172271,
                    149,
                    172421,
                    2,
                    173226,
                    1,
                    173229,
                    149,
                    173379,
                    1,
                    173381,
                    3,
                    174185,
                    1,
                    174188,
                    154,
                    175144,
                    2,
                    175147,
                    1,
                    175149,
                    155,
                    176097,
                    1,
                    176106,
                    158,
                    177057,
                    1,
                    177059,
                    2,
                    177063,
                    1,
                    177065,
                    161,
                    177227,
                    5,
                    178017,
                    2,
                    178020,
                    2,
                    178023,
                    162,
                    178186,
                    3,
                    178190,
                    1,
                    178978,
                    2,
                    178982,
                    1,
                    178984,
                    163,
                    179148,
                    3,
                    179936,
                    2,
                    179939,
                    2,
                    179942,
                    165,
                    180108,
                    4,
                    180901,
                    167,
                    181069,
                    3,
                    181857,
                    2,
                    181860,
                    170,
                    182031,
                    1,
                    182817,
                    174,
                    183776,
                    2,
                    183779,
                    1,
                    183781,
                    170,
                    184729,
                    2,
                    184737,
                    175,
                    184913,
                    2,
                    184917,
                    1,
                    184919,
                    1,
                    185697,
                    176,
                    185875,
                    1,
                    185878,
                    1,
                    186652,
                    1,
                    186656,
                    1,
                    186658,
                    175,
                    186834,
                    1,
                    186836,
                    1,
                    186839,
                    1,
                    187615,
                    178,
                    187794,
                    3,
                    187798,
                    2,
                    188573,
                    183,
                    188759,
                    1,
                    189532,
                    2,
                    189535,
                    182,
                    189718,
                    2,
                    189726,
                    1,
                    190489,
                    1,
                    190492,
                    184,
                    190677,
                    2,
                    190686,
                    1,
                    191449,
                    1,
                    191452,
                    1,
                    191454,
                    182,
                    191637,
                    3,
                    192409,
                    2,
                    192413,
                    186,
                    192604,
                    1,
                    192606,
                    1,
                    193368,
                    2,
                    193371,
                    188,
                    193560,
                    1,
                    193562,
                    1,
                    193566,
                    1,
                    194328,
                    1,
                    194331,
                    189,
                    195289,
                    190,
                    195484,
                    2,
                    196248,
                    1,
                    196250,
                    192,
                    196444,
                    2,
                    197208,
                    196,
                    197405,
                    1,
                    197407,
                    1,
                    198161,
                    1,
                    198168,
                    196,
                    198365,
                    1,
                    198367,
                    1,
                    199125,
                    1,
                    199127,
                    196,
                    199324,
                    3,
                    200081,
                    3,
                    200086,
                    200,
                    201043,
                    1,
                    201045,
                    198,
                    201244,
                    1,
                    201246,
                    1,
                    202003,
                    203,
                    202207,
                    1,
                    202960,
                    1,
                    202962,
                    206,
                    203922,
                    1,
                    203924,
                    203,
                    204881,
                    1,
                    204883,
                    204,
                    205841,
                    1,
                    205843,
                    206,
                    206802,
                    206,
                    207752,
                    1,
                    207758,
                    1,
                    207761,
                    211,
                    207973,
                    1,
                    208715,
                    3,
                    208720,
                    209,
                    208930,
                    1,
                    208932,
                    2,
                    209675,
                    2,
                    209678,
                    1,
                    209680,
                    211,
                    209892,
                    1,
                    209895,
                    1,
                    210633,
                    1,
                    210636,
                    1,
                    210638,
                    2,
                    210641,
                    212,
                    210855,
                    1,
                    211593,
                    2,
                    211599,
                    210,
                    211811,
                    1,
                    211813,
                    1,
                    212554,
                    2,
                    212557,
                    2,
                    212560,
                    212,
                    212773,
                    1,
                    213512,
                    218,
                    213732,
                    1,
                    214472,
                    6,
                    214479,
                    212,
                    214692,
                    1,
                    214695,
                    1,
                    215433,
                    1,
                    215435,
                    3,
                    215439,
                    216,
                    216395,
                    1,
                    216398,
                    213,
                    216612,
                    1,
                    217352,
                    1,
                    217354,
                    2,
                    217357,
                    217,
                    218314,
                    1,
                    218316,
                    218,
                    219274,
                    1,
                    219276,
                    216,
                    219494,
                    1,
                    220236,
                    217,
                    220454,
                    1,
                    221194,
                    1,
                    221196,
                    219,
                    222152,
                    222,
                    223112,
                    1,
                    223114,
                    222,
                    224074,
                    223,
                    225032,
                    1,
                    225034,
                    223,
                    225993,
                    224,
                    226953,
                    224,
                    227913,
                    223,
                    228872,
                    1,
                    228874,
                    222,
                    229833,
                    223,
                    230786,
                    1,
                    230792,
                    226,
                    231021,
                    1,
                    231753,
                    225,
                    231981,
                    1,
                    232710,
                    228,
                    232939,
                    1,
                    232941,
                    1,
                    232943,
                    1,
                    233670,
                    230,
                    233903,
                    1,
                    234630,
                    230,
                    234863,
                    1,
                    235592,
                    227,
                    236544,
                    3,
                    236552,
                    227,
                    236782,
                    1,
                    237504,
                    3,
                    237508,
                    1,
                    237512,
                    227,
                    237740,
                    3,
                    238465,
                    1,
                    238469,
                    230,
                    238700,
                    3,
                    239425,
                    1,
                    239429,
                    230,
                    239660,
                    3,
                    240385,
                    1,
                    240389,
                    1,
                    240391,
                    228,
                    240620,
                    1,
                    240622,
                    1,
                    241345,
                    1,
                    241350,
                    229,
                    241580,
                    1,
                    241582,
                    1,
                    242310,
                    229,
                    242540,
                    1,
                    243270,
                    229,
                    243500,
                    2,
                    244225,
                    1,
                    244230,
                    229,
                    244461,
                    1,
                    245185,
                    1,
                    245190,
                    229,
                    245421,
                    2,
                    246144,
                    1,
                    246148,
                    1,
                    246150,
                    230,
                    246381,
                    1,
                    247104,
                    1,
                    247106,
                    1,
                    247108,
                    1,
                    247110,
                    230,
                    247341,
                    1,
                    248066,
                    1,
                    248068,
                    1,
                    248070,
                    230,
                    249026,
                    1,
                    249028,
                    1,
                    249030,
                    230,
                    249986,
                    1,
                    249988,
                    1,
                    249990,
                    230,
                    250946,
                    1,
                    250948,
                    1,
                    250950,
                    231,
                    251182,
                    1,
                    251906,
                    1,
                    251908,
                    1,
                    251910,
                    231,
                    252142,
                    1,
                    252864,
                    1,
                    252866,
                    1,
                    252868,
                    1,
                    252870,
                    231,
                    253102,
                    1,
                    253825,
                    1,
                    253828,
                    234,
                    254785,
                    1,
                    254788,
                    234,
                    255745,
                    1,
                    255748,
                    234,
                    256705,
                    1,
                    256708,
                    233,
                    257665,
                    1,
                    257668,
                    233,
                    258625,
                    1,
                    258628,
                    233,
                    259585,
                    1,
                    259588,
                    234,
                    259823,
                    1,
                    260545,
                    1,
                    260548,
                    234,
                    260783,
                    1,
                    261506,
                    1,
                    261510,
                    231,
                    261742,
                    1,
                    262464,
                    1,
                    262466,
                    1,
                    262468,
                    1,
                    262470,
                    231,
                    262702,
                    1,
                    263424,
                    1,
                    263426,
                    1,
                    263428,
                    235,
                    264384,
                    1,
                    264388,
                    232,
                    264621,
                    2,
                    265344,
                    1,
                    265348,
                    2,
                    265351,
                    229,
                    265581,
                    1,
                    266307,
                    1,
                    266309,
                    231,
                    267265,
                    1,
                    267267,
                    1,
                    267269,
                    231,
                    268225,
                    1,
                    268227,
                    232,
                    268460,
                    1,
                    269186,
                    2,
                    269189,
                    230,
                    269420,
                    1,
                    269422,
                    1,
                    270146,
                    2,
                    270149,
                    230,
                    270382,
                    1,
                    271106,
                    1,
                    271109,
                    232,
                    271342,
                    1,
                    272066,
                    1,
                    272069,
                    232,
                    273025,
                    2,
                    273030,
                    2,
                    273033,
                    225,
                    273259,
                    1,
                    273985,
                    2,
                    273988,
                    1,
                    273991,
                    1,
                    273993,
                    225,
                    274219,
                    1,
                    274945,
                    1,
                    274948,
                    2,
                    274951,
                    2,
                    274954,
                    226,
                    275182,
                    1,
                    275905,
                    1,
                    275907,
                    3,
                    275911,
                    2,
                    275914,
                    226,
                    276142,
                    1,
                    276870,
                    2,
                    276873,
                    2,
                    276876,
                    223,
                    277101,
                    3,
                    277830,
                    2,
                    277833,
                    2,
                    277836,
                    223,
                    278061,
                    3,
                    278790,
                    2,
                    278793,
                    2,
                    278797,
                    220,
                    279018,
                    1,
                    279021,
                    1,
                    279023,
                    1,
                    279750,
                    2,
                    279753,
                    2,
                    279757,
                    222,
                    279981,
                    1,
                    280711,
                    1,
                    280714,
                    2,
                    280717,
                    222,
                    281674,
                    225,
                    281902,
                    1,
                    282632,
                    1,
                    282634,
                    225,
                    282862,
                    1,
                    283586,
                    1,
                    283592,
                    1,
                    283594,
                    1,
                    283597,
                    219,
                    283817,
                    1,
                    283822,
                    1,
                    284552,
                    2,
                    284555,
                    1,
                    284558,
                    221,
                    285512,
                    2,
                    285515,
                    2,
                    285518,
                    221,
                    286473,
                    2,
                    286476,
                    222,
                    287433,
                    219,
                    287653,
                    2,
                    287656,
                    2,
                    288393,
                    3,
                    288397,
                    214,
                    288613,
                    5,
                    289353,
                    217,
                    289571,
                    1,
                    289573,
                    1,
                    289575,
                    3,
                    289581,
                    1,
                    290314,
                    3,
                    290318,
                    214,
                    290534,
                    3,
                    290541,
                    1,
                    291272,
                    1,
                    291274,
                    215,
                    291490,
                    1,
                    291493,
                    3,
                    291500,
                    2,
                    292234,
                    215,
                    292450,
                    5,
                    293192,
                    1,
                    293194,
                    4,
                    293199,
                    209,
                    293410,
                    2,
                    293413,
                    2,
                    294152,
                    1,
                    294155,
                    213,
                    294370,
                    2,
                    294373,
                    2,
                    295112,
                    1,
                    295115,
                    4,
                    295120,
                    208,
                    295329,
                    6,
                    296075,
                    220,
                    297033,
                    214,
                    297248,
                    6,
                    297993,
                    1,
                    297996,
                    211,
                    298208,
                    6,
                    298215,
                    1,
                    298952,
                    2,
                    298955,
                    211,
                    299167,
                    1,
                    299169,
                    7,
                    299912,
                    1,
                    299917,
                    7,
                    299925,
                    201,
                    300128,
                    5,
                    300134,
                    2,
                    300872,
                    1,
                    300877,
                    8,
                    300886,
                    200,
                    301088,
                    5,
                    301095,
                    1,
                    301837,
                    9,
                    301847,
                    199,
                    302047,
                    1,
                    302049,
                    4,
                    302055,
                    1,
                    302795,
                    1,
                    302798,
                    207,
                    303008,
                    5,
                    303015,
                    1,
                    303755,
                    1,
                    303758,
                    207,
                    303968,
                    5,
                    304715,
                    1,
                    304719,
                    206,
                    304927,
                    6,
                    305672,
                    1,
                    305675,
                    1,
                    305679,
                    206,
                    305886,
                    6,
                    306632,
                    1,
                    306639,
                    206,
                    306846,
                    4,
                    306851,
                    1,
                    306854,
                    1,
                    307601,
                    197,
                    307800,
                    10,
                    307812,
                    2,
                    308561,
                    196,
                    308758,
                    4,
                    308763,
                    7,
                    308772,
                    1,
                    309522,
                    194,
                    309717,
                    12,
                    310482,
                    14,
                    310497,
                    178,
                    310676,
                    12,
                    311443,
                    192,
                    311636,
                    12,
                    311650,
                    1,
                    312403,
                    190,
                    312594,
                    13,
                    312609,
                    2,
                    313361,
                    1,
                    313364,
                    188,
                    313554,
                    13,
                    313569,
                    1,
                    313574,
                    1,
                    314321,
                    2,
                    314324,
                    189,
                    314514,
                    12,
                    314533,
                    2,
                    315280,
                    1,
                    315284,
                    186,
                    315471,
                    1,
                    315473,
                    12,
                    315486,
                    2,
                    316241,
                    1,
                    316245,
                    185,
                    316431,
                    14,
                    317201,
                    2,
                    317204,
                    1,
                    317206,
                    21,
                    317228,
                    161,
                    317392,
                    12,
                    317406,
                    1,
                    318161,
                    2,
                    318164,
                    1,
                    318166,
                    23,
                    318190,
                    158,
                    318349,
                    15,
                    318365,
                    3,
                    319122,
                    1,
                    319126,
                    181,
                    319308,
                    1,
                    319310,
                    13,
                    319325,
                    1,
                    320084,
                    3,
                    320088,
                    172,
                    320262,
                    4,
                    320267,
                    15,
                    320284,
                    2,
                    321045,
                    1,
                    321048,
                    170,
                    321222,
                    3,
                    321226,
                    16,
                    321244,
                    1,
                    322007,
                    1,
                    322009,
                    168,
                    322179,
                    3,
                    322185,
                    2,
                    322188,
                    12,
                    322202,
                    1,
                    322968,
                    1,
                    322970,
                    167,
                    323139,
                    6,
                    323147,
                    13,
                    323930,
                    166,
                    324097,
                    3,
                    324101,
                    18,
                    324889,
                    1,
                    324892,
                    33,
                    324926,
                    133,
                    325060,
                    18,
                    325852,
                    32,
                    325891,
                    122,
                    326016,
                    2,
                    326019,
                    19,
                    326813,
                    32,
                    326847,
                    2,
                    326854,
                    114,
                    326969,
                    7,
                    326977,
                    20,
                    326998,
                    2,
                    327768,
                    1,
                    327771,
                    1,
                    327774,
                    32,
                    327807,
                    6,
                    327819,
                    108,
                    327929,
                    3,
                    327933,
                    23,
                    327958,
                    1,
                    328730,
                    2,
                    328734,
                    31,
                    328770,
                    8,
                    328784,
                    103,
                    328889,
                    2,
                    328895,
                    21,
                    329689,
                    2,
                    329693,
                    33,
                    329727,
                    4,
                    329734,
                    2,
                    329738,
                    4,
                    329747,
                    97,
                    329846,
                    2,
                    329849,
                    4,
                    329854,
                    20,
                    329876,
                    1,
                    329879,
                    1,
                    330657,
                    14,
                    330672,
                    14,
                    330687,
                    18,
                    330707,
                    93,
                    330801,
                    4,
                    330807,
                    1,
                    330809,
                    25,
                    330837,
                    1,
                    331617,
                    29,
                    331648,
                    17,
                    331667,
                    96,
                    331764,
                    1,
                    331767,
                    3,
                    331771,
                    23,
                    331797,
                    2,
                    332578,
                    29,
                    332608,
                    17,
                    332627,
                    89,
                    332717,
                    7,
                    332725,
                    2,
                    332728,
                    1,
                    332730,
                    23,
                    332757,
                    2,
                    333539,
                    28,
                    333568,
                    17,
                    333587,
                    97,
                    333685,
                    26,
                    333717,
                    1,
                    334499,
                    28,
                    334528,
                    18,
                    334547,
                    97,
                    334645,
                    26,
                    335460,
                    27,
                    335488,
                    18,
                    335507,
                    82,
                    335590,
                    15,
                    335606,
                    23,
                    335631,
                    1,
                    336418,
                    1,
                    336421,
                    46,
                    336468,
                    78,
                    336547,
                    12,
                    336560,
                    29,
                    336591,
                    1,
                    336594,
                    1,
                    337378,
                    1,
                    337382,
                    45,
                    337428,
                    120,
                    337554,
                    1,
                    337559,
                    1,
                    338344,
                    42,
                    338388,
                    119,
                    339304,
                    24,
                    339330,
                    5,
                    339336,
                    2,
                    339342,
                    5,
                    339348,
                    69,
                    339418,
                    49,
                    339469,
                    2,
                    340264,
                    28,
                    340294,
                    6,
                    340303,
                    1,
                    340305,
                    1,
                    340308,
                    64,
                    340373,
                    52,
                    340429,
                    1,
                    341226,
                    29,
                    341258,
                    5,
                    341268,
                    116,
                    342184,
                    1,
                    342187,
                    33,
                    342221,
                    6,
                    342229,
                    114,
                    342344,
                    1,
                    343145,
                    2,
                    343149,
                    35,
                    343188,
                    53,
                    343242,
                    60,
                    343303,
                    1,
                    343310,
                    2,
                    344106,
                    1,
                    344110,
                    39,
                    344150,
                    45,
                    344196,
                    64,
                    344263,
                    1,
                    344270,
                    2,
                    345069,
                    47,
                    345118,
                    26,
                    345145,
                    74,
                    345226,
                    2,
                    346032,
                    62,
                    346096,
                    80,
                    346992,
                    144,
                    347952,
                    1,
                    347955,
                    140,
                    348914,
                    139,
                    349874,
                    2,
                    349878,
                    134,
                    350013,
                    1,
                    350015,
                    1,
                    350832,
                    1,
                    350837,
                    134,
                    350973,
                    2,
                    351792,
                    1,
                    351796,
                    2,
                    351800,
                    130,
                    351933,
                    2,
                    352754,
                    2,
                    352760,
                    128,
                    353723,
                    124,
                    354680,
                    1,
                    354684,
                    123,
                    355640,
                    1,
                    355647,
                    116,
                    355767,
                    1,
                    356609,
                    113,
                    357571,
                    108,
                    357683,
                    2,
                    358528,
                    1,
                    358533,
                    104,
                    358640,
                    3,
                    359488,
                    2,
                    359495,
                    100,
                    359600,
                    3,
                    360445,
                    3,
                    360451,
                    3,
                    360456,
                    1,
                    360458,
                    94,
                    360556,
                    4,
                    360563,
                    3,
                    361420,
                    90,
                    362380,
                    88,
                    362471,
                    1,
                    363344,
                    83,
                    363428,
                    1,
                    363431,
                    1,
                    364306,
                    78,
                    365261,
                    5,
                    365268,
                    74,
                    365346,
                    4,
                    366223,
                    1,
                    366232,
                    68,
                    367187,
                    3,
                    367196,
                    57,
                    367262,
                    3,
                    367271,
                    1,
                    368139,
                    2,
                    368144,
                    3,
                    368150,
                    5,
                    368162,
                    46,
                    368213,
                    5,
                    368226,
                    5,
                    369128,
                    35,
                    370089,
                    7,
                    370120,
                    2,
                    370126,
                    2,
                    371056,
                    24,
                    371087,
                    1,
                    372968,
                    3,
                    373936,
                    24,
                    373964,
                    2,
                    374891,
                    5,
                    374925,
                    3
                ]
            }
        }
    ]
}