{
    "image_id": 21,
    "file_name": "Wheat_002_001_003_000.jpg",
    "width": 960,
    "height": 540,
    "annotations": [
        {
            "id": 1,
            "category_id": 2130,
            "bbox": [
                404,
                144,
                591,
                367
            ],
            "bbox_mode": 0,
            "segmentation": {
                "size": [
                    540,
                    960
                ],
                "counts": [
                    138691,
                    1,
                    138696,
                    1,
                    138698,
                    1,
                    138701,
                    1,
                    138703,
                    2,
                    138711,
                    2,
                    138721,
                    19,
                    138743,
                    2,
                    138748,
                    3,
                    138757,
                    2,
                    138762,
                    1,
                    138765,
                    2,
                    139656,
                    4,
                    139664,
                    2,
                    139667,
                    2,
                    139670,
                    6,
                    139677,
                    23,
                    139701,
                    3,
                    139706,
                    2,
                    139709,
                    1,
                    139711,
                    1,
                    139713,
                    3,
                    139719,
                    4,
                    139724,
                    2,
                    139727,
                    1,
                    140616,
                    2,
                    140619,
                    1,
                    140623,
                    2,
                    140629,
                    1,
                    140631,
                    2,
                    140635,
                    32,
                    140668,
                    3,
                    140677,
                    1,
                    140679,
                    1,
                    140681,
                    1,
                    140683,
                    3,
                    140687,
                    1,
                    141576,
                    2,
                    141579,
                    1,
                    141588,
                    5,
                    141594,
                    45,
                    141640,
                    2,
                    141644,
                    1,
                    142536,
                    2,
                    142540,
                    2,
                    142547,
                    52,
                    142600,
                    2,
                    142603,
                    1,
                    142607,
                    1,
                    143496,
                    4,
                    143503,
                    60,
                    143564,
                    2,
                    143582,
                    1,
                    144456,
                    1,
                    144458,
                    2,
                    144461,
                    62,
                    144525,
                    2,
                    145417,
                    68,
                    145486,
                    1,
                    145488,
                    1,
                    146367,
                    1,
                    146369,
                    4,
                    146374,
                    2,
                    146377,
                    72,
                    146451,
                    2,
                    146458,
                    1,
                    147328,
                    2,
                    147332,
                    1,
                    147335,
                    77,
                    147415,
                    1,
                    147418,
                    1,
                    148283,
                    2,
                    148288,
                    2,
                    148292,
                    77,
                    148370,
                    2,
                    148373,
                    3,
                    149249,
                    2,
                    149252,
                    81,
                    149335,
                    1,
                    150210,
                    82,
                    150293,
                    3,
                    151160,
                    2,
                    151168,
                    87,
                    151256,
                    2,
                    152120,
                    2,
                    152126,
                    94,
                    153085,
                    91,
                    153178,
                    2,
                    154033,
                    2,
                    154040,
                    2,
                    154043,
                    1,
                    154045,
                    94,
                    154140,
                    3,
                    154144,
                    1,
                    154148,
                    4,
                    154994,
                    1,
                    154998,
                    103,
                    155102,
                    3,
                    155106,
                    1,
                    155108,
                    1,
                    155110,
                    2,
                    155118,
                    1,
                    155954,
                    2,
                    155960,
                    1,
                    155962,
                    100,
                    156063,
                    2,
                    156066,
                    3,
                    156071,
                    1,
                    156912,
                    1,
                    156915,
                    1,
                    156920,
                    1,
                    156922,
                    103,
                    157026,
                    3,
                    157030,
                    2,
                    157872,
                    1,
                    157878,
                    2,
                    157881,
                    107,
                    158837,
                    108,
                    158946,
                    6,
                    159796,
                    2,
                    159800,
                    109,
                    160752,
                    1,
                    160754,
                    117,
                    161715,
                    1,
                    161717,
                    115,
                    161833,
                    4,
                    161838,
                    1,
                    162672,
                    3,
                    162676,
                    115,
                    162792,
                    7,
                    163632,
                    1,
                    163634,
                    117,
                    163752,
                    6,
                    163759,
                    1,
                    164591,
                    1,
                    164593,
                    119,
                    164714,
                    3,
                    164718,
                    1,
                    165550,
                    2,
                    165553,
                    121,
                    165675,
                    1,
                    165677,
                    1,
                    166509,
                    126,
                    166637,
                    1,
                    166639,
                    1,
                    167469,
                    2,
                    167472,
                    123,
                    167596,
                    3,
                    168429,
                    128,
                    168558,
                    2,
                    169387,
                    130,
                    169518,
                    2,
                    169522,
                    2,
                    170337,
                    1,
                    170345,
                    1,
                    170347,
                    129,
                    170477,
                    4,
                    170485,
                    2,
                    171306,
                    2,
                    171309,
                    128,
                    171438,
                    4,
                    171446,
                    1,
                    172264,
                    1,
                    172268,
                    131,
                    172400,
                    1,
                    172403,
                    2,
                    172407,
                    1,
                    173224,
                    1,
                    173228,
                    133,
                    173364,
                    1,
                    173366,
                    2,
                    174185,
                    137,
                    174323,
                    2,
                    174326,
                    2,
                    175144,
                    2,
                    175147,
                    136,
                    175285,
                    1,
                    176105,
                    138,
                    176245,
                    1,
                    177056,
                    2,
                    177059,
                    5,
                    177065,
                    143,
                    178021,
                    2,
                    178024,
                    144,
                    178978,
                    1,
                    178981,
                    3,
                    178985,
                    143,
                    179936,
                    2,
                    179941,
                    146,
                    180896,
                    2,
                    180900,
                    147,
                    181856,
                    1,
                    181859,
                    2,
                    181863,
                    144,
                    182817,
                    1,
                    182819,
                    149,
                    183780,
                    148,
                    184736,
                    156,
                    184893,
                    1,
                    185697,
                    2,
                    185701,
                    149,
                    185852,
                    1,
                    185854,
                    2,
                    186658,
                    155,
                    186814,
                    1,
                    187616,
                    1,
                    187619,
                    153,
                    187773,
                    2,
                    188578,
                    1,
                    188580,
                    150,
                    188731,
                    1,
                    188733,
                    1,
                    189538,
                    155,
                    189694,
                    2,
                    190497,
                    156,
                    190654,
                    2,
                    191456,
                    156,
                    191614,
                    1,
                    192408,
                    2,
                    192417,
                    156,
                    192574,
                    1,
                    193376,
                    158,
                    194332,
                    1,
                    194336,
                    160,
                    195288,
                    3,
                    195296,
                    159,
                    196248,
                    2,
                    196253,
                    165,
                    197213,
                    163,
                    197377,
                    2,
                    198176,
                    164,
                    199130,
                    2,
                    199134,
                    162,
                    199297,
                    3,
                    200088,
                    2,
                    200092,
                    1,
                    200094,
                    164,
                    200262,
                    2,
                    201044,
                    1,
                    201049,
                    1,
                    201054,
                    166,
                    202010,
                    1,
                    202013,
                    1,
                    202015,
                    164,
                    202970,
                    2,
                    202973,
                    167,
                    203141,
                    2,
                    203928,
                    1,
                    203930,
                    1,
                    203934,
                    165,
                    204101,
                    2,
                    204890,
                    1,
                    204894,
                    166,
                    205850,
                    1,
                    205852,
                    1,
                    205854,
                    167,
                    206023,
                    1,
                    206809,
                    173,
                    207770,
                    2,
                    207773,
                    169,
                    207943,
                    1,
                    208730,
                    1,
                    208733,
                    167,
                    208901,
                    3,
                    209688,
                    1,
                    209690,
                    1,
                    209693,
                    171,
                    210648,
                    1,
                    210650,
                    172,
                    210823,
                    1,
                    211609,
                    1,
                    211611,
                    170,
                    211782,
                    1,
                    212569,
                    174,
                    213529,
                    1,
                    213531,
                    172,
                    214490,
                    172,
                    214663,
                    1,
                    215448,
                    1,
                    215450,
                    174,
                    216408,
                    1,
                    216410,
                    174,
                    217368,
                    1,
                    217370,
                    173,
                    218328,
                    1,
                    218330,
                    175,
                    219288,
                    1,
                    219290,
                    174,
                    219465,
                    1,
                    220249,
                    178,
                    221211,
                    174,
                    222169,
                    1,
                    222171,
                    174,
                    222346,
                    1,
                    223130,
                    179,
                    224090,
                    175,
                    224266,
                    1,
                    224268,
                    1,
                    225050,
                    176,
                    225228,
                    3,
                    226010,
                    176,
                    226187,
                    1,
                    226190,
                    1,
                    226970,
                    176,
                    227147,
                    1,
                    227150,
                    1,
                    227929,
                    177,
                    228107,
                    1,
                    228110,
                    1,
                    228889,
                    178,
                    229070,
                    1,
                    229849,
                    178,
                    230030,
                    1,
                    230810,
                    176,
                    230987,
                    1,
                    231769,
                    179,
                    232729,
                    179,
                    233689,
                    179,
                    234649,
                    180,
                    235609,
                    180,
                    236570,
                    177,
                    236748,
                    1,
                    237530,
                    178,
                    238489,
                    182,
                    239449,
                    180,
                    239630,
                    1,
                    240409,
                    180,
                    240590,
                    1,
                    241369,
                    180,
                    241550,
                    1,
                    242329,
                    179,
                    243289,
                    179,
                    243469,
                    1,
                    244249,
                    179,
                    244429,
                    1,
                    245209,
                    181,
                    246168,
                    1,
                    246170,
                    178,
                    246350,
                    1,
                    247128,
                    1,
                    247130,
                    178,
                    247310,
                    1,
                    248088,
                    1,
                    248091,
                    178,
                    249048,
                    1,
                    249051,
                    178,
                    249231,
                    1,
                    250011,
                    178,
                    250191,
                    1,
                    250970,
                    1,
                    250972,
                    178,
                    251151,
                    1,
                    251930,
                    182,
                    252890,
                    182,
                    253849,
                    1,
                    253851,
                    179,
                    254809,
                    1,
                    254811,
                    1,
                    254813,
                    177,
                    255769,
                    1,
                    255771,
                    2,
                    255774,
                    177,
                    256728,
                    1,
                    256731,
                    178,
                    256910,
                    1,
                    257688,
                    1,
                    257691,
                    3,
                    257695,
                    174,
                    257871,
                    1,
                    258648,
                    1,
                    258652,
                    177,
                    258831,
                    1,
                    259610,
                    1,
                    259612,
                    178,
                    259791,
                    1,
                    260570,
                    1,
                    260572,
                    176,
                    260749,
                    1,
                    261530,
                    1,
                    261533,
                    176,
                    261711,
                    1,
                    262490,
                    1,
                    262493,
                    175,
                    262671,
                    1,
                    263450,
                    1,
                    263453,
                    175,
                    263629,
                    1,
                    264410,
                    1,
                    264413,
                    175,
                    264589,
                    1,
                    265373,
                    3,
                    265377,
                    171,
                    265549,
                    1,
                    266328,
                    1,
                    266333,
                    5,
                    266339,
                    169,
                    266511,
                    1,
                    267288,
                    1,
                    267294,
                    176,
                    267471,
                    1,
                    268248,
                    1,
                    268254,
                    176,
                    268431,
                    1,
                    269214,
                    175,
                    269391,
                    1,
                    270174,
                    3,
                    270178,
                    171,
                    271130,
                    1,
                    271134,
                    3,
                    271138,
                    1,
                    271140,
                    168,
                    271310,
                    1,
                    272090,
                    1,
                    272096,
                    3,
                    272100,
                    167,
                    272269,
                    2,
                    273056,
                    169,
                    273226,
                    1,
                    273228,
                    3,
                    274016,
                    172,
                    274189,
                    1,
                    274976,
                    172,
                    275149,
                    1,
                    275151,
                    1,
                    275933,
                    1,
                    275937,
                    3,
                    275941,
                    167,
                    276111,
                    1,
                    276896,
                    170,
                    277068,
                    1,
                    277857,
                    170,
                    278028,
                    1,
                    278030,
                    1,
                    278818,
                    169,
                    278988,
                    1,
                    278990,
                    1,
                    279776,
                    170,
                    279949,
                    2,
                    280737,
                    169,
                    280909,
                    2,
                    281698,
                    6,
                    281705,
                    163,
                    281869,
                    1,
                    282656,
                    1,
                    282658,
                    167,
                    282826,
                    2,
                    282829,
                    1,
                    282831,
                    1,
                    283616,
                    1,
                    283619,
                    171,
                    283791,
                    1,
                    284576,
                    1,
                    284579,
                    9,
                    284589,
                    158,
                    284751,
                    1,
                    285536,
                    1,
                    285539,
                    163,
                    285703,
                    3,
                    286497,
                    1,
                    286500,
                    166,
                    287457,
                    2,
                    287460,
                    166,
                    288417,
                    2,
                    288421,
                    11,
                    288433,
                    152,
                    289377,
                    2,
                    289381,
                    11,
                    289395,
                    141,
                    289538,
                    6,
                    290342,
                    11,
                    290354,
                    1,
                    290357,
                    2,
                    290360,
                    136,
                    290497,
                    6,
                    291296,
                    1,
                    291299,
                    1,
                    291302,
                    10,
                    291313,
                    2,
                    291320,
                    135,
                    291458,
                    6,
                    292256,
                    1,
                    292261,
                    12,
                    292275,
                    1,
                    292278,
                    1,
                    292281,
                    134,
                    292417,
                    2,
                    292420,
                    4,
                    293216,
                    1,
                    293222,
                    11,
                    293235,
                    1,
                    293238,
                    1,
                    293242,
                    133,
                    293379,
                    5,
                    294182,
                    12,
                    294198,
                    1,
                    294202,
                    133,
                    294339,
                    4,
                    295142,
                    12,
                    295157,
                    1,
                    295163,
                    130,
                    295294,
                    1,
                    295298,
                    4,
                    296103,
                    1,
                    296105,
                    10,
                    296117,
                    1,
                    296119,
                    1,
                    296122,
                    132,
                    296258,
                    4,
                    297065,
                    10,
                    297076,
                    1,
                    297079,
                    1,
                    297082,
                    134,
                    297217,
                    4,
                    298026,
                    9,
                    298036,
                    1,
                    298039,
                    1,
                    298043,
                    128,
                    298172,
                    9,
                    298182,
                    1,
                    298984,
                    1,
                    298986,
                    9,
                    298996,
                    1,
                    298998,
                    2,
                    299001,
                    1,
                    299003,
                    132,
                    299137,
                    3,
                    299142,
                    1,
                    299947,
                    9,
                    299960,
                    3,
                    299965,
                    131,
                    300097,
                    2,
                    300101,
                    1,
                    300103,
                    1,
                    300907,
                    9,
                    300918,
                    1,
                    300920,
                    2,
                    300925,
                    134,
                    301061,
                    1,
                    301063,
                    1,
                    301865,
                    1,
                    301868,
                    9,
                    301881,
                    1,
                    301885,
                    134,
                    302020,
                    1,
                    302023,
                    1,
                    302828,
                    10,
                    302840,
                    1,
                    302846,
                    133,
                    302980,
                    1,
                    302983,
                    1,
                    303787,
                    1,
                    303789,
                    10,
                    303806,
                    132,
                    303940,
                    1,
                    304744,
                    1,
                    304747,
                    1,
                    304749,
                    14,
                    304766,
                    132,
                    304899,
                    1,
                    304902,
                    1,
                    305704,
                    1,
                    305707,
                    1,
                    305710,
                    14,
                    305726,
                    131,
                    305859,
                    1,
                    305862,
                    1,
                    306664,
                    2,
                    306669,
                    2,
                    306672,
                    145,
                    306818,
                    2,
                    306822,
                    1,
                    307632,
                    130,
                    307763,
                    13,
                    308592,
                    17,
                    308610,
                    126,
                    309553,
                    22,
                    309576,
                    119,
                    310514,
                    27,
                    310542,
                    113,
                    311472,
                    1,
                    311475,
                    139,
                    312432,
                    1,
                    312435,
                    28,
                    312464,
                    81,
                    312546,
                    5,
                    312552,
                    21,
                    312575,
                    1,
                    313392,
                    1,
                    313396,
                    109,
                    313509,
                    24,
                    313535,
                    1,
                    314353,
                    1,
                    314355,
                    1,
                    314357,
                    107,
                    314466,
                    26,
                    314494,
                    1,
                    315312,
                    1,
                    315318,
                    106,
                    315426,
                    1,
                    315428,
                    24,
                    316275,
                    1,
                    316278,
                    27,
                    316306,
                    77,
                    316387,
                    25,
                    317235,
                    1,
                    317239,
                    104,
                    317347,
                    24,
                    317373,
                    2,
                    318196,
                    1,
                    318200,
                    26,
                    318227,
                    75,
                    318305,
                    1,
                    318307,
                    23,
                    318334,
                    1,
                    319152,
                    1,
                    319157,
                    2,
                    319161,
                    80,
                    319242,
                    19,
                    319266,
                    25,
                    319295,
                    1,
                    320112,
                    2,
                    320117,
                    2,
                    320121,
                    55,
                    320177,
                    23,
                    320201,
                    20,
                    320226,
                    22,
                    320250,
                    2,
                    320255,
                    1,
                    321073,
                    2,
                    321077,
                    2,
                    321082,
                    51,
                    321134,
                    7,
                    321142,
                    18,
                    321161,
                    19,
                    321185,
                    22,
                    321210,
                    2,
                    322033,
                    2,
                    322040,
                    1,
                    322043,
                    25,
                    322069,
                    21,
                    322091,
                    29,
                    322124,
                    15,
                    322145,
                    22,
                    322168,
                    2,
                    322172,
                    3,
                    323004,
                    59,
                    323064,
                    11,
                    323076,
                    2,
                    323080,
                    2,
                    323083,
                    2,
                    323087,
                    11,
                    323104,
                    21,
                    323964,
                    25,
                    323990,
                    5,
                    323997,
                    38,
                    324036,
                    1,
                    324040,
                    3,
                    324044,
                    5,
                    324050,
                    9,
                    324061,
                    24,
                    324920,
                    1,
                    324925,
                    68,
                    324994,
                    2,
                    324998,
                    5,
                    325005,
                    6,
                    325012,
                    5,
                    325022,
                    22,
                    325881,
                    1,
                    325886,
                    59,
                    325946,
                    6,
                    325953,
                    2,
                    325958,
                    5,
                    325964,
                    14,
                    325979,
                    3,
                    325984,
                    19,
                    326842,
                    2,
                    326848,
                    61,
                    326910,
                    1,
                    326918,
                    2,
                    326923,
                    40,
                    326966,
                    1,
                    327802,
                    2,
                    327809,
                    59,
                    327869,
                    3,
                    327877,
                    3,
                    327882,
                    40,
                    327925,
                    2,
                    328762,
                    2,
                    328770,
                    60,
                    328831,
                    3,
                    328836,
                    3,
                    328840,
                    41,
                    329728,
                    1,
                    329732,
                    59,
                    329792,
                    1,
                    329796,
                    2,
                    329800,
                    39,
                    330693,
                    59,
                    330757,
                    43,
                    331650,
                    1,
                    331654,
                    61,
                    331717,
                    41,
                    332610,
                    1,
                    332616,
                    101,
                    333570,
                    2,
                    333577,
                    99,
                    334528,
                    3,
                    334534,
                    2,
                    334538,
                    97,
                    335488,
                    2,
                    335496,
                    1,
                    335499,
                    95,
                    335597,
                    2,
                    336448,
                    1,
                    336456,
                    2,
                    336461,
                    91,
                    336556,
                    2,
                    337412,
                    4,
                    337417,
                    2,
                    337422,
                    89,
                    337514,
                    3,
                    338384,
                    85,
                    339345,
                    84,
                    339431,
                    1,
                    340304,
                    1,
                    340306,
                    81,
                    340389,
                    3,
                    341267,
                    79,
                    341348,
                    2,
                    342224,
                    2,
                    342229,
                    74,
                    342307,
                    3,
                    343193,
                    68,
                    343266,
                    1,
                    343271,
                    1,
                    344148,
                    1,
                    344154,
                    65,
                    344223,
                    3,
                    344231,
                    1,
                    345104,
                    2,
                    345112,
                    2,
                    345118,
                    58,
                    345182,
                    2,
                    346080,
                    54,
                    347042,
                    52,
                    348005,
                    45,
                    348055,
                    1,
                    348960,
                    2,
                    348968,
                    38,
                    349923,
                    3,
                    349931,
                    32,
                    349968,
                    2,
                    350886,
                    2,
                    350898,
                    19,
                    350926,
                    2,
                    351840,
                    2,
                    351848,
                    3,
                    351880,
                    3,
                    352803,
                    2,
                    352816,
                    3,
                    352824,
                    8,
                    352838,
                    2,
                    352843,
                    3,
                    352849,
                    4
                ]
            }
        }
    ]
}