{
    "image_id": 58,
    "file_name": "Wheat_005_001_003_001.jpg",
    "width": 960,
    "height": 540,
    "annotations": [
        {
            "id": 1,
            "category_id": 5131,
            "bbox": [
                376,
                132,
                623,
                383
            ],
            "bbox_mode": 0,
            "segmentation": {
                "size": [
                    540,
                    960
                ],
                "counts": [
                    127185,
                    4,
                    128146,
                    4,
                    131032,
                    1,
                    131037,
                    1,
                    131048,
                    5,
                    131058,
                    1,
                    131079,
                    1,
                    131095,
                    1,
                    131102,
                    2,
                    131987,
                    5,
                    131996,
                    2,
                    132007,
                    1,
                    132032,
                    1,
                    132035,
                    3,
                    132040,
                    5,
                    132050,
                    4,
                    132063,
                    1,
                    132944,
                    1,
                    132947,
                    1,
                    132962,
                    4,
                    132968,
                    8,
                    132977,
                    2,
                    132982,
                    2,
                    132992,
                    2,
                    132997,
                    3,
                    133006,
                    2,
                    133010,
                    3,
                    133908,
                    7,
                    133916,
                    6,
                    133925,
                    7,
                    133936,
                    7,
                    133944,
                    8,
                    133954,
                    10,
                    133968,
                    1,
                    133970,
                    6,
                    134866,
                    2,
                    134870,
                    1,
                    134879,
                    51,
                    135824,
                    2,
                    135828,
                    1,
                    135830,
                    8,
                    135839,
                    47,
                    135887,
                    9,
                    136788,
                    63,
                    136852,
                    5,
                    137745,
                    73,
                    138680,
                    2,
                    138688,
                    2,
                    138693,
                    2,
                    138696,
                    1,
                    138699,
                    1,
                    138703,
                    78,
                    138783,
                    1,
                    138786,
                    3,
                    138791,
                    1,
                    138793,
                    3,
                    138797,
                    1,
                    138799,
                    1,
                    139638,
                    3,
                    139648,
                    1,
                    139650,
                    2,
                    139658,
                    4,
                    139663,
                    77,
                    139741,
                    8,
                    139750,
                    1,
                    139752,
                    2,
                    139755,
                    3,
                    140608,
                    2,
                    140611,
                    1,
                    140613,
                    1,
                    140617,
                    88,
                    140706,
                    4,
                    140714,
                    2,
                    140718,
                    2,
                    141568,
                    1,
                    141570,
                    2,
                    141573,
                    92,
                    141666,
                    1,
                    141668,
                    1,
                    141670,
                    1,
                    141672,
                    4,
                    142528,
                    1,
                    142532,
                    99,
                    142632,
                    1,
                    142634,
                    4,
                    142639,
                    1,
                    143489,
                    2,
                    143492,
                    101,
                    143594,
                    5,
                    144447,
                    109,
                    145404,
                    1,
                    145406,
                    108,
                    145515,
                    2,
                    145518,
                    2,
                    146352,
                    1,
                    146356,
                    1,
                    146359,
                    1,
                    146361,
                    1,
                    146364,
                    2,
                    146367,
                    112,
                    146481,
                    4,
                    146487,
                    1,
                    146495,
                    1,
                    147316,
                    4,
                    147321,
                    3,
                    147325,
                    116,
                    147442,
                    2,
                    147448,
                    1,
                    147451,
                    1,
                    148273,
                    2,
                    148277,
                    3,
                    148281,
                    124,
                    148406,
                    2,
                    148410,
                    3,
                    149232,
                    1,
                    149235,
                    3,
                    149239,
                    127,
                    150193,
                    1,
                    150197,
                    130,
                    150328,
                    1,
                    150334,
                    1,
                    151153,
                    2,
                    151156,
                    135,
                    151293,
                    2,
                    152113,
                    134,
                    152248,
                    1,
                    152250,
                    2,
                    153073,
                    139,
                    153215,
                    1,
                    154026,
                    1,
                    154028,
                    1,
                    154030,
                    1,
                    154032,
                    140,
                    154174,
                    1,
                    154176,
                    1,
                    154178,
                    2,
                    154181,
                    1,
                    154183,
                    1,
                    154984,
                    2,
                    154987,
                    147,
                    155135,
                    3,
                    155139,
                    1,
                    155141,
                    3,
                    155944,
                    2,
                    155947,
                    1,
                    155949,
                    1,
                    155951,
                    145,
                    156102,
                    2,
                    156905,
                    1,
                    156908,
                    150,
                    157059,
                    3,
                    157063,
                    1,
                    157864,
                    153,
                    158020,
                    2,
                    158824,
                    155,
                    158980,
                    4,
                    159785,
                    153,
                    159939,
                    1,
                    159942,
                    2,
                    160743,
                    1,
                    160745,
                    156,
                    160902,
                    2,
                    161697,
                    2,
                    161701,
                    1,
                    161703,
                    157,
                    161861,
                    1,
                    161863,
                    2,
                    161868,
                    2,
                    162656,
                    2,
                    162659,
                    1,
                    162661,
                    162,
                    162824,
                    2,
                    162829,
                    1,
                    162831,
                    1,
                    163616,
                    169,
                    164576,
                    170,
                    164747,
                    1,
                    164749,
                    3,
                    165537,
                    168,
                    165706,
                    1,
                    165708,
                    1,
                    165710,
                    1,
                    166496,
                    172,
                    166669,
                    1,
                    166671,
                    1,
                    167455,
                    175,
                    167631,
                    1,
                    168415,
                    175,
                    169368,
                    1,
                    169370,
                    2,
                    169373,
                    178,
                    169553,
                    7,
                    170328,
                    4,
                    170333,
                    180,
                    170514,
                    2,
                    170518,
                    1,
                    171289,
                    1,
                    171292,
                    185,
                    171478,
                    1,
                    172248,
                    185,
                    172435,
                    1,
                    172438,
                    2,
                    173208,
                    3,
                    173212,
                    183,
                    173396,
                    1,
                    173399,
                    1,
                    174168,
                    187,
                    174357,
                    1,
                    175128,
                    186,
                    175315,
                    1,
                    175317,
                    2,
                    176087,
                    190,
                    176278,
                    1,
                    177040,
                    1,
                    177043,
                    1,
                    177045,
                    1,
                    177047,
                    191,
                    177239,
                    2,
                    177242,
                    1,
                    177245,
                    2,
                    178002,
                    2,
                    178005,
                    1,
                    178007,
                    196,
                    178206,
                    2,
                    178962,
                    1,
                    178965,
                    192,
                    179158,
                    3,
                    179167,
                    1,
                    179920,
                    2,
                    179924,
                    1,
                    179926,
                    192,
                    180119,
                    1,
                    180124,
                    1,
                    180881,
                    1,
                    180883,
                    198,
                    181084,
                    1,
                    181841,
                    1,
                    181843,
                    1,
                    181845,
                    197,
                    182045,
                    2,
                    182802,
                    1,
                    182804,
                    197,
                    183002,
                    1,
                    183005,
                    2,
                    183760,
                    204,
                    183965,
                    2,
                    184712,
                    2,
                    184715,
                    2,
                    184719,
                    204,
                    184924,
                    4,
                    185672,
                    1,
                    185677,
                    3,
                    185681,
                    201,
                    185883,
                    5,
                    186633,
                    1,
                    186637,
                    1,
                    186640,
                    204,
                    186845,
                    3,
                    187593,
                    1,
                    187596,
                    1,
                    187598,
                    1,
                    187600,
                    205,
                    187806,
                    1,
                    188555,
                    2,
                    188559,
                    209,
                    189512,
                    1,
                    189515,
                    1,
                    189518,
                    208,
                    190472,
                    2,
                    190475,
                    213,
                    191433,
                    5,
                    191439,
                    208,
                    192394,
                    2,
                    192397,
                    211,
                    192610,
                    2,
                    192614,
                    1,
                    193356,
                    213,
                    193571,
                    1,
                    194312,
                    1,
                    194316,
                    213,
                    194531,
                    2,
                    195275,
                    213,
                    195490,
                    1,
                    196235,
                    214,
                    196450,
                    1,
                    197193,
                    1,
                    197195,
                    216,
                    197413,
                    1,
                    198152,
                    219,
                    198372,
                    2,
                    198375,
                    1,
                    199113,
                    217,
                    199331,
                    5,
                    200065,
                    1,
                    200068,
                    2,
                    200072,
                    224,
                    201025,
                    1,
                    201028,
                    1,
                    201033,
                    219,
                    201254,
                    2,
                    201987,
                    2,
                    201991,
                    220,
                    202212,
                    1,
                    202214,
                    2,
                    202944,
                    1,
                    202947,
                    1,
                    202950,
                    226,
                    203904,
                    1,
                    203907,
                    1,
                    203910,
                    222,
                    204133,
                    3,
                    204864,
                    1,
                    204866,
                    227,
                    205094,
                    1,
                    205824,
                    1,
                    205826,
                    227,
                    206054,
                    1,
                    206786,
                    4,
                    206791,
                    224,
                    207745,
                    1,
                    207748,
                    228,
                    208709,
                    228,
                    209669,
                    228,
                    210629,
                    227,
                    211587,
                    229,
                    212547,
                    229,
                    213506,
                    1,
                    213508,
                    228,
                    214464,
                    3,
                    214468,
                    229,
                    215426,
                    231,
                    215659,
                    1,
                    215661,
                    3,
                    216385,
                    233,
                    216619,
                    1,
                    216621,
                    1,
                    217344,
                    2,
                    217347,
                    231,
                    218304,
                    234,
                    218540,
                    1,
                    219264,
                    235,
                    219500,
                    1,
                    220224,
                    1,
                    220226,
                    233,
                    220460,
                    1,
                    221184,
                    1,
                    221186,
                    233,
                    221421,
                    1,
                    222144,
                    235,
                    222381,
                    1,
                    223105,
                    234,
                    223340,
                    1,
                    224065,
                    236,
                    224303,
                    1,
                    225024,
                    236,
                    225261,
                    1,
                    225263,
                    1,
                    225984,
                    236,
                    226221,
                    3,
                    226944,
                    236,
                    227181,
                    3,
                    227905,
                    234,
                    228141,
                    1,
                    228865,
                    234,
                    229101,
                    2,
                    229825,
                    235,
                    230062,
                    1,
                    230782,
                    239,
                    231022,
                    1,
                    231742,
                    239,
                    231982,
                    1,
                    232703,
                    238,
                    232942,
                    1,
                    233664,
                    236,
                    233902,
                    1,
                    234624,
                    238,
                    235584,
                    238,
                    236544,
                    238,
                    237504,
                    238,
                    238459,
                    1,
                    238462,
                    240,
                    239419,
                    1,
                    239422,
                    240,
                    240379,
                    1,
                    240382,
                    239,
                    241337,
                    1,
                    241339,
                    1,
                    241342,
                    240,
                    242297,
                    1,
                    242299,
                    1,
                    242303,
                    240,
                    243257,
                    1,
                    243259,
                    1,
                    243263,
                    240,
                    244217,
                    1,
                    244223,
                    240,
                    245177,
                    1,
                    245181,
                    1,
                    245183,
                    240,
                    246137,
                    1,
                    246139,
                    1,
                    246141,
                    240,
                    246383,
                    1,
                    247097,
                    1,
                    247099,
                    1,
                    247101,
                    1,
                    247103,
                    238,
                    247343,
                    1,
                    248056,
                    1,
                    248059,
                    1,
                    248063,
                    238,
                    248303,
                    1,
                    249016,
                    1,
                    249019,
                    1,
                    249022,
                    239,
                    249263,
                    1,
                    249976,
                    1,
                    249979,
                    1,
                    249983,
                    239,
                    250223,
                    1,
                    250936,
                    1,
                    250939,
                    1,
                    250943,
                    239,
                    251896,
                    1,
                    251899,
                    1,
                    251902,
                    240,
                    252859,
                    1,
                    252861,
                    241,
                    253819,
                    1,
                    253822,
                    240,
                    254063,
                    1,
                    254779,
                    1,
                    254782,
                    240,
                    255023,
                    1,
                    255739,
                    1,
                    255742,
                    240,
                    256699,
                    1,
                    256702,
                    240,
                    257662,
                    238,
                    257901,
                    1,
                    258622,
                    238,
                    258861,
                    1,
                    259583,
                    237,
                    260543,
                    236,
                    260780,
                    1,
                    261504,
                    236,
                    261742,
                    1,
                    262464,
                    236,
                    262702,
                    1,
                    263424,
                    234,
                    263659,
                    1,
                    263663,
                    1,
                    264384,
                    235,
                    264623,
                    1,
                    265344,
                    3,
                    265348,
                    229,
                    265578,
                    1,
                    265581,
                    1,
                    266304,
                    233,
                    266539,
                    1,
                    266541,
                    1,
                    267264,
                    4,
                    267269,
                    227,
                    267497,
                    1,
                    267499,
                    1,
                    268224,
                    3,
                    268228,
                    230,
                    268459,
                    1,
                    269184,
                    4,
                    269190,
                    226,
                    270145,
                    3,
                    270149,
                    1,
                    270151,
                    224,
                    270380,
                    1,
                    271105,
                    3,
                    271110,
                    225,
                    271340,
                    1,
                    272065,
                    3,
                    272070,
                    1,
                    272072,
                    222,
                    272296,
                    1,
                    273024,
                    4,
                    273030,
                    1,
                    273033,
                    221,
                    273255,
                    2,
                    273986,
                    2,
                    273989,
                    2,
                    273992,
                    222,
                    274215,
                    2,
                    274218,
                    1,
                    274946,
                    2,
                    274950,
                    1,
                    274952,
                    1,
                    274954,
                    220,
                    275175,
                    1,
                    275177,
                    3,
                    275906,
                    2,
                    275913,
                    1,
                    275915,
                    220,
                    276137,
                    3,
                    276866,
                    3,
                    276871,
                    2,
                    276874,
                    221,
                    277096,
                    2,
                    277100,
                    2,
                    277826,
                    3,
                    277831,
                    1,
                    277833,
                    1,
                    277835,
                    220,
                    278056,
                    2,
                    278060,
                    1,
                    278787,
                    2,
                    278793,
                    221,
                    279015,
                    3,
                    279023,
                    1,
                    279748,
                    1,
                    279753,
                    1,
                    279755,
                    223,
                    279983,
                    1,
                    280715,
                    223,
                    280940,
                    1,
                    281669,
                    1,
                    281676,
                    217,
                    281894,
                    2,
                    281899,
                    2,
                    282625,
                    2,
                    282628,
                    3,
                    282634,
                    1,
                    282636,
                    220,
                    282859,
                    2,
                    283585,
                    6,
                    283593,
                    1,
                    283595,
                    222,
                    283819,
                    2,
                    284546,
                    2,
                    284549,
                    3,
                    284555,
                    217,
                    284773,
                    3,
                    285504,
                    1,
                    285506,
                    2,
                    285509,
                    3,
                    285516,
                    215,
                    285732,
                    4,
                    286464,
                    1,
                    286469,
                    4,
                    286476,
                    219,
                    287424,
                    1,
                    287430,
                    3,
                    287436,
                    213,
                    287650,
                    5,
                    288387,
                    1,
                    288390,
                    4,
                    288396,
                    219,
                    289345,
                    1,
                    289348,
                    1,
                    289351,
                    4,
                    289356,
                    218,
                    290305,
                    1,
                    290308,
                    1,
                    290311,
                    223,
                    291265,
                    1,
                    291267,
                    1,
                    291271,
                    222,
                    292232,
                    4,
                    292237,
                    216,
                    292454,
                    2,
                    293192,
                    221,
                    293414,
                    2,
                    294152,
                    5,
                    294158,
                    214,
                    294374,
                    1,
                    295112,
                    220,
                    295334,
                    1,
                    296072,
                    209,
                    296282,
                    9,
                    297033,
                    217,
                    297993,
                    9,
                    298003,
                    196,
                    298200,
                    10,
                    298952,
                    1,
                    298955,
                    202,
                    299158,
                    2,
                    299161,
                    9,
                    299172,
                    1,
                    299175,
                    1,
                    299912,
                    1,
                    299915,
                    9,
                    299925,
                    190,
                    300120,
                    8,
                    300875,
                    199,
                    301075,
                    2,
                    301080,
                    8,
                    301833,
                    2,
                    301836,
                    10,
                    301847,
                    186,
                    302034,
                    3,
                    302040,
                    8,
                    302793,
                    2,
                    302797,
                    194,
                    302993,
                    3,
                    302999,
                    8,
                    303752,
                    1,
                    303755,
                    195,
                    303951,
                    5,
                    303957,
                    10,
                    304712,
                    1,
                    304715,
                    2,
                    304718,
                    197,
                    304918,
                    9,
                    305672,
                    1,
                    305675,
                    1,
                    305679,
                    12,
                    305692,
                    175,
                    305868,
                    3,
                    305873,
                    1,
                    305877,
                    9,
                    305887,
                    1,
                    306634,
                    1,
                    306640,
                    187,
                    306828,
                    1,
                    306831,
                    14,
                    306847,
                    1,
                    307600,
                    187,
                    307788,
                    2,
                    307791,
                    2,
                    307794,
                    11,
                    308560,
                    186,
                    308747,
                    3,
                    308752,
                    13,
                    309521,
                    185,
                    309708,
                    16,
                    310482,
                    18,
                    310501,
                    165,
                    310667,
                    16,
                    311440,
                    1,
                    311443,
                    182,
                    311626,
                    17,
                    312400,
                    1,
                    312403,
                    181,
                    312585,
                    17,
                    313360,
                    1,
                    313364,
                    178,
                    313544,
                    17,
                    314321,
                    1,
                    314325,
                    22,
                    314348,
                    148,
                    314499,
                    1,
                    314504,
                    16,
                    314524,
                    1,
                    314527,
                    1,
                    315284,
                    169,
                    315457,
                    2,
                    315461,
                    1,
                    315463,
                    16,
                    316245,
                    163,
                    316421,
                    18,
                    317206,
                    162,
                    317373,
                    3,
                    317380,
                    18,
                    318162,
                    1,
                    318167,
                    31,
                    318199,
                    128,
                    318328,
                    4,
                    318336,
                    1,
                    318339,
                    18,
                    319121,
                    2,
                    319126,
                    161,
                    319297,
                    1,
                    319300,
                    17,
                    320081,
                    2,
                    320085,
                    2,
                    320089,
                    35,
                    320125,
                    151,
                    320278,
                    1,
                    321041,
                    2,
                    321045,
                    2,
                    321049,
                    186,
                    321238,
                    1,
                    322001,
                    1,
                    322005,
                    2,
                    322008,
                    1,
                    322010,
                    38,
                    322051,
                    143,
                    322196,
                    1,
                    322199,
                    1,
                    322968,
                    1,
                    322970,
                    39,
                    323013,
                    2,
                    323018,
                    104,
                    323123,
                    32,
                    323159,
                    1,
                    323928,
                    1,
                    323931,
                    38,
                    323981,
                    100,
                    324082,
                    33,
                    324119,
                    1,
                    324888,
                    1,
                    324892,
                    37,
                    324930,
                    2,
                    324947,
                    1,
                    324949,
                    125,
                    325853,
                    39,
                    325900,
                    6,
                    325910,
                    121,
                    326809,
                    2,
                    326814,
                    36,
                    326851,
                    1,
                    326865,
                    1,
                    326867,
                    1,
                    326869,
                    89,
                    326959,
                    32,
                    326996,
                    1,
                    327769,
                    3,
                    327775,
                    35,
                    327825,
                    125,
                    328730,
                    2,
                    328736,
                    35,
                    328773,
                    2,
                    328781,
                    6,
                    328792,
                    116,
                    329697,
                    34,
                    329733,
                    2,
                    329736,
                    4,
                    329748,
                    55,
                    329804,
                    63,
                    329871,
                    2,
                    330656,
                    1,
                    330659,
                    32,
                    330692,
                    1,
                    330696,
                    3,
                    330712,
                    47,
                    330760,
                    4,
                    330765,
                    62,
                    330829,
                    1,
                    331616,
                    1,
                    331620,
                    31,
                    331652,
                    1,
                    331655,
                    1,
                    331664,
                    3,
                    331672,
                    45,
                    331719,
                    2,
                    331723,
                    3,
                    331727,
                    23,
                    331751,
                    35,
                    331789,
                    1,
                    332581,
                    35,
                    332621,
                    27,
                    332650,
                    24,
                    332676,
                    32,
                    332709,
                    36,
                    332749,
                    1,
                    333538,
                    2,
                    333542,
                    51,
                    333594,
                    38,
                    333633,
                    5,
                    333640,
                    25,
                    333666,
                    37,
                    334498,
                    3,
                    334504,
                    85,
                    334591,
                    24,
                    334616,
                    2,
                    334620,
                    42,
                    334668,
                    1,
                    335456,
                    1,
                    335461,
                    2,
                    335465,
                    82,
                    335548,
                    73,
                    335623,
                    1,
                    335626,
                    3,
                    336416,
                    1,
                    336421,
                    3,
                    336426,
                    74,
                    336501,
                    4,
                    336507,
                    5,
                    336514,
                    66,
                    336583,
                    1,
                    337376,
                    5,
                    337387,
                    74,
                    337463,
                    8,
                    337473,
                    65,
                    337541,
                    1,
                    337551,
                    1,
                    338348,
                    81,
                    338430,
                    1,
                    338432,
                    64,
                    339309,
                    77,
                    339389,
                    67,
                    340270,
                    76,
                    340347,
                    67,
                    340415,
                    1,
                    341231,
                    142,
                    342193,
                    139,
                    342335,
                    1,
                    343152,
                    1,
                    343154,
                    137,
                    344112,
                    1,
                    344115,
                    135,
                    344253,
                    1,
                    345073,
                    2,
                    345077,
                    130,
                    345208,
                    2,
                    345213,
                    2,
                    346040,
                    126,
                    347000,
                    124,
                    347960,
                    1,
                    347962,
                    120,
                    348083,
                    1,
                    348924,
                    118,
                    349044,
                    3,
                    349880,
                    2,
                    349886,
                    113,
                    350002,
                    4,
                    350007,
                    1,
                    350842,
                    1,
                    350848,
                    110,
                    350961,
                    3,
                    350967,
                    1,
                    351802,
                    3,
                    351808,
                    1,
                    351810,
                    105,
                    351920,
                    2,
                    351927,
                    1,
                    352762,
                    1,
                    352768,
                    1,
                    352772,
                    100,
                    352877,
                    1,
                    352880,
                    1,
                    352884,
                    2,
                    353736,
                    94,
                    354697,
                    93,
                    355659,
                    87,
                    355751,
                    1,
                    356616,
                    2,
                    356622,
                    82,
                    357582,
                    79,
                    357664,
                    2,
                    358542,
                    2,
                    358548,
                    70,
                    359496,
                    3,
                    359512,
                    61,
                    359575,
                    1,
                    359581,
                    3,
                    360468,
                    2,
                    360476,
                    53,
                    360534,
                    4,
                    360540,
                    2,
                    360545,
                    4,
                    361440,
                    45,
                    362403,
                    37,
                    363384,
                    2,
                    364322,
                    6,
                    364344,
                    1,
                    365285,
                    3,
                    365296,
                    8,
                    365320,
                    4,
                    367200,
                    3,
                    367209,
                    7,
                    368200,
                    3
                ]
            }
        }
    ]
}