{
    "image_id": 4,
    "file_name": "Wheat_001_001_001_003.jpg",
    "width": 960,
    "height": 540,
    "annotations": [
        {
            "id": 1,
            "category_id": 1113,
            "bbox": [
                368,
                177,
                579,
                391
            ],
            "bbox_mode": 0,
            "segmentation": {
                "size": [
                    540,
                    960
                ],
                "counts": [
                    170382,
                    1,
                    173264,
                    1,
                    173267,
                    4,
                    173276,
                    8,
                    175214,
                    1,
                    176138,
                    1,
                    176174,
                    1,
                    177093,
                    2,
                    177096,
                    3,
                    177101,
                    3,
                    177114,
                    1,
                    177122,
                    2,
                    177128,
                    2,
                    177134,
                    1,
                    177140,
                    2,
                    178057,
                    5,
                    178070,
                    5,
                    178080,
                    1,
                    178086,
                    2,
                    178095,
                    3,
                    179014,
                    2,
                    179018,
                    3,
                    179022,
                    2,
                    179032,
                    1,
                    179040,
                    1,
                    179045,
                    2,
                    179048,
                    1,
                    179978,
                    3,
                    179982,
                    8,
                    179996,
                    1,
                    179998,
                    1,
                    180000,
                    6,
                    180008,
                    4,
                    180016,
                    5,
                    180023,
                    1,
                    180936,
                    3,
                    180942,
                    4,
                    180948,
                    20,
                    180970,
                    6,
                    181896,
                    2,
                    181899,
                    29,
                    181929,
                    4,
                    181935,
                    2,
                    181942,
                    2,
                    182853,
                    7,
                    182861,
                    40,
                    183811,
                    54,
                    184740,
                    3,
                    184752,
                    1,
                    184756,
                    2,
                    184766,
                    61,
                    184830,
                    3,
                    184835,
                    2,
                    184839,
                    1,
                    184844,
                    1,
                    185712,
                    1,
                    185714,
                    4,
                    185719,
                    3,
                    185724,
                    2,
                    185727,
                    63,
                    185794,
                    2,
                    185799,
                    1,
                    185814,
                    1,
                    186672,
                    1,
                    186674,
                    1,
                    186676,
                    2,
                    186679,
                    2,
                    186682,
                    69,
                    186753,
                    1,
                    186755,
                    4,
                    186763,
                    1,
                    187626,
                    1,
                    187634,
                    1,
                    187638,
                    73,
                    187712,
                    3,
                    187716,
                    1,
                    187718,
                    2,
                    187721,
                    1,
                    187723,
                    1,
                    187742,
                    2,
                    188593,
                    1,
                    188597,
                    80,
                    188679,
                    5,
                    188700,
                    1,
                    188702,
                    2,
                    189554,
                    82,
                    189637,
                    3,
                    189641,
                    3,
                    189647,
                    1,
                    189649,
                    1,
                    190500,
                    4,
                    190512,
                    3,
                    190516,
                    84,
                    190602,
                    3,
                    190608,
                    1,
                    190610,
                    1,
                    191459,
                    1,
                    191463,
                    1,
                    191472,
                    88,
                    191561,
                    4,
                    192416,
                    1,
                    192419,
                    2,
                    192423,
                    1,
                    192425,
                    2,
                    192429,
                    97,
                    192528,
                    3,
                    192533,
                    1,
                    192535,
                    1,
                    193377,
                    2,
                    193381,
                    2,
                    193384,
                    1,
                    193387,
                    102,
                    193491,
                    1,
                    193493,
                    1,
                    193495,
                    1,
                    194336,
                    3,
                    194341,
                    2,
                    194344,
                    105,
                    194452,
                    1,
                    194455,
                    2,
                    194458,
                    3,
                    195296,
                    1,
                    195301,
                    1,
                    195303,
                    2,
                    195306,
                    106,
                    195413,
                    2,
                    195418,
                    4,
                    196256,
                    1,
                    196262,
                    110,
                    196378,
                    1,
                    196380,
                    2,
                    197217,
                    2,
                    197221,
                    114,
                    198177,
                    2,
                    198182,
                    111,
                    198294,
                    1,
                    199136,
                    1,
                    199138,
                    116,
                    199255,
                    1,
                    200086,
                    2,
                    200093,
                    1,
                    200097,
                    2,
                    200100,
                    118,
                    200222,
                    2,
                    201044,
                    1,
                    201052,
                    4,
                    201057,
                    120,
                    201178,
                    2,
                    201182,
                    2,
                    202002,
                    3,
                    202010,
                    4,
                    202015,
                    127,
                    202146,
                    1,
                    202962,
                    3,
                    202970,
                    2,
                    202974,
                    129,
                    203106,
                    1,
                    203921,
                    3,
                    203929,
                    1,
                    203931,
                    3,
                    203935,
                    128,
                    204069,
                    1,
                    204882,
                    1,
                    204888,
                    1,
                    204891,
                    133,
                    205027,
                    3,
                    205840,
                    2,
                    205847,
                    1,
                    205850,
                    135,
                    205991,
                    1,
                    206800,
                    1,
                    206806,
                    1,
                    206808,
                    139,
                    206951,
                    4,
                    207760,
                    4,
                    207765,
                    1,
                    207768,
                    1,
                    207770,
                    138,
                    207909,
                    1,
                    207911,
                    3,
                    208721,
                    1,
                    208723,
                    1,
                    208725,
                    1,
                    208727,
                    1,
                    208729,
                    140,
                    208870,
                    1,
                    208873,
                    1,
                    209687,
                    142,
                    209839,
                    1,
                    210641,
                    2,
                    210644,
                    2,
                    210647,
                    141,
                    210789,
                    2,
                    210798,
                    2,
                    211604,
                    148,
                    212560,
                    152,
                    213520,
                    1,
                    213523,
                    149,
                    213676,
                    1,
                    214480,
                    3,
                    214484,
                    149,
                    214634,
                    1,
                    214636,
                    1,
                    215427,
                    2,
                    215441,
                    156,
                    215598,
                    2,
                    216387,
                    2,
                    216396,
                    1,
                    216399,
                    156,
                    216557,
                    3,
                    217355,
                    2,
                    217360,
                    156,
                    217517,
                    2,
                    218312,
                    1,
                    218315,
                    1,
                    218319,
                    156,
                    218476,
                    1,
                    219271,
                    1,
                    219278,
                    161,
                    219442,
                    6,
                    220231,
                    1,
                    220233,
                    2,
                    220236,
                    3,
                    220240,
                    159,
                    220405,
                    3,
                    221193,
                    2,
                    221196,
                    163,
                    221367,
                    3,
                    222155,
                    164,
                    222329,
                    1,
                    223104,
                    2,
                    223114,
                    167,
                    223282,
                    1,
                    223284,
                    1,
                    223286,
                    2,
                    223289,
                    3,
                    224064,
                    2,
                    224073,
                    1,
                    224075,
                    166,
                    224250,
                    2,
                    225025,
                    1,
                    225033,
                    2,
                    225036,
                    166,
                    225204,
                    1,
                    225210,
                    2,
                    225995,
                    168,
                    226164,
                    1,
                    226166,
                    2,
                    226171,
                    1,
                    226953,
                    168,
                    227122,
                    1,
                    227131,
                    1,
                    227912,
                    172,
                    228872,
                    172,
                    229046,
                    2,
                    229831,
                    174,
                    230006,
                    2,
                    230784,
                    2,
                    230787,
                    178,
                    230966,
                    2,
                    231744,
                    1,
                    231750,
                    1,
                    231752,
                    174,
                    232705,
                    2,
                    232708,
                    179,
                    233670,
                    175,
                    233846,
                    2,
                    234629,
                    177,
                    234807,
                    1,
                    234812,
                    1,
                    235584,
                    1,
                    235587,
                    1,
                    235589,
                    179,
                    235772,
                    1,
                    236545,
                    1,
                    236548,
                    179,
                    236733,
                    1,
                    237505,
                    183,
                    237692,
                    1,
                    238465,
                    1,
                    238467,
                    184,
                    238653,
                    1,
                    239427,
                    182,
                    239610,
                    1,
                    239613,
                    1,
                    240388,
                    183,
                    240574,
                    1,
                    241346,
                    185,
                    241532,
                    1,
                    242304,
                    1,
                    242306,
                    183,
                    242492,
                    3,
                    243267,
                    186,
                    243455,
                    1,
                    244225,
                    185,
                    244413,
                    1,
                    244415,
                    1,
                    245184,
                    188,
                    245373,
                    1,
                    245375,
                    1,
                    246140,
                    1,
                    246145,
                    187,
                    246334,
                    2,
                    247100,
                    1,
                    247106,
                    185,
                    247295,
                    1,
                    248064,
                    192,
                    249023,
                    193,
                    249984,
                    191,
                    250945,
                    189,
                    251135,
                    1,
                    251903,
                    192,
                    252863,
                    193,
                    253814,
                    2,
                    253818,
                    2,
                    253823,
                    190,
                    254014,
                    1,
                    254774,
                    1,
                    254778,
                    2,
                    254781,
                    1,
                    254783,
                    192,
                    255732,
                    2,
                    255738,
                    1,
                    255741,
                    1,
                    255743,
                    191,
                    255935,
                    1,
                    256692,
                    2,
                    256698,
                    1,
                    256701,
                    1,
                    256703,
                    191,
                    256895,
                    1,
                    257652,
                    1,
                    257658,
                    1,
                    257661,
                    1,
                    257663,
                    193,
                    258612,
                    1,
                    258621,
                    194,
                    258816,
                    1,
                    259572,
                    1,
                    259579,
                    1,
                    259582,
                    193,
                    259776,
                    1,
                    260532,
                    1,
                    260539,
                    197,
                    261500,
                    197,
                    262460,
                    197,
                    263420,
                    197,
                    264380,
                    197,
                    265339,
                    198,
                    266299,
                    198,
                    267259,
                    198,
                    268219,
                    1,
                    268221,
                    196,
                    269179,
                    1,
                    269181,
                    195,
                    270136,
                    1,
                    270139,
                    197,
                    271096,
                    1,
                    271098,
                    198,
                    272059,
                    2,
                    272062,
                    194,
                    273022,
                    194,
                    273976,
                    1,
                    273982,
                    194,
                    274937,
                    1,
                    274942,
                    195,
                    275902,
                    195,
                    276860,
                    1,
                    276862,
                    194,
                    277058,
                    2,
                    277808,
                    1,
                    277820,
                    1,
                    277822,
                    194,
                    278018,
                    2,
                    278768,
                    1,
                    278780,
                    1,
                    278782,
                    194,
                    278978,
                    2,
                    279740,
                    1,
                    279742,
                    195,
                    279938,
                    1,
                    280700,
                    1,
                    280702,
                    195,
                    280898,
                    1,
                    281660,
                    1,
                    281662,
                    193,
                    281856,
                    1,
                    281858,
                    1,
                    282620,
                    1,
                    282622,
                    193,
                    282816,
                    1,
                    282818,
                    1,
                    283580,
                    1,
                    283582,
                    193,
                    283776,
                    1,
                    283778,
                    1,
                    284537,
                    2,
                    284542,
                    192,
                    284735,
                    2,
                    284738,
                    1,
                    285497,
                    1,
                    285502,
                    192,
                    285695,
                    2,
                    285698,
                    1,
                    286456,
                    1,
                    286462,
                    192,
                    286656,
                    1,
                    286658,
                    1,
                    287416,
                    1,
                    287419,
                    195,
                    287616,
                    1,
                    287618,
                    1,
                    288376,
                    1,
                    288379,
                    2,
                    288382,
                    192,
                    288576,
                    1,
                    288578,
                    1,
                    289340,
                    194,
                    289536,
                    1,
                    289538,
                    1,
                    290297,
                    1,
                    290299,
                    1,
                    290301,
                    192,
                    290496,
                    1,
                    290498,
                    1,
                    291257,
                    1,
                    291259,
                    1,
                    291261,
                    2,
                    291264,
                    190,
                    291458,
                    1,
                    292220,
                    193,
                    292414,
                    1,
                    292416,
                    1,
                    293181,
                    192,
                    293374,
                    1,
                    293376,
                    1,
                    294142,
                    4,
                    294147,
                    186,
                    294336,
                    1,
                    295098,
                    1,
                    295102,
                    191,
                    295296,
                    1,
                    296058,
                    1,
                    296062,
                    191,
                    296256,
                    1,
                    297018,
                    1,
                    297022,
                    5,
                    297028,
                    183,
                    297212,
                    1,
                    297979,
                    1,
                    297982,
                    191,
                    298939,
                    1,
                    298942,
                    191,
                    299904,
                    2,
                    299907,
                    1,
                    299909,
                    181,
                    300091,
                    2,
                    300095,
                    1,
                    300864,
                    4,
                    300869,
                    184,
                    301054,
                    2,
                    301824,
                    4,
                    301829,
                    183,
                    302013,
                    3,
                    302784,
                    188,
                    302973,
                    2,
                    303744,
                    185,
                    303930,
                    2,
                    303933,
                    2,
                    304704,
                    185,
                    304890,
                    5,
                    305664,
                    5,
                    305670,
                    185,
                    306625,
                    4,
                    306630,
                    181,
                    306812,
                    3,
                    307585,
                    5,
                    307591,
                    183,
                    307775,
                    1,
                    308545,
                    5,
                    308551,
                    183,
                    309505,
                    190,
                    310466,
                    4,
                    310471,
                    2,
                    310474,
                    1,
                    310476,
                    177,
                    310654,
                    1,
                    311424,
                    1,
                    311426,
                    186,
                    311614,
                    1,
                    312387,
                    10,
                    312398,
                    174,
                    313347,
                    185,
                    313535,
                    1,
                    314304,
                    1,
                    314308,
                    10,
                    314319,
                    172,
                    314492,
                    1,
                    314495,
                    1,
                    315265,
                    1,
                    315268,
                    167,
                    315437,
                    14,
                    315454,
                    1,
                    316225,
                    1,
                    316228,
                    11,
                    316240,
                    155,
                    316397,
                    14,
                    316414,
                    1,
                    317184,
                    1,
                    317188,
                    166,
                    317361,
                    10,
                    318144,
                    1,
                    318149,
                    165,
                    318316,
                    1,
                    318319,
                    1,
                    318321,
                    9,
                    318335,
                    1,
                    319104,
                    1,
                    319107,
                    1,
                    319110,
                    164,
                    319275,
                    2,
                    319279,
                    2,
                    319282,
                    8,
                    319292,
                    1,
                    320064,
                    1,
                    320067,
                    1,
                    320070,
                    11,
                    320082,
                    151,
                    320235,
                    2,
                    320239,
                    11,
                    321026,
                    1,
                    321030,
                    162,
                    321194,
                    3,
                    321199,
                    11,
                    321986,
                    1,
                    321989,
                    13,
                    322003,
                    148,
                    322153,
                    7,
                    322161,
                    7,
                    322169,
                    2,
                    322174,
                    1,
                    322952,
                    159,
                    323112,
                    1,
                    323115,
                    2,
                    323119,
                    9,
                    323912,
                    158,
                    324071,
                    7,
                    324080,
                    7,
                    324873,
                    17,
                    324891,
                    2,
                    324894,
                    136,
                    325033,
                    2,
                    325036,
                    12,
                    325833,
                    11,
                    325845,
                    4,
                    325850,
                    139,
                    325991,
                    1,
                    325993,
                    1,
                    325996,
                    11,
                    326793,
                    15,
                    326809,
                    5,
                    326815,
                    134,
                    326950,
                    2,
                    326953,
                    4,
                    326958,
                    8,
                    326967,
                    1,
                    327752,
                    1,
                    327754,
                    12,
                    327767,
                    8,
                    327776,
                    134,
                    327911,
                    14,
                    327927,
                    1,
                    328715,
                    152,
                    328868,
                    1,
                    328874,
                    2,
                    328877,
                    8,
                    329675,
                    138,
                    329814,
                    20,
                    329835,
                    9,
                    329845,
                    2,
                    330636,
                    12,
                    330649,
                    9,
                    330659,
                    124,
                    330784,
                    19,
                    331594,
                    1,
                    331597,
                    166,
                    332554,
                    1,
                    332558,
                    12,
                    332571,
                    8,
                    332580,
                    14,
                    332595,
                    128,
                    332725,
                    1,
                    333518,
                    22,
                    333541,
                    14,
                    333557,
                    125,
                    333685,
                    2,
                    334480,
                    21,
                    334502,
                    10,
                    334513,
                    3,
                    334518,
                    124,
                    334645,
                    1,
                    335432,
                    1,
                    335437,
                    1,
                    335440,
                    37,
                    335479,
                    103,
                    335583,
                    17,
                    336400,
                    23,
                    336424,
                    10,
                    336435,
                    3,
                    336440,
                    120,
                    337354,
                    2,
                    337359,
                    15,
                    337375,
                    15,
                    337391,
                    6,
                    337398,
                    2,
                    337402,
                    70,
                    337473,
                    28,
                    337502,
                    17,
                    338322,
                    13,
                    338336,
                    12,
                    338349,
                    2,
                    338353,
                    2,
                    338358,
                    2,
                    338363,
                    97,
                    338461,
                    16,
                    338479,
                    1,
                    339280,
                    1,
                    339282,
                    24,
                    339307,
                    3,
                    339311,
                    7,
                    339319,
                    3,
                    339323,
                    114,
                    340240,
                    1,
                    340243,
                    27,
                    340271,
                    7,
                    340279,
                    5,
                    340285,
                    82,
                    340368,
                    11,
                    340380,
                    16,
                    341204,
                    14,
                    341219,
                    15,
                    341236,
                    3,
                    341240,
                    5,
                    341246,
                    86,
                    341334,
                    22,
                    342161,
                    2,
                    342165,
                    30,
                    342197,
                    10,
                    342208,
                    107,
                    343121,
                    2,
                    343125,
                    32,
                    343158,
                    10,
                    343169,
                    31,
                    343201,
                    41,
                    343243,
                    32,
                    343276,
                    1,
                    344082,
                    2,
                    344086,
                    26,
                    344113,
                    5,
                    344119,
                    3,
                    344123,
                    5,
                    344129,
                    30,
                    344160,
                    2,
                    344163,
                    38,
                    344202,
                    32,
                    344237,
                    1,
                    345040,
                    1,
                    345043,
                    2,
                    345048,
                    25,
                    345074,
                    3,
                    345079,
                    1,
                    345081,
                    37,
                    345119,
                    1,
                    345122,
                    3,
                    345126,
                    67,
                    345194,
                    1,
                    345197,
                    2,
                    346009,
                    34,
                    346045,
                    32,
                    346086,
                    1,
                    346088,
                    64,
                    346969,
                    30,
                    347000,
                    2,
                    347004,
                    3,
                    347008,
                    29,
                    347048,
                    1,
                    347050,
                    14,
                    347065,
                    13,
                    347079,
                    32,
                    347930,
                    31,
                    347963,
                    3,
                    347967,
                    11,
                    347979,
                    17,
                    348010,
                    1,
                    348013,
                    17,
                    348032,
                    38,
                    348891,
                    27,
                    348919,
                    1,
                    348921,
                    4,
                    348926,
                    29,
                    348956,
                    2,
                    348972,
                    3,
                    348976,
                    53,
                    349848,
                    1,
                    349852,
                    62,
                    349915,
                    2,
                    349928,
                    1,
                    349932,
                    8,
                    349942,
                    47,
                    350808,
                    2,
                    350813,
                    50,
                    350864,
                    9,
                    350875,
                    1,
                    350895,
                    9,
                    350905,
                    42,
                    350950,
                    2,
                    351769,
                    2,
                    351774,
                    51,
                    351826,
                    7,
                    351847,
                    1,
                    351850,
                    1,
                    351854,
                    14,
                    351870,
                    2,
                    351873,
                    33,
                    351909,
                    3,
                    352736,
                    50,
                    352787,
                    4,
                    352792,
                    2,
                    352806,
                    4,
                    352814,
                    51,
                    353697,
                    51,
                    353749,
                    2,
                    353756,
                    1,
                    353764,
                    2,
                    353773,
                    50,
                    354656,
                    56,
                    354718,
                    2,
                    354726,
                    3,
                    354732,
                    52,
                    355616,
                    1,
                    355618,
                    57,
                    355680,
                    1,
                    355691,
                    50,
                    355743,
                    1,
                    356580,
                    58,
                    356639,
                    1,
                    356650,
                    50,
                    357538,
                    1,
                    357542,
                    58,
                    357609,
                    49,
                    357661,
                    1,
                    358496,
                    2,
                    358504,
                    59,
                    358564,
                    2,
                    358568,
                    51,
                    358623,
                    1,
                    359456,
                    1,
                    359461,
                    1,
                    359465,
                    60,
                    359528,
                    48,
                    359578,
                    2,
                    359583,
                    1,
                    360423,
                    1,
                    360427,
                    107,
                    360540,
                    2,
                    361389,
                    104,
                    362350,
                    102,
                    363306,
                    1,
                    363312,
                    98,
                    364266,
                    2,
                    364273,
                    95,
                    365230,
                    2,
                    365234,
                    93,
                    366196,
                    90,
                    366288,
                    2,
                    366292,
                    1,
                    367158,
                    85,
                    367247,
                    3,
                    368107,
                    3,
                    368121,
                    79,
                    368204,
                    2,
                    369084,
                    76,
                    370045,
                    70,
                    371009,
                    63,
                    371078,
                    2,
                    371962,
                    4,
                    371971,
                    59,
                    372032,
                    8,
                    372920,
                    10,
                    372934,
                    52,
                    372990,
                    2,
                    372994,
                    2,
                    373880,
                    2,
                    373888,
                    4,
                    373897,
                    47,
                    373951,
                    1,
                    374850,
                    3,
                    374864,
                    31,
                    374896,
                    2,
                    374904,
                    5,
                    374915,
                    5,
                    375803,
                    6,
                    375815,
                    1,
                    375821,
                    3,
                    375834,
                    11,
                    375860,
                    4,
                    375870,
                    2
                ]
            }
        }
    ]
}