{
    "image_id": 20,
    "file_name": "Wheat_002_001_002_003.jpg",
    "width": 960,
    "height": 540,
    "annotations": [
        {
            "id": 1,
            "category_id": 2123,
            "bbox": [
                408,
                144,
                591,
                375
            ],
            "bbox_mode": 0,
            "segmentation": {
                "size": [
                    540,
                    960
                ],
                "counts": [
                    138714,
                    1,
                    138720,
                    4,
                    138728,
                    1,
                    138735,
                    1,
                    138741,
                    1,
                    138748,
                    9,
                    138758,
                    1,
                    138761,
                    2,
                    138765,
                    2,
                    138768,
                    1,
                    138772,
                    2,
                    139680,
                    1,
                    139682,
                    2,
                    139685,
                    3,
                    139691,
                    3,
                    139695,
                    4,
                    139701,
                    1,
                    139704,
                    3,
                    139709,
                    1,
                    139711,
                    3,
                    139715,
                    1,
                    139718,
                    2,
                    139721,
                    2,
                    139724,
                    2,
                    139728,
                    1,
                    139730,
                    3,
                    140640,
                    1,
                    140642,
                    3,
                    140646,
                    5,
                    140654,
                    2,
                    140657,
                    4,
                    140662,
                    2,
                    140666,
                    4,
                    140672,
                    1,
                    140675,
                    2,
                    140678,
                    6,
                    140685,
                    1,
                    140687,
                    5,
                    140693,
                    3,
                    141600,
                    1,
                    141603,
                    5,
                    141610,
                    2,
                    141617,
                    2,
                    141620,
                    10,
                    141631,
                    6,
                    141639,
                    3,
                    141644,
                    1,
                    141646,
                    3,
                    141650,
                    2,
                    141653,
                    2,
                    142560,
                    1,
                    142562,
                    1,
                    142564,
                    1,
                    142567,
                    1,
                    142569,
                    3,
                    142574,
                    4,
                    142579,
                    19,
                    142599,
                    4,
                    142604,
                    4,
                    142613,
                    3,
                    143520,
                    1,
                    143522,
                    1,
                    143527,
                    2,
                    143531,
                    39,
                    143575,
                    1,
                    144478,
                    1,
                    144481,
                    3,
                    144485,
                    49,
                    145438,
                    1,
                    145440,
                    2,
                    145443,
                    52,
                    146388,
                    1,
                    146392,
                    1,
                    146395,
                    1,
                    146397,
                    60,
                    146460,
                    2,
                    146470,
                    2,
                    147345,
                    7,
                    147353,
                    3,
                    147357,
                    62,
                    147420,
                    1,
                    147424,
                    5,
                    147430,
                    1,
                    148306,
                    4,
                    148311,
                    70,
                    148384,
                    1,
                    148386,
                    2,
                    148389,
                    2,
                    149268,
                    2,
                    149271,
                    2,
                    149274,
                    68,
                    149343,
                    4,
                    149349,
                    2,
                    150224,
                    1,
                    150227,
                    1,
                    150229,
                    1,
                    150231,
                    1,
                    150233,
                    79,
                    151186,
                    78,
                    151265,
                    2,
                    151268,
                    1,
                    151270,
                    2,
                    152144,
                    2,
                    152147,
                    85,
                    153104,
                    2,
                    153107,
                    85,
                    154055,
                    3,
                    154059,
                    2,
                    154062,
                    2,
                    154065,
                    2,
                    154068,
                    83,
                    154152,
                    5,
                    154158,
                    1,
                    155017,
                    4,
                    155022,
                    97,
                    155979,
                    99,
                    156079,
                    1,
                    156937,
                    1,
                    156939,
                    2,
                    156942,
                    97,
                    157896,
                    100,
                    157998,
                    2,
                    158856,
                    2,
                    158859,
                    101,
                    159816,
                    104,
                    159934,
                    2,
                    160776,
                    103,
                    160894,
                    2,
                    161728,
                    1,
                    161732,
                    1,
                    161736,
                    104,
                    161841,
                    3,
                    161845,
                    3,
                    162688,
                    2,
                    162691,
                    1,
                    162693,
                    114,
                    163649,
                    2,
                    163653,
                    1,
                    163655,
                    108,
                    163764,
                    1,
                    163766,
                    2,
                    164610,
                    113,
                    164726,
                    1,
                    165568,
                    119,
                    166529,
                    116,
                    166647,
                    1,
                    167489,
                    117,
                    167607,
                    1,
                    168448,
                    119,
                    169400,
                    3,
                    169405,
                    122,
                    169528,
                    1,
                    169530,
                    2,
                    169534,
                    1,
                    170360,
                    2,
                    170364,
                    124,
                    170490,
                    4,
                    171322,
                    1,
                    171324,
                    1,
                    171326,
                    123,
                    171451,
                    1,
                    171454,
                    1,
                    172280,
                    4,
                    172285,
                    130,
                    173232,
                    2,
                    173240,
                    135,
                    174192,
                    2,
                    174201,
                    131,
                    174333,
                    2,
                    175152,
                    2,
                    175160,
                    3,
                    175164,
                    128,
                    175293,
                    2,
                    176112,
                    2,
                    176120,
                    1,
                    176122,
                    131,
                    177072,
                    1,
                    177074,
                    1,
                    177077,
                    138,
                    178032,
                    2,
                    178035,
                    1,
                    178037,
                    2,
                    178040,
                    134,
                    178992,
                    2,
                    178995,
                    1,
                    178998,
                    137,
                    179952,
                    2,
                    179955,
                    1,
                    179957,
                    138,
                    180912,
                    1,
                    180915,
                    142,
                    181877,
                    139,
                    182017,
                    1,
                    182833,
                    2,
                    182836,
                    140,
                    182977,
                    2,
                    183796,
                    140,
                    183937,
                    2,
                    184753,
                    1,
                    184755,
                    142,
                    184898,
                    1,
                    184903,
                    1,
                    185712,
                    1,
                    185714,
                    144,
                    185859,
                    2,
                    185862,
                    2,
                    186672,
                    1,
                    186674,
                    145,
                    186820,
                    1,
                    186822,
                    1,
                    187632,
                    150,
                    187783,
                    1,
                    188593,
                    146,
                    188741,
                    3,
                    189552,
                    148,
                    189702,
                    1,
                    190513,
                    148,
                    190662,
                    2,
                    191472,
                    149,
                    191622,
                    2,
                    192424,
                    1,
                    192427,
                    156,
                    193384,
                    3,
                    193388,
                    1,
                    193390,
                    152,
                    193543,
                    1,
                    194344,
                    159,
                    195305,
                    1,
                    195307,
                    1,
                    195309,
                    154,
                    196265,
                    3,
                    196269,
                    154,
                    197226,
                    1,
                    197228,
                    156,
                    198186,
                    157,
                    199145,
                    1,
                    199147,
                    157,
                    200104,
                    2,
                    200107,
                    160,
                    200270,
                    1,
                    201066,
                    159,
                    201226,
                    3,
                    202026,
                    163,
                    202985,
                    164,
                    203945,
                    161,
                    204107,
                    1,
                    204110,
                    1,
                    204904,
                    1,
                    204906,
                    161,
                    205069,
                    2,
                    205864,
                    163,
                    206028,
                    2,
                    206825,
                    162,
                    206988,
                    1,
                    206991,
                    1,
                    207779,
                    1,
                    207781,
                    165,
                    207949,
                    1,
                    208736,
                    2,
                    208739,
                    1,
                    208742,
                    165,
                    208908,
                    1,
                    208910,
                    1,
                    209696,
                    2,
                    209702,
                    167,
                    209870,
                    1,
                    210659,
                    1,
                    210662,
                    165,
                    210828,
                    1,
                    210830,
                    1,
                    211619,
                    2,
                    211622,
                    167,
                    211790,
                    1,
                    212576,
                    1,
                    212579,
                    1,
                    212581,
                    168,
                    213536,
                    1,
                    213540,
                    170,
                    214499,
                    1,
                    214501,
                    170,
                    215456,
                    1,
                    215459,
                    169,
                    215630,
                    1,
                    216420,
                    168,
                    216590,
                    1,
                    217376,
                    1,
                    217380,
                    169,
                    217550,
                    1,
                    218336,
                    1,
                    218338,
                    173,
                    219298,
                    1,
                    219300,
                    171,
                    220258,
                    1,
                    220260,
                    171,
                    221216,
                    173,
                    221390,
                    1,
                    222179,
                    170,
                    223139,
                    172,
                    224096,
                    1,
                    224098,
                    173,
                    225056,
                    1,
                    225058,
                    173,
                    226018,
                    173,
                    226977,
                    174,
                    227936,
                    174,
                    228896,
                    174,
                    229858,
                    172,
                    230816,
                    174,
                    231776,
                    174,
                    232736,
                    175,
                    233696,
                    175,
                    234655,
                    1,
                    234657,
                    174,
                    235614,
                    178,
                    236573,
                    179,
                    237533,
                    2,
                    237536,
                    176,
                    238488,
                    1,
                    238490,
                    1,
                    238495,
                    177,
                    239448,
                    1,
                    239450,
                    1,
                    239455,
                    177,
                    240408,
                    1,
                    240414,
                    178,
                    241368,
                    1,
                    241374,
                    178,
                    242328,
                    2,
                    242333,
                    179,
                    243289,
                    1,
                    243291,
                    1,
                    243293,
                    178,
                    244249,
                    1,
                    244251,
                    1,
                    244254,
                    177,
                    245209,
                    1,
                    245211,
                    1,
                    245215,
                    177,
                    246169,
                    1,
                    246173,
                    1,
                    246175,
                    176,
                    247129,
                    1,
                    247133,
                    1,
                    247135,
                    177,
                    248089,
                    1,
                    248091,
                    1,
                    248093,
                    1,
                    248095,
                    177,
                    249049,
                    1,
                    249051,
                    1,
                    249053,
                    178,
                    250009,
                    1,
                    250011,
                    1,
                    250013,
                    178,
                    250969,
                    1,
                    250971,
                    1,
                    250974,
                    177,
                    251929,
                    1,
                    251931,
                    1,
                    251934,
                    177,
                    252889,
                    1,
                    252891,
                    1,
                    252894,
                    178,
                    253849,
                    1,
                    253852,
                    178,
                    254809,
                    1,
                    254812,
                    178,
                    255769,
                    1,
                    255772,
                    178,
                    256729,
                    1,
                    256732,
                    177,
                    257692,
                    1,
                    257694,
                    175,
                    257871,
                    1,
                    258652,
                    1,
                    258654,
                    176,
                    259612,
                    1,
                    259614,
                    177,
                    260572,
                    180,
                    261528,
                    1,
                    261530,
                    3,
                    261534,
                    175,
                    262488,
                    1,
                    262490,
                    1,
                    262494,
                    175,
                    263454,
                    176,
                    264409,
                    1,
                    264411,
                    1,
                    264415,
                    173,
                    265369,
                    1,
                    265371,
                    1,
                    265373,
                    175,
                    265551,
                    1,
                    266331,
                    1,
                    266333,
                    175,
                    266511,
                    1,
                    267290,
                    1,
                    267293,
                    1,
                    267296,
                    174,
                    268248,
                    1,
                    268250,
                    1,
                    268253,
                    177,
                    269214,
                    173,
                    269388,
                    3,
                    270174,
                    175,
                    271134,
                    175,
                    271311,
                    1,
                    272094,
                    175,
                    272271,
                    1,
                    273051,
                    1,
                    273054,
                    172,
                    273227,
                    2,
                    274011,
                    1,
                    274014,
                    175,
                    274971,
                    1,
                    274975,
                    173,
                    275931,
                    1,
                    275935,
                    174,
                    276893,
                    3,
                    276897,
                    170,
                    277853,
                    174,
                    278814,
                    173,
                    278989,
                    1,
                    279776,
                    170,
                    279949,
                    1,
                    280736,
                    170,
                    280909,
                    1,
                    281696,
                    168,
                    281865,
                    1,
                    281871,
                    1,
                    282656,
                    169,
                    282826,
                    1,
                    282828,
                    1,
                    282831,
                    1,
                    283616,
                    165,
                    283783,
                    4,
                    283788,
                    1,
                    283791,
                    1,
                    284577,
                    162,
                    284740,
                    2,
                    284743,
                    3,
                    285537,
                    162,
                    285700,
                    5,
                    286496,
                    163,
                    286662,
                    2,
                    287456,
                    162,
                    287621,
                    3,
                    288417,
                    162,
                    288581,
                    3,
                    289377,
                    162,
                    289541,
                    3,
                    290338,
                    159,
                    290498,
                    1,
                    290500,
                    4,
                    290511,
                    1,
                    291296,
                    163,
                    291460,
                    2,
                    291470,
                    2,
                    292256,
                    1,
                    292259,
                    157,
                    292417,
                    6,
                    293219,
                    2,
                    293222,
                    160,
                    294177,
                    1,
                    294179,
                    163,
                    295136,
                    2,
                    295139,
                    164,
                    296097,
                    1,
                    296099,
                    162,
                    296262,
                    1,
                    297057,
                    1,
                    297059,
                    161,
                    297222,
                    1,
                    298017,
                    164,
                    298977,
                    2,
                    298980,
                    4,
                    298987,
                    154,
                    299143,
                    1,
                    299940,
                    5,
                    299948,
                    152,
                    300101,
                    2,
                    300897,
                    1,
                    300900,
                    6,
                    300909,
                    151,
                    301062,
                    2,
                    301857,
                    1,
                    301860,
                    8,
                    301870,
                    141,
                    302012,
                    7,
                    302020,
                    1,
                    302023,
                    1,
                    302820,
                    8,
                    302829,
                    1,
                    302832,
                    146,
                    302980,
                    1,
                    302983,
                    1,
                    303776,
                    1,
                    303781,
                    5,
                    303787,
                    1,
                    303792,
                    146,
                    303940,
                    1,
                    303943,
                    1,
                    304736,
                    1,
                    304741,
                    5,
                    304747,
                    1,
                    304751,
                    147,
                    304900,
                    1,
                    304903,
                    1,
                    305699,
                    1,
                    305702,
                    4,
                    305711,
                    148,
                    305863,
                    1,
                    306659,
                    1,
                    306661,
                    5,
                    306667,
                    1,
                    306672,
                    144,
                    306817,
                    3,
                    306822,
                    1,
                    307624,
                    4,
                    307630,
                    1,
                    307632,
                    143,
                    308584,
                    3,
                    308590,
                    1,
                    308592,
                    143,
                    309544,
                    3,
                    309553,
                    142,
                    310504,
                    5,
                    310511,
                    1,
                    310513,
                    141,
                    311465,
                    7,
                    311473,
                    141,
                    311615,
                    1,
                    312425,
                    3,
                    312429,
                    1,
                    312432,
                    141,
                    312575,
                    1,
                    313384,
                    1,
                    313386,
                    7,
                    313394,
                    139,
                    313535,
                    1,
                    314344,
                    8,
                    314353,
                    139,
                    315306,
                    145,
                    316267,
                    6,
                    316274,
                    137,
                    317227,
                    7,
                    317235,
                    136,
                    318185,
                    2,
                    318188,
                    142,
                    318332,
                    1,
                    318335,
                    1,
                    319144,
                    3,
                    319148,
                    141,
                    319292,
                    1,
                    319295,
                    1,
                    320109,
                    8,
                    320118,
                    131,
                    320252,
                    1,
                    320255,
                    1,
                    321067,
                    120,
                    321188,
                    21,
                    321212,
                    1,
                    321215,
                    1,
                    322024,
                    1,
                    322027,
                    2,
                    322030,
                    114,
                    322146,
                    21,
                    322168,
                    1,
                    322175,
                    1,
                    322992,
                    111,
                    323105,
                    21,
                    323952,
                    15,
                    323968,
                    95,
                    324065,
                    21,
                    324912,
                    110,
                    325023,
                    2,
                    325026,
                    18,
                    325046,
                    1,
                    325873,
                    17,
                    325892,
                    1,
                    325898,
                    83,
                    325983,
                    21,
                    326006,
                    2,
                    326832,
                    20,
                    326854,
                    1,
                    326859,
                    1,
                    326861,
                    80,
                    326942,
                    2,
                    326945,
                    19,
                    326967,
                    1,
                    327792,
                    1,
                    327794,
                    16,
                    327822,
                    78,
                    327901,
                    2,
                    327904,
                    18,
                    327923,
                    2,
                    327927,
                    1,
                    328752,
                    1,
                    328755,
                    16,
                    328772,
                    1,
                    328776,
                    1,
                    328779,
                    1,
                    328782,
                    77,
                    328861,
                    2,
                    328864,
                    18,
                    328884,
                    2,
                    329715,
                    16,
                    329732,
                    1,
                    329735,
                    1,
                    329739,
                    1,
                    329741,
                    1,
                    329743,
                    76,
                    329820,
                    2,
                    329824,
                    16,
                    329841,
                    2,
                    329845,
                    3,
                    330676,
                    17,
                    330695,
                    1,
                    330704,
                    74,
                    330779,
                    3,
                    330783,
                    17,
                    331637,
                    15,
                    331653,
                    1,
                    331664,
                    74,
                    331739,
                    21,
                    332593,
                    2,
                    332598,
                    17,
                    332624,
                    73,
                    332699,
                    2,
                    332702,
                    17,
                    333554,
                    1,
                    333558,
                    17,
                    333585,
                    71,
                    333657,
                    2,
                    333660,
                    18,
                    334517,
                    1,
                    334520,
                    13,
                    334534,
                    1,
                    334544,
                    61,
                    334606,
                    9,
                    334617,
                    2,
                    334621,
                    16,
                    335476,
                    2,
                    335479,
                    15,
                    335495,
                    1,
                    335505,
                    59,
                    335565,
                    10,
                    335576,
                    19,
                    335598,
                    2,
                    336436,
                    2,
                    336440,
                    16,
                    336466,
                    57,
                    336524,
                    30,
                    336557,
                    2,
                    337398,
                    2,
                    337401,
                    15,
                    337425,
                    57,
                    337483,
                    30,
                    338360,
                    1,
                    338363,
                    15,
                    338383,
                    1,
                    338387,
                    10,
                    338398,
                    6,
                    338405,
                    66,
                    339320,
                    1,
                    339323,
                    108,
                    340285,
                    59,
                    340348,
                    10,
                    340359,
                    31,
                    341245,
                    57,
                    341303,
                    14,
                    341318,
                    31,
                    342206,
                    41,
                    342248,
                    12,
                    342261,
                    8,
                    342270,
                    6,
                    342277,
                    31,
                    342311,
                    1,
                    343164,
                    2,
                    343168,
                    50,
                    343219,
                    16,
                    343236,
                    31,
                    343270,
                    1,
                    344123,
                    1,
                    344129,
                    39,
                    344169,
                    7,
                    344177,
                    17,
                    344195,
                    31,
                    344229,
                    2,
                    345082,
                    1,
                    345086,
                    3,
                    345090,
                    39,
                    345130,
                    54,
                    345187,
                    3,
                    346048,
                    1,
                    346052,
                    40,
                    346093,
                    50,
                    347012,
                    91,
                    347970,
                    1,
                    347973,
                    88,
                    348935,
                    84,
                    349023,
                    1,
                    349888,
                    1,
                    349897,
                    81,
                    349982,
                    2,
                    350848,
                    1,
                    350852,
                    2,
                    350856,
                    1,
                    350859,
                    77,
                    351813,
                    1,
                    351816,
                    1,
                    351819,
                    75,
                    352770,
                    2,
                    352775,
                    1,
                    352778,
                    1,
                    352781,
                    71,
                    352854,
                    4,
                    352862,
                    2,
                    353744,
                    66,
                    354705,
                    64,
                    355667,
                    59,
                    356624,
                    2,
                    356630,
                    53,
                    357590,
                    51,
                    357646,
                    2,
                    358551,
                    1,
                    358556,
                    41,
                    359504,
                    2,
                    359512,
                    2,
                    359518,
                    37,
                    359558,
                    3,
                    359563,
                    3,
                    359575,
                    1,
                    360482,
                    29,
                    360523,
                    4,
                    360534,
                    2
                ]
            }
        }
    ]
}