{
    "image_id": 34,
    "file_name": "Wheat_003_001_003_001.jpg",
    "width": 960,
    "height": 540,
    "annotations": [
        {
            "id": 1,
            "category_id": 3131,
            "bbox": [
                398,
                147,
                591,
                366
            ],
            "bbox_mode": 0,
            "segmentation": {
                "size": [
                    540,
                    960
                ],
                "counts": [
                    141582,
                    1,
                    144460,
                    3,
                    146368,
                    1,
                    146372,
                    4,
                    146390,
                    1,
                    146393,
                    1,
                    146397,
                    2,
                    146402,
                    2,
                    146408,
                    1,
                    146411,
                    2,
                    147330,
                    2,
                    147336,
                    2,
                    147344,
                    4,
                    147355,
                    2,
                    147360,
                    1,
                    147367,
                    1,
                    147371,
                    2,
                    147375,
                    1,
                    148294,
                    4,
                    148300,
                    1,
                    148304,
                    4,
                    148312,
                    1,
                    148315,
                    1,
                    148317,
                    3,
                    148321,
                    5,
                    148327,
                    1,
                    148335,
                    1,
                    149248,
                    1,
                    149252,
                    3,
                    149256,
                    3,
                    149262,
                    8,
                    149275,
                    2,
                    149278,
                    3,
                    149285,
                    2,
                    149288,
                    1,
                    150211,
                    3,
                    150215,
                    3,
                    150219,
                    2,
                    150231,
                    1,
                    150233,
                    2,
                    150237,
                    3,
                    150242,
                    1,
                    150244,
                    1,
                    150248,
                    2,
                    150253,
                    2,
                    151168,
                    3,
                    151174,
                    19,
                    151194,
                    9,
                    151206,
                    2,
                    151213,
                    2,
                    152128,
                    2,
                    152133,
                    1,
                    152136,
                    1,
                    152138,
                    29,
                    152168,
                    4,
                    153091,
                    37,
                    153129,
                    4,
                    153135,
                    1,
                    154020,
                    1,
                    154032,
                    2,
                    154036,
                    2,
                    154039,
                    1,
                    154042,
                    2,
                    154045,
                    48,
                    154094,
                    1,
                    154096,
                    1,
                    154100,
                    2,
                    154107,
                    2,
                    154125,
                    1,
                    154992,
                    4,
                    154998,
                    3,
                    155004,
                    57,
                    155062,
                    4,
                    155068,
                    1,
                    155071,
                    1,
                    155936,
                    1,
                    155943,
                    1,
                    155952,
                    1,
                    155954,
                    4,
                    155959,
                    59,
                    156019,
                    3,
                    156023,
                    1,
                    156028,
                    2,
                    156031,
                    1,
                    156040,
                    2,
                    156896,
                    1,
                    156912,
                    1,
                    156915,
                    1,
                    156918,
                    66,
                    156985,
                    1,
                    156990,
                    2,
                    156999,
                    3,
                    157872,
                    3,
                    157877,
                    70,
                    157950,
                    1,
                    157957,
                    3,
                    158832,
                    77,
                    158911,
                    1,
                    158917,
                    2,
                    159792,
                    80,
                    160752,
                    1,
                    160754,
                    78,
                    160834,
                    2,
                    161703,
                    1,
                    161705,
                    6,
                    161712,
                    83,
                    161803,
                    1,
                    161805,
                    3,
                    162660,
                    2,
                    162664,
                    2,
                    162667,
                    2,
                    162670,
                    87,
                    162758,
                    1,
                    162761,
                    7,
                    163620,
                    2,
                    163625,
                    93,
                    163720,
                    5,
                    163726,
                    2,
                    164586,
                    92,
                    164679,
                    2,
                    164684,
                    2,
                    165537,
                    2,
                    165540,
                    1,
                    165542,
                    4,
                    165547,
                    96,
                    165645,
                    2,
                    166497,
                    2,
                    166501,
                    4,
                    166506,
                    99,
                    166606,
                    2,
                    167457,
                    2,
                    167460,
                    105,
                    167566,
                    2,
                    168416,
                    2,
                    168420,
                    2,
                    168423,
                    104,
                    169376,
                    110,
                    169487,
                    1,
                    169494,
                    1,
                    169502,
                    2,
                    170336,
                    1,
                    170338,
                    114,
                    170454,
                    1,
                    170463,
                    1,
                    171296,
                    1,
                    171298,
                    1,
                    171300,
                    113,
                    171414,
                    2,
                    172248,
                    2,
                    172255,
                    120,
                    173208,
                    2,
                    173214,
                    121,
                    174168,
                    1,
                    174174,
                    122,
                    175126,
                    1,
                    175133,
                    123,
                    176085,
                    1,
                    176093,
                    125,
                    177045,
                    1,
                    177050,
                    133,
                    177186,
                    3,
                    178000,
                    1,
                    178005,
                    2,
                    178008,
                    2,
                    178011,
                    130,
                    178142,
                    2,
                    178968,
                    1,
                    178970,
                    2,
                    178973,
                    130,
                    179110,
                    2,
                    179921,
                    1,
                    179930,
                    1,
                    179932,
                    132,
                    180070,
                    2,
                    180889,
                    132,
                    181022,
                    4,
                    181848,
                    1,
                    181851,
                    135,
                    182808,
                    136,
                    183768,
                    136,
                    183907,
                    2,
                    184722,
                    1,
                    184724,
                    3,
                    184728,
                    139,
                    184868,
                    1,
                    184870,
                    2,
                    184877,
                    1,
                    185682,
                    1,
                    185687,
                    143,
                    185831,
                    1,
                    185834,
                    1,
                    185837,
                    1,
                    186640,
                    1,
                    186644,
                    1,
                    186647,
                    143,
                    186791,
                    1,
                    187600,
                    2,
                    187604,
                    1,
                    187607,
                    142,
                    187750,
                    2,
                    187755,
                    2,
                    188561,
                    1,
                    188566,
                    145,
                    188718,
                    2,
                    189521,
                    2,
                    189525,
                    148,
                    189678,
                    2,
                    190481,
                    1,
                    190483,
                    1,
                    190485,
                    149,
                    190639,
                    1,
                    191441,
                    1,
                    191443,
                    1,
                    191445,
                    150,
                    192400,
                    1,
                    192402,
                    151,
                    192557,
                    1,
                    193361,
                    1,
                    193363,
                    2,
                    193366,
                    153,
                    194321,
                    1,
                    194324,
                    155,
                    195280,
                    1,
                    195282,
                    158,
                    196240,
                    1,
                    196243,
                    155,
                    197201,
                    1,
                    197203,
                    155,
                    197359,
                    1,
                    198162,
                    158,
                    199122,
                    158,
                    200082,
                    157,
                    200240,
                    1,
                    201042,
                    158,
                    201202,
                    6,
                    202002,
                    160,
                    202164,
                    4,
                    202963,
                    165,
                    203921,
                    161,
                    204083,
                    2,
                    204086,
                    2,
                    204881,
                    163,
                    205045,
                    1,
                    205841,
                    164,
                    206006,
                    2,
                    206801,
                    165,
                    206967,
                    1,
                    207761,
                    165,
                    207929,
                    1,
                    207932,
                    1,
                    207935,
                    1,
                    208721,
                    166,
                    208890,
                    2,
                    208893,
                    2,
                    209680,
                    166,
                    209847,
                    2,
                    209853,
                    3,
                    210640,
                    168,
                    210810,
                    2,
                    210814,
                    1,
                    211600,
                    170,
                    211771,
                    1,
                    211773,
                    3,
                    212561,
                    168,
                    212733,
                    3,
                    213521,
                    170,
                    213693,
                    1,
                    214480,
                    171,
                    214652,
                    1,
                    215438,
                    173,
                    215613,
                    1,
                    215615,
                    1,
                    216398,
                    173,
                    216574,
                    1,
                    217358,
                    174,
                    217534,
                    1,
                    218318,
                    174,
                    219278,
                    175,
                    219454,
                    1,
                    220238,
                    175,
                    220414,
                    1,
                    221198,
                    177,
                    222158,
                    176,
                    222335,
                    1,
                    223120,
                    176,
                    223299,
                    2,
                    223302,
                    2,
                    224080,
                    174,
                    224257,
                    2,
                    224263,
                    1,
                    225041,
                    175,
                    225218,
                    1,
                    225221,
                    2,
                    226001,
                    174,
                    226177,
                    1,
                    226179,
                    1,
                    226181,
                    2,
                    226961,
                    176,
                    227139,
                    2,
                    227920,
                    178,
                    228100,
                    1,
                    228103,
                    1,
                    228880,
                    184,
                    229840,
                    177,
                    230018,
                    5,
                    230801,
                    178,
                    230980,
                    2,
                    230983,
                    1,
                    231761,
                    178,
                    231948,
                    1,
                    232721,
                    177,
                    232899,
                    2,
                    232902,
                    1,
                    233680,
                    183,
                    234641,
                    179,
                    234821,
                    2,
                    235601,
                    179,
                    235781,
                    2,
                    236561,
                    182,
                    237521,
                    182,
                    238481,
                    179,
                    238661,
                    1,
                    238663,
                    1,
                    239441,
                    181,
                    240400,
                    183,
                    241360,
                    1,
                    241362,
                    180,
                    242320,
                    1,
                    242323,
                    179,
                    243282,
                    180,
                    243463,
                    1,
                    244241,
                    182,
                    244426,
                    1,
                    245201,
                    182,
                    245387,
                    1,
                    246160,
                    3,
                    246164,
                    180,
                    247122,
                    181,
                    248080,
                    184,
                    249040,
                    184,
                    250001,
                    2,
                    250004,
                    180,
                    250961,
                    1,
                    250964,
                    180,
                    251923,
                    3,
                    251927,
                    177,
                    252880,
                    2,
                    252883,
                    181,
                    253841,
                    1,
                    253844,
                    181,
                    254026,
                    4,
                    254801,
                    1,
                    254804,
                    181,
                    254986,
                    4,
                    255761,
                    1,
                    255764,
                    183,
                    255948,
                    2,
                    256725,
                    182,
                    256909,
                    1,
                    257685,
                    5,
                    257691,
                    176,
                    257869,
                    1,
                    258646,
                    181,
                    258829,
                    1,
                    259600,
                    1,
                    259603,
                    1,
                    259606,
                    5,
                    259612,
                    174,
                    259787,
                    1,
                    260560,
                    1,
                    260563,
                    1,
                    260566,
                    180,
                    260747,
                    1,
                    260750,
                    1,
                    261521,
                    2,
                    261526,
                    179,
                    261707,
                    1,
                    261709,
                    1,
                    262481,
                    2,
                    262486,
                    8,
                    262495,
                    171,
                    262667,
                    1,
                    262669,
                    1,
                    263442,
                    1,
                    263447,
                    179,
                    263627,
                    1,
                    264402,
                    1,
                    264408,
                    178,
                    264587,
                    1,
                    265368,
                    179,
                    266328,
                    179,
                    267289,
                    10,
                    267300,
                    167,
                    267470,
                    1,
                    268245,
                    3,
                    268249,
                    178,
                    268430,
                    1,
                    269208,
                    179,
                    269388,
                    1,
                    270168,
                    1,
                    270170,
                    177,
                    270348,
                    1,
                    271130,
                    13,
                    271144,
                    163,
                    271308,
                    1,
                    272089,
                    1,
                    272091,
                    176,
                    272268,
                    1,
                    273049,
                    1,
                    273052,
                    12,
                    273065,
                    161,
                    273228,
                    1,
                    273230,
                    1,
                    274009,
                    1,
                    274012,
                    12,
                    274026,
                    1,
                    274028,
                    158,
                    274190,
                    1,
                    274972,
                    13,
                    274987,
                    159,
                    275147,
                    1,
                    275150,
                    1,
                    275930,
                    1,
                    275933,
                    11,
                    275945,
                    2,
                    275949,
                    160,
                    276110,
                    1,
                    276888,
                    1,
                    276893,
                    12,
                    276906,
                    2,
                    276909,
                    2,
                    276912,
                    154,
                    277067,
                    1,
                    277069,
                    2,
                    277848,
                    1,
                    277853,
                    12,
                    277866,
                    2,
                    277869,
                    2,
                    277872,
                    154,
                    278027,
                    1,
                    278030,
                    1,
                    278813,
                    15,
                    278829,
                    2,
                    278832,
                    1,
                    278835,
                    151,
                    278988,
                    1,
                    279771,
                    1,
                    279774,
                    12,
                    279787,
                    1,
                    279790,
                    1,
                    279792,
                    3,
                    279796,
                    153,
                    279951,
                    1,
                    280731,
                    1,
                    280734,
                    12,
                    280747,
                    1,
                    280750,
                    1,
                    280752,
                    1,
                    280754,
                    1,
                    280756,
                    149,
                    280906,
                    3,
                    280911,
                    1,
                    281691,
                    1,
                    281695,
                    11,
                    281707,
                    2,
                    281710,
                    1,
                    281712,
                    1,
                    281716,
                    151,
                    281868,
                    1,
                    282648,
                    1,
                    282651,
                    1,
                    282655,
                    11,
                    282667,
                    1,
                    282669,
                    3,
                    282673,
                    153,
                    283608,
                    1,
                    283615,
                    1,
                    283617,
                    9,
                    283627,
                    1,
                    283630,
                    1,
                    283632,
                    1,
                    283635,
                    151,
                    283787,
                    1,
                    283789,
                    2,
                    284578,
                    8,
                    284589,
                    2,
                    284592,
                    1,
                    284594,
                    2,
                    284597,
                    147,
                    285538,
                    11,
                    285552,
                    1,
                    285554,
                    2,
                    285557,
                    147,
                    286499,
                    10,
                    286511,
                    1,
                    286514,
                    2,
                    286517,
                    147,
                    287460,
                    12,
                    287475,
                    1,
                    287477,
                    147,
                    288417,
                    2,
                    288420,
                    14,
                    288436,
                    1,
                    288438,
                    146,
                    289377,
                    2,
                    289381,
                    13,
                    289398,
                    146,
                    290341,
                    16,
                    290358,
                    146,
                    291302,
                    162,
                    292264,
                    14,
                    292279,
                    145,
                    293224,
                    15,
                    293240,
                    144,
                    294184,
                    159,
                    295145,
                    159,
                    296105,
                    21,
                    296127,
                    134,
                    296262,
                    2,
                    297064,
                    1,
                    297066,
                    158,
                    298024,
                    1,
                    298027,
                    157,
                    298985,
                    1,
                    298988,
                    25,
                    299014,
                    129,
                    299948,
                    155,
                    300909,
                    29,
                    300939,
                    124,
                    301865,
                    2,
                    301870,
                    146,
                    302017,
                    6,
                    302825,
                    1,
                    302830,
                    35,
                    302866,
                    108,
                    302975,
                    8,
                    303784,
                    1,
                    303790,
                    142,
                    303933,
                    9,
                    303943,
                    1,
                    304744,
                    1,
                    304748,
                    2,
                    304752,
                    149,
                    304902,
                    2,
                    305708,
                    2,
                    305712,
                    138,
                    305851,
                    10,
                    305863,
                    1,
                    306666,
                    1,
                    306670,
                    150,
                    306821,
                    2,
                    307635,
                    145,
                    307781,
                    3,
                    308595,
                    145,
                    308741,
                    2,
                    309556,
                    38,
                    309595,
                    94,
                    309690,
                    10,
                    310517,
                    142,
                    310663,
                    1,
                    311477,
                    141,
                    311620,
                    1,
                    311623,
                    1,
                    312435,
                    3,
                    312440,
                    35,
                    312476,
                    92,
                    312569,
                    9,
                    312580,
                    1,
                    312583,
                    1,
                    313400,
                    138,
                    314354,
                    1,
                    314359,
                    55,
                    314415,
                    48,
                    314464,
                    32,
                    314498,
                    1,
                    315323,
                    52,
                    315376,
                    80,
                    316283,
                    72,
                    316356,
                    24,
                    316381,
                    1,
                    316383,
                    32,
                    317244,
                    68,
                    317313,
                    30,
                    317344,
                    31,
                    318205,
                    66,
                    318272,
                    25,
                    318298,
                    6,
                    318305,
                    29,
                    319165,
                    53,
                    319219,
                    22,
                    319242,
                    13,
                    319256,
                    10,
                    319267,
                    6,
                    319274,
                    19,
                    319295,
                    1,
                    320123,
                    3,
                    320128,
                    51,
                    320180,
                    7,
                    320188,
                    16,
                    320205,
                    22,
                    320228,
                    25,
                    320255,
                    1,
                    321089,
                    51,
                    321141,
                    5,
                    321147,
                    65,
                    322042,
                    1,
                    322047,
                    1,
                    322050,
                    51,
                    322102,
                    47,
                    322152,
                    20,
                    322173,
                    3,
                    323008,
                    1,
                    323012,
                    118,
                    323133,
                    2,
                    323972,
                    118,
                    324092,
                    2,
                    324930,
                    1,
                    324933,
                    115,
                    325052,
                    1,
                    325895,
                    113,
                    326848,
                    1,
                    326857,
                    110,
                    326970,
                    1,
                    327808,
                    1,
                    327812,
                    2,
                    327818,
                    109,
                    327928,
                    3,
                    328773,
                    1,
                    328776,
                    1,
                    328779,
                    107,
                    328887,
                    1,
                    329730,
                    2,
                    329735,
                    1,
                    329737,
                    2,
                    329741,
                    103,
                    330704,
                    99,
                    330805,
                    2,
                    331664,
                    98,
                    331765,
                    1,
                    332625,
                    95,
                    332724,
                    2,
                    333586,
                    93,
                    333684,
                    2,
                    334549,
                    89,
                    335510,
                    86,
                    335599,
                    3,
                    336466,
                    2,
                    336473,
                    82,
                    336559,
                    1,
                    337425,
                    2,
                    337431,
                    1,
                    337436,
                    77,
                    337516,
                    2,
                    337519,
                    1,
                    338397,
                    74,
                    339357,
                    75,
                    340312,
                    2,
                    340319,
                    1,
                    340322,
                    66,
                    340391,
                    1,
                    341272,
                    2,
                    341284,
                    63,
                    342240,
                    3,
                    342246,
                    57,
                    342307,
                    2,
                    343209,
                    51,
                    344173,
                    45,
                    344222,
                    5,
                    345128,
                    1,
                    345138,
                    36,
                    345175,
                    1,
                    345178,
                    3,
                    345186,
                    4,
                    346104,
                    24,
                    347067,
                    20,
                    348047,
                    1,
                    348986,
                    8,
                    348998,
                    2,
                    349949,
                    6,
                    349957,
                    3,
                    351864,
                    3,
                    351883,
                    5
                ]
            }
        }
    ]
}