{
    "image_id": 5,
    "file_name": "Wheat_001_001_002_000.jpg",
    "width": 960,
    "height": 540,
    "annotations": [
        {
            "id": 1,
            "category_id": 1120,
            "bbox": [
                371,
                176,
                587,
                391
            ],
            "bbox_mode": 0,
            "segmentation": {
                "size": [
                    540,
                    960
                ],
                "counts": [
                    169396,
                    2,
                    169406,
                    4,
                    169416,
                    1,
                    169418,
                    3,
                    169424,
                    1,
                    169431,
                    2,
                    169444,
                    4,
                    169452,
                    2,
                    169456,
                    1,
                    169461,
                    2,
                    169465,
                    5,
                    169472,
                    1,
                    169475,
                    2,
                    170357,
                    1,
                    170370,
                    4,
                    170376,
                    1,
                    170379,
                    2,
                    170382,
                    2,
                    170386,
                    4,
                    170391,
                    1,
                    170393,
                    22,
                    170416,
                    1,
                    170426,
                    3,
                    170430,
                    2,
                    170439,
                    1,
                    171328,
                    1,
                    171330,
                    3,
                    171334,
                    2,
                    171340,
                    1,
                    171344,
                    1,
                    171346,
                    34,
                    171383,
                    7,
                    171391,
                    3,
                    171397,
                    1,
                    171399,
                    1,
                    172290,
                    4,
                    172296,
                    1,
                    172301,
                    43,
                    172349,
                    4,
                    172354,
                    1,
                    173248,
                    2,
                    173255,
                    1,
                    173257,
                    47,
                    173306,
                    4,
                    173311,
                    1,
                    173313,
                    3,
                    174209,
                    2,
                    174212,
                    57,
                    174270,
                    4,
                    174277,
                    1,
                    175168,
                    1,
                    175170,
                    62,
                    175233,
                    3,
                    176128,
                    70,
                    176206,
                    1,
                    177072,
                    1,
                    177074,
                    1,
                    177076,
                    3,
                    177085,
                    2,
                    177088,
                    71,
                    177164,
                    4,
                    177169,
                    2,
                    177172,
                    1,
                    178032,
                    4,
                    178037,
                    1,
                    178039,
                    1,
                    178042,
                    3,
                    178046,
                    72,
                    178119,
                    1,
                    178121,
                    2,
                    178124,
                    2,
                    178127,
                    1,
                    178132,
                    2,
                    178135,
                    1,
                    178992,
                    1,
                    178996,
                    2,
                    179001,
                    86,
                    179088,
                    1,
                    179092,
                    2,
                    179954,
                    1,
                    179956,
                    1,
                    179958,
                    89,
                    180048,
                    1,
                    180055,
                    1,
                    180917,
                    2,
                    180920,
                    87,
                    181010,
                    3,
                    181015,
                    1,
                    181872,
                    2,
                    181875,
                    96,
                    181973,
                    1,
                    182832,
                    3,
                    182836,
                    93,
                    182930,
                    1,
                    182934,
                    1,
                    183790,
                    103,
                    183894,
                    1,
                    184739,
                    2,
                    184743,
                    1,
                    184750,
                    101,
                    184852,
                    2,
                    184857,
                    1,
                    184861,
                    2,
                    185694,
                    1,
                    185696,
                    1,
                    185704,
                    3,
                    185708,
                    105,
                    185814,
                    2,
                    185817,
                    2,
                    185820,
                    1,
                    186654,
                    1,
                    186656,
                    1,
                    186660,
                    4,
                    186667,
                    1,
                    186669,
                    108,
                    186778,
                    1,
                    186780,
                    2,
                    187616,
                    1,
                    187618,
                    5,
                    187624,
                    1,
                    187626,
                    111,
                    187741,
                    1,
                    188578,
                    1,
                    188583,
                    114,
                    188698,
                    3,
                    188702,
                    1,
                    189525,
                    1,
                    189537,
                    2,
                    189540,
                    1,
                    189542,
                    119,
                    189663,
                    1,
                    189673,
                    1,
                    190496,
                    2,
                    190499,
                    1,
                    190501,
                    2,
                    190504,
                    118,
                    190623,
                    1,
                    190633,
                    1,
                    191456,
                    1,
                    191459,
                    1,
                    191461,
                    120,
                    191582,
                    2,
                    191593,
                    1,
                    191595,
                    1,
                    192411,
                    1,
                    192420,
                    1,
                    192422,
                    124,
                    192547,
                    5,
                    192553,
                    3,
                    193375,
                    2,
                    193378,
                    129,
                    193514,
                    2,
                    194334,
                    2,
                    194337,
                    128,
                    194466,
                    1,
                    194468,
                    4,
                    195289,
                    2,
                    195296,
                    132,
                    196249,
                    2,
                    196253,
                    136,
                    197212,
                    3,
                    197216,
                    134,
                    198162,
                    1,
                    198172,
                    139,
                    199122,
                    2,
                    199131,
                    2,
                    199134,
                    135,
                    199270,
                    1,
                    200080,
                    1,
                    200082,
                    1,
                    200085,
                    1,
                    200088,
                    2,
                    200091,
                    1,
                    200093,
                    139,
                    200236,
                    2,
                    201045,
                    3,
                    201049,
                    145,
                    201196,
                    1,
                    201199,
                    1,
                    202000,
                    1,
                    202009,
                    146,
                    202157,
                    1,
                    202159,
                    1,
                    202963,
                    2,
                    202966,
                    1,
                    202968,
                    1,
                    202970,
                    143,
                    203114,
                    1,
                    203116,
                    3,
                    203927,
                    151,
                    204881,
                    2,
                    204886,
                    151,
                    205038,
                    2,
                    205841,
                    2,
                    205845,
                    1,
                    205847,
                    151,
                    205999,
                    1,
                    206801,
                    2,
                    206804,
                    156,
                    207760,
                    2,
                    207763,
                    157,
                    207921,
                    1,
                    207925,
                    2,
                    208721,
                    2,
                    208724,
                    155,
                    208881,
                    2,
                    208885,
                    2,
                    209681,
                    1,
                    209683,
                    1,
                    209685,
                    155,
                    209842,
                    2,
                    209847,
                    1,
                    210640,
                    161,
                    210807,
                    1,
                    211601,
                    160,
                    211767,
                    1,
                    212561,
                    163,
                    212725,
                    2,
                    213522,
                    159,
                    213682,
                    2,
                    213685,
                    2,
                    214480,
                    165,
                    214646,
                    1,
                    215433,
                    1,
                    215436,
                    1,
                    215439,
                    163,
                    215603,
                    1,
                    216394,
                    1,
                    216396,
                    3,
                    216400,
                    164,
                    217352,
                    1,
                    217354,
                    170,
                    217526,
                    1,
                    218312,
                    1,
                    218314,
                    1,
                    218317,
                    169,
                    219273,
                    1,
                    219276,
                    168,
                    219445,
                    1,
                    220233,
                    1,
                    220236,
                    170,
                    220407,
                    1,
                    221193,
                    2,
                    221196,
                    171,
                    222152,
                    1,
                    222154,
                    1,
                    222156,
                    171,
                    223112,
                    176,
                    223292,
                    1,
                    223294,
                    2,
                    224073,
                    1,
                    224075,
                    172,
                    224248,
                    2,
                    224252,
                    1,
                    224254,
                    1,
                    225030,
                    1,
                    225032,
                    178,
                    225213,
                    1,
                    225989,
                    1,
                    225992,
                    176,
                    226169,
                    2,
                    226950,
                    1,
                    226952,
                    179,
                    227912,
                    180,
                    228095,
                    1,
                    228871,
                    180,
                    229831,
                    180,
                    230013,
                    1,
                    230785,
                    2,
                    230790,
                    183,
                    230974,
                    1,
                    231746,
                    1,
                    231749,
                    183,
                    231934,
                    1,
                    232704,
                    2,
                    232709,
                    183,
                    232894,
                    1,
                    233665,
                    1,
                    233667,
                    1,
                    233669,
                    182,
                    233852,
                    1,
                    234625,
                    3,
                    234629,
                    184,
                    235585,
                    1,
                    235587,
                    186,
                    236548,
                    184,
                    236733,
                    1,
                    237508,
                    184,
                    237693,
                    1,
                    237695,
                    1,
                    238465,
                    1,
                    238468,
                    185,
                    239424,
                    2,
                    239428,
                    185,
                    239614,
                    1,
                    240387,
                    189,
                    241344,
                    1,
                    241347,
                    188,
                    242304,
                    1,
                    242306,
                    1,
                    242308,
                    187,
                    243264,
                    192,
                    244225,
                    191,
                    245186,
                    190,
                    246145,
                    1,
                    246147,
                    188,
                    246336,
                    1,
                    246340,
                    3,
                    247105,
                    192,
                    247300,
                    2,
                    248064,
                    1,
                    248066,
                    191,
                    249024,
                    193,
                    249984,
                    193,
                    250944,
                    192,
                    251903,
                    193,
                    252099,
                    1,
                    252864,
                    193,
                    253058,
                    3,
                    253818,
                    2,
                    253822,
                    197,
                    254022,
                    1,
                    254778,
                    2,
                    254782,
                    197,
                    254982,
                    1,
                    255739,
                    1,
                    255742,
                    1,
                    255744,
                    195,
                    255940,
                    1,
                    255942,
                    1,
                    256699,
                    1,
                    256702,
                    1,
                    256704,
                    195,
                    256900,
                    1,
                    256902,
                    1,
                    257656,
                    1,
                    257661,
                    1,
                    257663,
                    198,
                    257862,
                    1,
                    258616,
                    1,
                    258621,
                    200,
                    258822,
                    1,
                    259576,
                    1,
                    259581,
                    1,
                    259583,
                    198,
                    259782,
                    1,
                    260536,
                    1,
                    260541,
                    1,
                    260543,
                    196,
                    260740,
                    1,
                    260742,
                    1,
                    261497,
                    1,
                    261501,
                    196,
                    262457,
                    1,
                    262461,
                    196,
                    262662,
                    1,
                    263417,
                    1,
                    263421,
                    1,
                    263423,
                    194,
                    263622,
                    1,
                    264377,
                    1,
                    264383,
                    194,
                    264582,
                    1,
                    265337,
                    1,
                    265343,
                    194,
                    265542,
                    1,
                    266296,
                    2,
                    266302,
                    195,
                    266502,
                    1,
                    267256,
                    2,
                    267262,
                    195,
                    267462,
                    1,
                    268216,
                    2,
                    268222,
                    195,
                    268422,
                    1,
                    269176,
                    1,
                    269183,
                    194,
                    269382,
                    1,
                    270136,
                    1,
                    270143,
                    194,
                    270342,
                    1,
                    271096,
                    1,
                    271103,
                    194,
                    271298,
                    1,
                    271302,
                    1,
                    272056,
                    1,
                    272063,
                    194,
                    272258,
                    1,
                    272262,
                    1,
                    273016,
                    1,
                    273023,
                    194,
                    273218,
                    1,
                    273222,
                    1,
                    273976,
                    1,
                    273983,
                    194,
                    274178,
                    1,
                    274182,
                    1,
                    274936,
                    1,
                    274943,
                    192,
                    275136,
                    1,
                    275138,
                    1,
                    275142,
                    1,
                    275896,
                    1,
                    275899,
                    1,
                    275902,
                    193,
                    276096,
                    1,
                    276098,
                    1,
                    276851,
                    2,
                    276856,
                    1,
                    276859,
                    1,
                    276861,
                    193,
                    277055,
                    2,
                    277058,
                    2,
                    277811,
                    1,
                    277813,
                    1,
                    277819,
                    1,
                    277821,
                    193,
                    278015,
                    2,
                    278018,
                    2,
                    278026,
                    2,
                    278771,
                    1,
                    278773,
                    1,
                    278779,
                    1,
                    278781,
                    193,
                    278975,
                    2,
                    278978,
                    2,
                    278986,
                    2,
                    279732,
                    2,
                    279739,
                    1,
                    279741,
                    193,
                    279935,
                    2,
                    279938,
                    2,
                    279946,
                    2,
                    280692,
                    2,
                    280696,
                    1,
                    280699,
                    1,
                    280701,
                    1,
                    280703,
                    192,
                    280896,
                    1,
                    280898,
                    1,
                    280906,
                    2,
                    281656,
                    1,
                    281659,
                    1,
                    281661,
                    192,
                    281854,
                    3,
                    281858,
                    1,
                    281862,
                    1,
                    281867,
                    1,
                    282619,
                    3,
                    282623,
                    190,
                    282814,
                    3,
                    282818,
                    1,
                    282822,
                    2,
                    283579,
                    3,
                    283583,
                    194,
                    283778,
                    1,
                    284537,
                    3,
                    284541,
                    1,
                    284543,
                    190,
                    284735,
                    4,
                    285497,
                    1,
                    285500,
                    3,
                    285504,
                    194,
                    286460,
                    197,
                    287416,
                    1,
                    287419,
                    2,
                    287422,
                    190,
                    287613,
                    4,
                    288376,
                    1,
                    288379,
                    1,
                    288382,
                    193,
                    288576,
                    1,
                    289336,
                    1,
                    289343,
                    3,
                    289347,
                    184,
                    289532,
                    5,
                    290303,
                    191,
                    290495,
                    2,
                    291261,
                    2,
                    291264,
                    3,
                    291268,
                    184,
                    291453,
                    1,
                    291455,
                    1,
                    292224,
                    2,
                    292228,
                    182,
                    292411,
                    1,
                    292415,
                    1,
                    293184,
                    3,
                    293188,
                    182,
                    293374,
                    2,
                    294144,
                    187,
                    294333,
                    2,
                    295104,
                    185,
                    295290,
                    1,
                    295293,
                    2,
                    296064,
                    4,
                    296069,
                    180,
                    296250,
                    2,
                    296253,
                    2,
                    297025,
                    3,
                    297029,
                    179,
                    297209,
                    2,
                    297213,
                    2,
                    297985,
                    2,
                    297988,
                    180,
                    298173,
                    2,
                    298945,
                    2,
                    298948,
                    181,
                    299132,
                    3,
                    299904,
                    3,
                    299910,
                    179,
                    300092,
                    2,
                    300864,
                    3,
                    300868,
                    1,
                    300870,
                    180,
                    301052,
                    2,
                    301825,
                    4,
                    301830,
                    176,
                    302007,
                    3,
                    302011,
                    3,
                    302015,
                    1,
                    302786,
                    3,
                    302790,
                    180,
                    302971,
                    3,
                    302975,
                    1,
                    303744,
                    1,
                    303746,
                    190,
                    304704,
                    1,
                    304706,
                    4,
                    304711,
                    174,
                    304886,
                    7,
                    305664,
                    1,
                    305667,
                    1,
                    305669,
                    183,
                    305854,
                    1,
                    306624,
                    1,
                    306627,
                    1,
                    306629,
                    175,
                    306805,
                    7,
                    306813,
                    2,
                    307585,
                    187,
                    307773,
                    2,
                    308547,
                    6,
                    308554,
                    2,
                    308557,
                    166,
                    308724,
                    8,
                    308733,
                    2,
                    309508,
                    183,
                    309694,
                    2,
                    310468,
                    183,
                    310655,
                    1,
                    311428,
                    6,
                    311435,
                    2,
                    311438,
                    164,
                    311603,
                    7,
                    311612,
                    1,
                    311615,
                    1,
                    312389,
                    5,
                    312395,
                    166,
                    312562,
                    8,
                    312571,
                    2,
                    313349,
                    6,
                    313356,
                    2,
                    313359,
                    171,
                    313532,
                    1,
                    314305,
                    2,
                    314310,
                    5,
                    314316,
                    3,
                    314320,
                    169,
                    314492,
                    2,
                    315267,
                    1,
                    315270,
                    178,
                    316224,
                    1,
                    316227,
                    1,
                    316230,
                    178,
                    317184,
                    1,
                    317187,
                    1,
                    317191,
                    9,
                    317201,
                    166,
                    318144,
                    1,
                    318148,
                    1,
                    318151,
                    176,
                    319104,
                    1,
                    319108,
                    1,
                    319112,
                    175,
                    320068,
                    1,
                    320072,
                    174,
                    321026,
                    1,
                    321033,
                    9,
                    321043,
                    162,
                    321985,
                    2,
                    321992,
                    19,
                    322012,
                    144,
                    322157,
                    8,
                    322167,
                    1,
                    322953,
                    10,
                    322964,
                    160,
                    323914,
                    15,
                    323931,
                    1,
                    323933,
                    134,
                    324068,
                    7,
                    324076,
                    8,
                    324875,
                    9,
                    324885,
                    2,
                    324894,
                    130,
                    325025,
                    8,
                    325035,
                    8,
                    325046,
                    2,
                    325835,
                    10,
                    325846,
                    1,
                    325848,
                    1,
                    325852,
                    1,
                    325854,
                    149,
                    326005,
                    2,
                    326793,
                    1,
                    326796,
                    12,
                    326816,
                    146,
                    326964,
                    3,
                    327756,
                    13,
                    327775,
                    1,
                    327777,
                    126,
                    327904,
                    18,
                    327924,
                    2,
                    328717,
                    11,
                    328737,
                    125,
                    328863,
                    18,
                    328883,
                    2,
                    329677,
                    11,
                    329696,
                    1,
                    329698,
                    124,
                    329823,
                    17,
                    329843,
                    1,
                    329847,
                    1,
                    330638,
                    13,
                    330652,
                    1,
                    330654,
                    1,
                    330656,
                    143,
                    331598,
                    12,
                    331618,
                    141,
                    332559,
                    12,
                    332579,
                    139,
                    333520,
                    12,
                    333539,
                    120,
                    333660,
                    17,
                    334481,
                    11,
                    334493,
                    1,
                    334502,
                    134,
                    335441,
                    12,
                    335454,
                    1,
                    335459,
                    1,
                    335461,
                    1,
                    335463,
                    115,
                    335579,
                    17,
                    335598,
                    1,
                    336397,
                    1,
                    336402,
                    12,
                    336424,
                    99,
                    336525,
                    30,
                    336558,
                    1,
                    337352,
                    1,
                    337357,
                    1,
                    337363,
                    11,
                    337376,
                    1,
                    337381,
                    1,
                    337383,
                    1,
                    337385,
                    105,
                    337492,
                    5,
                    337498,
                    16,
                    337516,
                    1,
                    338323,
                    13,
                    338340,
                    1,
                    338342,
                    4,
                    338347,
                    94,
                    338442,
                    32,
                    339284,
                    12,
                    339297,
                    2,
                    339301,
                    6,
                    339308,
                    125,
                    340242,
                    1,
                    340245,
                    12,
                    340258,
                    134,
                    341202,
                    1,
                    341205,
                    74,
                    341280,
                    39,
                    341320,
                    31,
                    342165,
                    146,
                    343120,
                    1,
                    343126,
                    42,
                    343170,
                    1,
                    343172,
                    98,
                    344083,
                    2,
                    344087,
                    26,
                    344114,
                    14,
                    344129,
                    100,
                    344239,
                    1,
                    345043,
                    1,
                    345047,
                    1,
                    345049,
                    38,
                    345088,
                    6,
                    345095,
                    61,
                    345157,
                    2,
                    345160,
                    28,
                    345198,
                    2,
                    346010,
                    25,
                    346036,
                    20,
                    346057,
                    58,
                    346116,
                    31,
                    346149,
                    1,
                    346971,
                    25,
                    346997,
                    7,
                    347005,
                    50,
                    347056,
                    2,
                    347059,
                    16,
                    347076,
                    31,
                    347109,
                    1,
                    347928,
                    1,
                    347932,
                    90,
                    348024,
                    42,
                    348888,
                    1,
                    348893,
                    25,
                    348919,
                    3,
                    348923,
                    18,
                    348942,
                    31,
                    348974,
                    12,
                    348988,
                    8,
                    348998,
                    26,
                    349850,
                    1,
                    349854,
                    27,
                    349882,
                    16,
                    349899,
                    12,
                    349912,
                    20,
                    349933,
                    50,
                    349986,
                    1,
                    349991,
                    1,
                    350810,
                    2,
                    350816,
                    27,
                    350844,
                    20,
                    350865,
                    77,
                    350945,
                    2,
                    350951,
                    1,
                    351770,
                    2,
                    351776,
                    50,
                    351830,
                    20,
                    351851,
                    49,
                    352737,
                    72,
                    352810,
                    49,
                    352868,
                    2,
                    353699,
                    53,
                    353754,
                    64,
                    354659,
                    56,
                    354716,
                    8,
                    354725,
                    52,
                    355621,
                    57,
                    355679,
                    8,
                    355688,
                    48,
                    356577,
                    3,
                    356582,
                    59,
                    356642,
                    52,
                    357537,
                    3,
                    357544,
                    59,
                    357604,
                    1,
                    357606,
                    46,
                    357653,
                    1,
                    357655,
                    1,
                    358496,
                    1,
                    358502,
                    2,
                    358506,
                    105,
                    358612,
                    2,
                    359462,
                    2,
                    359467,
                    103,
                    359572,
                    3,
                    359583,
                    1,
                    360418,
                    2,
                    360424,
                    3,
                    360429,
                    99,
                    360530,
                    1,
                    360534,
                    2,
                    360542,
                    2,
                    361392,
                    95,
                    362352,
                    94,
                    363314,
                    89,
                    363407,
                    1,
                    364275,
                    87,
                    364367,
                    1,
                    365237,
                    82,
                    365323,
                    3,
                    366193,
                    3,
                    366198,
                    78,
                    367154,
                    2,
                    367161,
                    73,
                    367238,
                    4,
                    368112,
                    1,
                    368120,
                    2,
                    368125,
                    66,
                    368196,
                    2,
                    369088,
                    64,
                    370049,
                    58,
                    371013,
                    51,
                    371070,
                    2,
                    371968,
                    2,
                    371976,
                    46,
                    372024,
                    8,
                    372931,
                    2,
                    372938,
                    36,
                    372986,
                    2,
                    373906,
                    21,
                    374848,
                    2,
                    374856,
                    3,
                    374875,
                    4,
                    374894,
                    2,
                    374907,
                    5,
                    375811,
                    3,
                    375818,
                    5,
                    375835,
                    1,
                    375840,
                    2
                ]
            }
        }
    ]
}