{
    "image_id": 30,
    "file_name": "Wheat_003_001_002_001.jpg",
    "width": 960,
    "height": 540,
    "annotations": [
        {
            "id": 1,
            "category_id": 3121,
            "bbox": [
                392,
                160,
                591,
                383
            ],
            "bbox_mode": 0,
            "segmentation": {
                "size": [
                    540,
                    960
                ],
                "counts": [
                    154126,
                    1,
                    156000,
                    3,
                    156955,
                    3,
                    156959,
                    3,
                    157912,
                    2,
                    157915,
                    6,
                    157925,
                    1,
                    157928,
                    3,
                    158865,
                    1,
                    158868,
                    1,
                    158875,
                    2,
                    158880,
                    1,
                    158883,
                    2,
                    158886,
                    2,
                    159824,
                    1,
                    159826,
                    1,
                    159886,
                    1,
                    160846,
                    1,
                    161745,
                    2,
                    161748,
                    1,
                    161750,
                    3,
                    161754,
                    1,
                    161759,
                    2,
                    161762,
                    2,
                    161768,
                    1,
                    161770,
                    16,
                    161787,
                    5,
                    161793,
                    2,
                    161798,
                    1,
                    161800,
                    3,
                    161807,
                    2,
                    161810,
                    1,
                    162704,
                    2,
                    162707,
                    2,
                    162711,
                    1,
                    162714,
                    1,
                    162720,
                    2,
                    162723,
                    1,
                    162725,
                    33,
                    162760,
                    2,
                    162764,
                    2,
                    162768,
                    1,
                    162770,
                    2,
                    162774,
                    2,
                    162782,
                    1,
                    163664,
                    1,
                    163666,
                    2,
                    163672,
                    3,
                    163678,
                    2,
                    163681,
                    3,
                    163685,
                    33,
                    163719,
                    3,
                    163723,
                    2,
                    163726,
                    4,
                    163732,
                    2,
                    163735,
                    1,
                    163741,
                    3,
                    164624,
                    1,
                    164628,
                    2,
                    164632,
                    1,
                    164634,
                    2,
                    164637,
                    50,
                    164690,
                    1,
                    164693,
                    2,
                    164702,
                    2,
                    165584,
                    1,
                    165587,
                    1,
                    165589,
                    63,
                    165653,
                    1,
                    166544,
                    3,
                    166549,
                    60,
                    166610,
                    2,
                    166614,
                    2,
                    167504,
                    3,
                    167508,
                    66,
                    167575,
                    1,
                    168466,
                    70,
                    169394,
                    1,
                    169408,
                    1,
                    169410,
                    1,
                    169412,
                    2,
                    169415,
                    2,
                    169418,
                    2,
                    169422,
                    76,
                    169499,
                    2,
                    169502,
                    1,
                    169509,
                    2,
                    170354,
                    1,
                    170368,
                    3,
                    170372,
                    1,
                    170374,
                    1,
                    170377,
                    2,
                    170381,
                    2,
                    170384,
                    81,
                    170467,
                    1,
                    170469,
                    1,
                    170471,
                    2,
                    171328,
                    5,
                    171334,
                    1,
                    171336,
                    1,
                    171340,
                    82,
                    171425,
                    1,
                    171429,
                    3,
                    172279,
                    3,
                    172283,
                    4,
                    172289,
                    4,
                    172294,
                    2,
                    172298,
                    84,
                    172383,
                    4,
                    173238,
                    5,
                    173245,
                    1,
                    173249,
                    1,
                    173251,
                    6,
                    173258,
                    88,
                    173351,
                    1,
                    174200,
                    4,
                    174208,
                    97,
                    174306,
                    2,
                    174309,
                    3,
                    175168,
                    1,
                    175172,
                    96,
                    175270,
                    1,
                    175277,
                    1,
                    176128,
                    101,
                    176230,
                    2,
                    177081,
                    2,
                    177085,
                    1,
                    177087,
                    1,
                    177089,
                    101,
                    177191,
                    3,
                    177196,
                    4,
                    178040,
                    2,
                    178044,
                    1,
                    178046,
                    1,
                    178048,
                    107,
                    178156,
                    1,
                    178158,
                    2,
                    179000,
                    5,
                    179006,
                    107,
                    179115,
                    2,
                    179118,
                    1,
                    179960,
                    1,
                    179962,
                    113,
                    180076,
                    2,
                    180921,
                    116,
                    181039,
                    1,
                    181880,
                    117,
                    181999,
                    1,
                    182840,
                    120,
                    183800,
                    117,
                    183918,
                    2,
                    184750,
                    1,
                    184754,
                    1,
                    184756,
                    125,
                    184884,
                    2,
                    185712,
                    131,
                    185846,
                    2,
                    186673,
                    3,
                    186678,
                    124,
                    186803,
                    3,
                    186810,
                    1,
                    186812,
                    1,
                    187632,
                    131,
                    187765,
                    1,
                    187767,
                    1,
                    188592,
                    1,
                    188594,
                    134,
                    189551,
                    1,
                    189554,
                    132,
                    190502,
                    2,
                    190511,
                    136,
                    190655,
                    1,
                    191462,
                    2,
                    191472,
                    134,
                    191615,
                    1,
                    192424,
                    3,
                    192431,
                    135,
                    192567,
                    3,
                    192571,
                    1,
                    192574,
                    2,
                    193385,
                    5,
                    193391,
                    137,
                    193529,
                    1,
                    193532,
                    1,
                    193534,
                    1,
                    194344,
                    145,
                    194491,
                    2,
                    194494,
                    1,
                    195304,
                    1,
                    195306,
                    1,
                    195308,
                    141,
                    195450,
                    5,
                    196266,
                    142,
                    196409,
                    1,
                    196411,
                    1,
                    196414,
                    1,
                    197226,
                    143,
                    197370,
                    1,
                    197374,
                    1,
                    198182,
                    1,
                    198184,
                    1,
                    198186,
                    145,
                    198332,
                    1,
                    199144,
                    147,
                    199292,
                    1,
                    200096,
                    2,
                    200099,
                    2,
                    200102,
                    2,
                    200105,
                    148,
                    201056,
                    1,
                    201061,
                    151,
                    202017,
                    3,
                    202022,
                    153,
                    202977,
                    1,
                    202979,
                    157,
                    203936,
                    2,
                    203939,
                    155,
                    204897,
                    156,
                    205055,
                    1,
                    205857,
                    159,
                    206816,
                    159,
                    207768,
                    1,
                    207770,
                    2,
                    207773,
                    1,
                    207776,
                    160,
                    207937,
                    3,
                    208730,
                    1,
                    208735,
                    162,
                    208899,
                    1,
                    208902,
                    1,
                    209689,
                    2,
                    209692,
                    1,
                    209696,
                    163,
                    209860,
                    3,
                    210648,
                    3,
                    210652,
                    1,
                    210656,
                    163,
                    210820,
                    3,
                    211608,
                    170,
                    211780,
                    2,
                    212569,
                    1,
                    212571,
                    1,
                    212573,
                    166,
                    212740,
                    1,
                    213529,
                    1,
                    213531,
                    2,
                    213534,
                    165,
                    213701,
                    2,
                    214489,
                    2,
                    214493,
                    1,
                    214495,
                    164,
                    214660,
                    2,
                    215444,
                    1,
                    215448,
                    170,
                    215619,
                    1,
                    215621,
                    1,
                    215623,
                    1,
                    216404,
                    2,
                    216409,
                    171,
                    216583,
                    1,
                    217368,
                    3,
                    217372,
                    168,
                    217543,
                    1,
                    218328,
                    1,
                    218331,
                    168,
                    218500,
                    1,
                    219289,
                    172,
                    219466,
                    1,
                    220248,
                    174,
                    221209,
                    173,
                    222169,
                    175,
                    223120,
                    1,
                    223122,
                    1,
                    223125,
                    2,
                    223128,
                    175,
                    224082,
                    1,
                    224084,
                    2,
                    224088,
                    174,
                    224263,
                    1,
                    225043,
                    2,
                    225047,
                    175,
                    225223,
                    1,
                    226001,
                    1,
                    226004,
                    2,
                    226007,
                    176,
                    226961,
                    1,
                    226965,
                    178,
                    227921,
                    1,
                    227925,
                    178,
                    228881,
                    1,
                    228883,
                    1,
                    228885,
                    179,
                    229841,
                    3,
                    229845,
                    179,
                    230801,
                    2,
                    230804,
                    179,
                    230991,
                    1,
                    231760,
                    1,
                    231765,
                    178,
                    232722,
                    1,
                    232724,
                    181,
                    233680,
                    1,
                    233682,
                    1,
                    233684,
                    181,
                    234640,
                    2,
                    234644,
                    182,
                    235601,
                    1,
                    235603,
                    183,
                    236562,
                    184,
                    237521,
                    185,
                    238480,
                    185,
                    238668,
                    2,
                    238671,
                    1,
                    239440,
                    184,
                    239631,
                    1,
                    240400,
                    1,
                    240403,
                    182,
                    241361,
                    186,
                    242320,
                    187,
                    243281,
                    186,
                    244240,
                    187,
                    244428,
                    1,
                    244430,
                    1,
                    245200,
                    187,
                    245388,
                    1,
                    245390,
                    1,
                    246153,
                    2,
                    246157,
                    2,
                    246160,
                    185,
                    246349,
                    1,
                    247113,
                    2,
                    247118,
                    188,
                    247309,
                    1,
                    248078,
                    188,
                    248269,
                    1,
                    249035,
                    1,
                    249038,
                    188,
                    250000,
                    186,
                    250187,
                    1,
                    250957,
                    1,
                    250959,
                    187,
                    251147,
                    1,
                    251913,
                    2,
                    251916,
                    190,
                    252109,
                    1,
                    252873,
                    2,
                    252876,
                    190,
                    253069,
                    1,
                    253833,
                    2,
                    253836,
                    190,
                    254027,
                    1,
                    254029,
                    1,
                    254793,
                    2,
                    254798,
                    187,
                    254987,
                    1,
                    254989,
                    1,
                    255753,
                    1,
                    255759,
                    187,
                    255949,
                    1,
                    256716,
                    1,
                    256718,
                    188,
                    256909,
                    1,
                    257676,
                    1,
                    257678,
                    188,
                    257867,
                    1,
                    257869,
                    1,
                    258636,
                    1,
                    258638,
                    188,
                    258827,
                    1,
                    259593,
                    1,
                    259596,
                    1,
                    259598,
                    188,
                    259787,
                    1,
                    259791,
                    1,
                    260552,
                    2,
                    260556,
                    190,
                    260747,
                    1,
                    260751,
                    1,
                    261513,
                    1,
                    261515,
                    1,
                    261517,
                    188,
                    261707,
                    1,
                    261710,
                    1,
                    262475,
                    1,
                    262477,
                    188,
                    262667,
                    1,
                    262670,
                    1,
                    263433,
                    1,
                    263435,
                    190,
                    263627,
                    1,
                    263630,
                    1,
                    264392,
                    2,
                    264395,
                    190,
                    264590,
                    1,
                    265352,
                    1,
                    265356,
                    1,
                    265358,
                    188,
                    265550,
                    1,
                    266312,
                    1,
                    266318,
                    188,
                    266510,
                    1,
                    267274,
                    1,
                    267277,
                    189,
                    267468,
                    1,
                    267470,
                    1,
                    268234,
                    1,
                    268237,
                    189,
                    268428,
                    1,
                    268430,
                    1,
                    269196,
                    190,
                    269387,
                    1,
                    270156,
                    189,
                    270347,
                    1,
                    271115,
                    189,
                    272073,
                    1,
                    272075,
                    1,
                    272077,
                    187,
                    273033,
                    1,
                    273035,
                    1,
                    273037,
                    187,
                    273225,
                    1,
                    273993,
                    1,
                    273995,
                    1,
                    273997,
                    188,
                    274955,
                    1,
                    274957,
                    187,
                    275149,
                    1,
                    275915,
                    189,
                    276108,
                    2,
                    276872,
                    2,
                    276875,
                    189,
                    277832,
                    2,
                    277835,
                    188,
                    278024,
                    1,
                    278792,
                    1,
                    278795,
                    188,
                    279756,
                    187,
                    280716,
                    186,
                    280903,
                    1,
                    281674,
                    1,
                    281676,
                    185,
                    281862,
                    2,
                    282636,
                    188,
                    283594,
                    1,
                    283596,
                    1,
                    283598,
                    184,
                    283783,
                    1,
                    284555,
                    189,
                    285517,
                    185,
                    286476,
                    1,
                    286478,
                    183,
                    287437,
                    184,
                    287622,
                    1,
                    288393,
                    1,
                    288397,
                    186,
                    289357,
                    183,
                    289541,
                    2,
                    290312,
                    1,
                    290317,
                    185,
                    291272,
                    1,
                    291277,
                    186,
                    292233,
                    1,
                    292238,
                    181,
                    292420,
                    1,
                    292422,
                    2,
                    293193,
                    1,
                    293198,
                    179,
                    293378,
                    1,
                    293380,
                    1,
                    293382,
                    2,
                    294153,
                    1,
                    294157,
                    180,
                    294338,
                    1,
                    294340,
                    1,
                    294343,
                    1,
                    295117,
                    1,
                    295119,
                    180,
                    295301,
                    1,
                    296077,
                    1,
                    296079,
                    180,
                    296261,
                    1,
                    297040,
                    178,
                    297221,
                    2,
                    297999,
                    176,
                    298176,
                    1,
                    298179,
                    1,
                    298181,
                    2,
                    298959,
                    175,
                    299135,
                    2,
                    299139,
                    1,
                    299141,
                    2,
                    299921,
                    175,
                    300880,
                    176,
                    301840,
                    175,
                    302800,
                    175,
                    303760,
                    1,
                    303762,
                    173,
                    304721,
                    174,
                    305681,
                    173,
                    306640,
                    2,
                    306643,
                    170,
                    307600,
                    1,
                    307602,
                    171,
                    308560,
                    1,
                    308562,
                    171,
                    309520,
                    173,
                    310481,
                    1,
                    310484,
                    168,
                    311441,
                    1,
                    311443,
                    3,
                    311447,
                    164,
                    312401,
                    1,
                    312403,
                    168,
                    313361,
                    1,
                    313363,
                    2,
                    313366,
                    164,
                    313532,
                    1,
                    314321,
                    2,
                    314324,
                    4,
                    314329,
                    155,
                    314485,
                    5,
                    314492,
                    1,
                    315283,
                    3,
                    315287,
                    161,
                    316241,
                    1,
                    316244,
                    4,
                    316249,
                    153,
                    316403,
                    5,
                    317201,
                    1,
                    317203,
                    4,
                    317209,
                    151,
                    317361,
                    1,
                    317363,
                    4,
                    318161,
                    1,
                    318163,
                    1,
                    318165,
                    4,
                    318170,
                    150,
                    318322,
                    6,
                    319126,
                    152,
                    319280,
                    7,
                    320083,
                    1,
                    320085,
                    151,
                    320239,
                    6,
                    320247,
                    1,
                    321042,
                    2,
                    321046,
                    3,
                    321050,
                    146,
                    321197,
                    8,
                    321207,
                    1,
                    322001,
                    2,
                    322005,
                    160,
                    322968,
                    2,
                    322971,
                    143,
                    323117,
                    7,
                    323928,
                    147,
                    324076,
                    7,
                    324085,
                    2,
                    324888,
                    3,
                    324892,
                    142,
                    325035,
                    7,
                    325044,
                    2,
                    325850,
                    143,
                    325994,
                    8,
                    326004,
                    2,
                    326810,
                    2,
                    326813,
                    149,
                    326963,
                    2,
                    327768,
                    1,
                    327771,
                    149,
                    327922,
                    3,
                    328728,
                    1,
                    328731,
                    8,
                    328740,
                    140,
                    328882,
                    1,
                    328886,
                    1,
                    329690,
                    140,
                    329831,
                    7,
                    329841,
                    2,
                    329845,
                    2,
                    330649,
                    1,
                    330652,
                    136,
                    330789,
                    9,
                    331609,
                    1,
                    331612,
                    145,
                    332569,
                    2,
                    332572,
                    145,
                    333528,
                    1,
                    333531,
                    1,
                    333534,
                    142,
                    333679,
                    1,
                    334488,
                    1,
                    334491,
                    2,
                    334494,
                    141,
                    334637,
                    2,
                    335448,
                    1,
                    335451,
                    2,
                    335456,
                    124,
                    335581,
                    13,
                    335597,
                    2,
                    336417,
                    135,
                    337370,
                    1,
                    337375,
                    1,
                    337377,
                    134,
                    338336,
                    1,
                    338338,
                    117,
                    338456,
                    15,
                    339296,
                    1,
                    339298,
                    115,
                    339414,
                    16,
                    340257,
                    2,
                    340260,
                    110,
                    340371,
                    2,
                    340374,
                    15,
                    341217,
                    2,
                    341220,
                    107,
                    341329,
                    19,
                    341351,
                    1,
                    342180,
                    110,
                    342292,
                    15,
                    342310,
                    2,
                    343139,
                    1,
                    343142,
                    14,
                    343157,
                    95,
                    343254,
                    12,
                    344099,
                    1,
                    344102,
                    103,
                    344207,
                    18,
                    345064,
                    98,
                    345163,
                    9,
                    345173,
                    10,
                    345187,
                    2,
                    346024,
                    16,
                    346041,
                    87,
                    346129,
                    13,
                    346985,
                    93,
                    347079,
                    22,
                    347103,
                    1,
                    347946,
                    92,
                    348039,
                    20,
                    348904,
                    1,
                    348908,
                    110,
                    349864,
                    2,
                    349869,
                    88,
                    349958,
                    18,
                    349980,
                    3,
                    350826,
                    2,
                    350830,
                    21,
                    350852,
                    65,
                    350918,
                    17,
                    350937,
                    2,
                    350943,
                    1,
                    351786,
                    2,
                    351791,
                    104,
                    351896,
                    2,
                    352744,
                    1,
                    352749,
                    1,
                    352753,
                    100,
                    352855,
                    1,
                    352860,
                    2,
                    353714,
                    79,
                    353794,
                    18,
                    353815,
                    1,
                    354672,
                    1,
                    354675,
                    73,
                    354749,
                    22,
                    354775,
                    1,
                    355632,
                    1,
                    355637,
                    30,
                    355668,
                    36,
                    355705,
                    23,
                    356593,
                    2,
                    356598,
                    61,
                    356660,
                    26,
                    357554,
                    2,
                    357560,
                    38,
                    357600,
                    45,
                    357648,
                    2,
                    358521,
                    82,
                    359478,
                    2,
                    359482,
                    79,
                    359566,
                    2,
                    360434,
                    3,
                    360440,
                    2,
                    360445,
                    73,
                    360524,
                    2,
                    360530,
                    4,
                    361409,
                    67,
                    361479,
                    1,
                    362368,
                    67,
                    362439,
                    1,
                    363332,
                    60,
                    363399,
                    1,
                    364293,
                    56,
                    364357,
                    2,
                    365250,
                    2,
                    365257,
                    47,
                    365312,
                    3,
                    365317,
                    3,
                    366210,
                    1,
                    366215,
                    1,
                    366221,
                    40,
                    366278,
                    2,
                    367174,
                    5,
                    367184,
                    33,
                    367224,
                    4,
                    368130,
                    1,
                    368154,
                    10,
                    368178,
                    4,
                    368188,
                    4,
                    368194,
                    3
                ]
            }
        }
    ]
}