{
    "image_id": 29,
    "file_name": "Wheat_003_001_002_000.jpg",
    "width": 960,
    "height": 540,
    "annotations": [
        {
            "id": 1,
            "category_id": 3120,
            "bbox": [
                384,
                176,
                575,
                383
            ],
            "bbox_mode": 0,
            "segmentation": {
                "size": [
                    540,
                    960
                ],
                "counts": [
                    169394,
                    1,
                    169422,
                    3,
                    169427,
                    2,
                    169433,
                    2,
                    169440,
                    1,
                    169447,
                    1,
                    169466,
                    6,
                    170390,
                    2,
                    170403,
                    3,
                    170407,
                    1,
                    170410,
                    6,
                    170430,
                    1,
                    171345,
                    2,
                    171350,
                    1,
                    171352,
                    2,
                    171361,
                    2,
                    171364,
                    2,
                    171367,
                    1,
                    171370,
                    2,
                    172298,
                    2,
                    172304,
                    1,
                    172307,
                    3,
                    172313,
                    1,
                    172324,
                    3,
                    172338,
                    2,
                    173242,
                    2,
                    173264,
                    2,
                    173269,
                    2,
                    173276,
                    4,
                    173288,
                    1,
                    173292,
                    2,
                    173300,
                    2,
                    174200,
                    3,
                    174217,
                    1,
                    174225,
                    3,
                    174229,
                    1,
                    174232,
                    1,
                    174240,
                    2,
                    174247,
                    1,
                    174253,
                    1,
                    175159,
                    1,
                    175163,
                    1,
                    175176,
                    2,
                    175181,
                    4,
                    175186,
                    9,
                    175196,
                    12,
                    175209,
                    4,
                    175227,
                    1,
                    175229,
                    2,
                    176136,
                    3,
                    176140,
                    33,
                    176175,
                    1,
                    176188,
                    2,
                    177080,
                    1,
                    177088,
                    2,
                    177094,
                    2,
                    177097,
                    37,
                    177135,
                    5,
                    177143,
                    2,
                    177151,
                    2,
                    177158,
                    2,
                    178049,
                    1,
                    178051,
                    48,
                    178100,
                    4,
                    178108,
                    2,
                    178112,
                    1,
                    178114,
                    3,
                    178992,
                    2,
                    179000,
                    3,
                    179004,
                    1,
                    179008,
                    59,
                    179068,
                    1,
                    179070,
                    2,
                    179075,
                    1,
                    179077,
                    3,
                    179965,
                    64,
                    180031,
                    1,
                    180033,
                    5,
                    180039,
                    1,
                    180920,
                    3,
                    180924,
                    67,
                    180992,
                    8,
                    181880,
                    2,
                    181883,
                    72,
                    181957,
                    2,
                    182841,
                    79,
                    183800,
                    78,
                    184744,
                    3,
                    184748,
                    1,
                    184750,
                    2,
                    184754,
                    88,
                    184845,
                    3,
                    185704,
                    1,
                    185706,
                    4,
                    185711,
                    1,
                    185713,
                    89,
                    185803,
                    5,
                    186664,
                    3,
                    186668,
                    1,
                    186670,
                    2,
                    186673,
                    92,
                    186766,
                    2,
                    187619,
                    1,
                    187630,
                    94,
                    187725,
                    2,
                    188584,
                    2,
                    188587,
                    2,
                    188590,
                    1,
                    188592,
                    94,
                    188687,
                    1,
                    189546,
                    2,
                    189549,
                    101,
                    190505,
                    1,
                    190507,
                    104,
                    191465,
                    103,
                    191569,
                    3,
                    192418,
                    7,
                    192426,
                    105,
                    192534,
                    2,
                    192537,
                    1,
                    192539,
                    1,
                    192541,
                    2,
                    193376,
                    4,
                    193385,
                    108,
                    193494,
                    2,
                    193498,
                    4,
                    193503,
                    1,
                    194336,
                    4,
                    194343,
                    111,
                    194455,
                    2,
                    194459,
                    1,
                    194462,
                    2,
                    195298,
                    2,
                    195301,
                    114,
                    195416,
                    1,
                    195421,
                    2,
                    196256,
                    3,
                    196260,
                    117,
                    196379,
                    1,
                    197216,
                    2,
                    197220,
                    119,
                    197340,
                    1,
                    197342,
                    2,
                    198177,
                    1,
                    198179,
                    118,
                    198298,
                    6,
                    199136,
                    1,
                    199138,
                    121,
                    199260,
                    2,
                    199263,
                    1,
                    200091,
                    5,
                    200097,
                    123,
                    200223,
                    1,
                    200225,
                    2,
                    200231,
                    1,
                    200236,
                    1,
                    201048,
                    1,
                    201050,
                    2,
                    201053,
                    126,
                    201180,
                    6,
                    201187,
                    5,
                    201196,
                    1,
                    202000,
                    2,
                    202008,
                    1,
                    202010,
                    2,
                    202013,
                    1,
                    202015,
                    130,
                    202146,
                    1,
                    202150,
                    1,
                    202960,
                    2,
                    202971,
                    131,
                    203104,
                    2,
                    203108,
                    4,
                    203920,
                    1,
                    203929,
                    1,
                    203933,
                    132,
                    204066,
                    2,
                    204889,
                    137,
                    205028,
                    1,
                    205030,
                    2,
                    205843,
                    1,
                    205852,
                    132,
                    205985,
                    1,
                    205987,
                    4,
                    206803,
                    1,
                    206810,
                    135,
                    206946,
                    2,
                    206949,
                    1,
                    206951,
                    1,
                    207760,
                    2,
                    207763,
                    3,
                    207768,
                    143,
                    208722,
                    1,
                    208724,
                    1,
                    208726,
                    143,
                    208870,
                    2,
                    209680,
                    1,
                    209682,
                    1,
                    209685,
                    1,
                    209687,
                    145,
                    210644,
                    2,
                    210648,
                    144,
                    211600,
                    1,
                    211605,
                    1,
                    211608,
                    144,
                    212563,
                    1,
                    212565,
                    146,
                    212713,
                    1,
                    213523,
                    150,
                    214480,
                    1,
                    214483,
                    3,
                    214487,
                    144,
                    215443,
                    153,
                    215597,
                    3,
                    216403,
                    151,
                    216555,
                    1,
                    216557,
                    1,
                    216559,
                    1,
                    217362,
                    1,
                    217364,
                    149,
                    217515,
                    1,
                    217517,
                    2,
                    218321,
                    2,
                    218324,
                    151,
                    218477,
                    2,
                    219281,
                    157,
                    220240,
                    157,
                    220398,
                    2,
                    221200,
                    156,
                    221358,
                    2,
                    222160,
                    159,
                    223112,
                    1,
                    223114,
                    1,
                    223117,
                    2,
                    223121,
                    157,
                    224077,
                    1,
                    224080,
                    160,
                    225036,
                    1,
                    225039,
                    1,
                    225041,
                    159,
                    225993,
                    1,
                    225995,
                    3,
                    225999,
                    162,
                    226953,
                    1,
                    226956,
                    1,
                    226958,
                    164,
                    227912,
                    2,
                    227915,
                    1,
                    227918,
                    161,
                    228080,
                    2,
                    228873,
                    1,
                    228875,
                    1,
                    228877,
                    165,
                    229047,
                    1,
                    229833,
                    1,
                    229835,
                    1,
                    229837,
                    166,
                    230007,
                    1,
                    230786,
                    1,
                    230793,
                    2,
                    230796,
                    170,
                    230967,
                    1,
                    230971,
                    1,
                    231746,
                    1,
                    231752,
                    1,
                    231754,
                    1,
                    231758,
                    166,
                    231931,
                    1,
                    232712,
                    3,
                    232716,
                    169,
                    232887,
                    1,
                    232890,
                    1,
                    233672,
                    3,
                    233676,
                    169,
                    234634,
                    1,
                    234636,
                    168,
                    234806,
                    1,
                    234812,
                    2,
                    235593,
                    1,
                    235595,
                    169,
                    235765,
                    2,
                    235772,
                    2,
                    236553,
                    171,
                    236725,
                    1,
                    237513,
                    171,
                    237685,
                    1,
                    238475,
                    172,
                    239432,
                    174,
                    239607,
                    1,
                    240394,
                    174,
                    241354,
                    174,
                    242312,
                    1,
                    242314,
                    172,
                    243274,
                    173,
                    244234,
                    173,
                    245192,
                    175,
                    246153,
                    175,
                    247112,
                    176,
                    248072,
                    176,
                    249032,
                    176,
                    249992,
                    175,
                    250953,
                    175,
                    251912,
                    176,
                    252872,
                    176,
                    253830,
                    179,
                    254011,
                    1,
                    254015,
                    1,
                    254790,
                    179,
                    254971,
                    1,
                    255749,
                    2,
                    255752,
                    177,
                    256709,
                    1,
                    256712,
                    178,
                    256892,
                    1,
                    257665,
                    1,
                    257669,
                    1,
                    257671,
                    179,
                    257852,
                    1,
                    257854,
                    1,
                    258624,
                    2,
                    258629,
                    1,
                    258631,
                    179,
                    258812,
                    1,
                    258814,
                    1,
                    259585,
                    1,
                    259589,
                    1,
                    259591,
                    180,
                    259772,
                    3,
                    260549,
                    1,
                    260551,
                    180,
                    260732,
                    3,
                    261505,
                    1,
                    261509,
                    1,
                    261511,
                    179,
                    261693,
                    1,
                    262465,
                    1,
                    262469,
                    1,
                    262471,
                    179,
                    262651,
                    1,
                    262653,
                    1,
                    263425,
                    1,
                    263429,
                    1,
                    263431,
                    179,
                    263611,
                    1,
                    263613,
                    2,
                    264385,
                    1,
                    264389,
                    1,
                    264391,
                    184,
                    265349,
                    1,
                    265351,
                    182,
                    266312,
                    179,
                    266492,
                    1,
                    267272,
                    178,
                    267452,
                    1,
                    268227,
                    1,
                    268231,
                    179,
                    268412,
                    3,
                    269192,
                    178,
                    269371,
                    1,
                    270152,
                    178,
                    270331,
                    1,
                    271112,
                    178,
                    271291,
                    1,
                    272072,
                    178,
                    272251,
                    1,
                    273032,
                    178,
                    273211,
                    1,
                    273992,
                    178,
                    274952,
                    178,
                    275912,
                    178,
                    276872,
                    179,
                    277054,
                    1,
                    277832,
                    179,
                    278014,
                    1,
                    278792,
                    179,
                    278974,
                    1,
                    279752,
                    180,
                    279934,
                    1,
                    280712,
                    180,
                    280893,
                    1,
                    281672,
                    178,
                    281851,
                    1,
                    281853,
                    1,
                    282632,
                    182,
                    283592,
                    177,
                    283770,
                    4,
                    284554,
                    175,
                    284730,
                    1,
                    284732,
                    1,
                    284734,
                    1,
                    285512,
                    177,
                    285690,
                    1,
                    285692,
                    1,
                    285694,
                    1,
                    286473,
                    1,
                    286475,
                    174,
                    286652,
                    1,
                    287433,
                    1,
                    287435,
                    175,
                    287612,
                    1,
                    287615,
                    1,
                    288392,
                    177,
                    288572,
                    1,
                    288574,
                    2,
                    289352,
                    177,
                    289535,
                    1,
                    290314,
                    1,
                    290316,
                    173,
                    290490,
                    1,
                    290493,
                    1,
                    290495,
                    1,
                    291273,
                    176,
                    291450,
                    1,
                    291453,
                    1,
                    291455,
                    1,
                    292233,
                    2,
                    292236,
                    171,
                    292408,
                    3,
                    293193,
                    1,
                    293196,
                    175,
                    294155,
                    176,
                    295115,
                    1,
                    295117,
                    173,
                    296072,
                    1,
                    296075,
                    1,
                    296077,
                    172,
                    297032,
                    1,
                    297035,
                    1,
                    297037,
                    171,
                    297992,
                    1,
                    297995,
                    2,
                    297998,
                    170,
                    298955,
                    1,
                    298957,
                    170,
                    299915,
                    172,
                    300872,
                    1,
                    300875,
                    1,
                    300878,
                    170,
                    301832,
                    1,
                    301837,
                    1,
                    301839,
                    167,
                    302795,
                    1,
                    302797,
                    169,
                    303755,
                    1,
                    303757,
                    170,
                    304717,
                    3,
                    304721,
                    166,
                    305673,
                    2,
                    305676,
                    1,
                    305678,
                    168,
                    306632,
                    3,
                    306636,
                    2,
                    306639,
                    3,
                    306643,
                    163,
                    306807,
                    1,
                    307598,
                    3,
                    307602,
                    165,
                    308560,
                    166,
                    308727,
                    1,
                    309520,
                    164,
                    309685,
                    3,
                    310480,
                    161,
                    310642,
                    4,
                    311440,
                    164,
                    311606,
                    1,
                    312400,
                    164,
                    312565,
                    2,
                    313352,
                    1,
                    313361,
                    159,
                    313521,
                    2,
                    313526,
                    1,
                    314312,
                    2,
                    314321,
                    5,
                    314327,
                    149,
                    314477,
                    1,
                    314479,
                    4,
                    314485,
                    1,
                    315280,
                    1,
                    315282,
                    4,
                    315287,
                    151,
                    315439,
                    3,
                    315444,
                    1,
                    315447,
                    1,
                    316240,
                    1,
                    316242,
                    152,
                    316396,
                    2,
                    316399,
                    3,
                    316404,
                    1,
                    316407,
                    1,
                    317203,
                    151,
                    317355,
                    1,
                    317358,
                    4,
                    317364,
                    1,
                    317367,
                    1,
                    318163,
                    6,
                    318170,
                    144,
                    318315,
                    1,
                    318318,
                    3,
                    318324,
                    1,
                    319124,
                    149,
                    319274,
                    7,
                    319284,
                    1,
                    320081,
                    1,
                    320084,
                    148,
                    320233,
                    3,
                    320237,
                    2,
                    320243,
                    1,
                    321041,
                    1,
                    321045,
                    147,
                    321193,
                    6,
                    321202,
                    1,
                    322001,
                    2,
                    322005,
                    146,
                    322152,
                    1,
                    322155,
                    5,
                    322166,
                    2,
                    322960,
                    1,
                    322965,
                    149,
                    323115,
                    3,
                    323925,
                    146,
                    324072,
                    6,
                    324079,
                    1,
                    324886,
                    8,
                    324895,
                    142,
                    325848,
                    148,
                    326803,
                    1,
                    326808,
                    148,
                    326957,
                    2,
                    327770,
                    6,
                    327777,
                    138,
                    327917,
                    2,
                    328730,
                    144,
                    329687,
                    1,
                    329689,
                    1,
                    329691,
                    143,
                    329836,
                    1,
                    329839,
                    1,
                    330649,
                    1,
                    330652,
                    6,
                    330659,
                    133,
                    331612,
                    140,
                    332573,
                    139,
                    333528,
                    1,
                    333531,
                    1,
                    333534,
                    6,
                    333541,
                    123,
                    333665,
                    5,
                    334488,
                    1,
                    334491,
                    1,
                    334494,
                    7,
                    334502,
                    128,
                    335448,
                    1,
                    335451,
                    1,
                    335456,
                    127,
                    335584,
                    7,
                    336410,
                    1,
                    336417,
                    8,
                    336426,
                    112,
                    336539,
                    10,
                    336550,
                    1,
                    337369,
                    2,
                    337378,
                    130,
                    337511,
                    1,
                    338339,
                    112,
                    338452,
                    15,
                    338470,
                    2,
                    339299,
                    128,
                    339430,
                    2,
                    340260,
                    126,
                    341221,
                    16,
                    341238,
                    107,
                    342181,
                    123,
                    342308,
                    2,
                    343139,
                    3,
                    343144,
                    119,
                    343266,
                    3,
                    344104,
                    16,
                    344121,
                    102,
                    344226,
                    2,
                    345058,
                    1,
                    345063,
                    18,
                    345082,
                    99,
                    345183,
                    1,
                    345191,
                    1,
                    346027,
                    112,
                    346142,
                    2,
                    346987,
                    70,
                    347059,
                    26,
                    347086,
                    13,
                    347948,
                    68,
                    348022,
                    36,
                    348060,
                    2,
                    348909,
                    64,
                    348974,
                    7,
                    348985,
                    31,
                    349020,
                    2,
                    349869,
                    20,
                    349890,
                    45,
                    349936,
                    1,
                    349941,
                    3,
                    349945,
                    29,
                    350827,
                    3,
                    350833,
                    18,
                    350852,
                    39,
                    350892,
                    1,
                    350895,
                    1,
                    350898,
                    4,
                    350904,
                    3,
                    350908,
                    25,
                    350936,
                    2,
                    351794,
                    18,
                    351813,
                    37,
                    351852,
                    1,
                    351855,
                    11,
                    351867,
                    25,
                    351895,
                    3,
                    352746,
                    1,
                    352751,
                    2,
                    352755,
                    19,
                    352775,
                    35,
                    352812,
                    9,
                    352824,
                    27,
                    352863,
                    1,
                    353717,
                    26,
                    353744,
                    25,
                    353771,
                    37,
                    354674,
                    1,
                    354678,
                    24,
                    354703,
                    24,
                    354728,
                    10,
                    354742,
                    1,
                    354744,
                    24,
                    355634,
                    1,
                    355640,
                    21,
                    355662,
                    22,
                    355685,
                    3,
                    355692,
                    7,
                    355700,
                    2,
                    355703,
                    24,
                    356594,
                    2,
                    356601,
                    54,
                    356658,
                    29,
                    357552,
                    3,
                    357558,
                    2,
                    357563,
                    81,
                    357646,
                    2,
                    358512,
                    2,
                    358521,
                    3,
                    358525,
                    77,
                    359472,
                    1,
                    359481,
                    3,
                    359486,
                    72,
                    359564,
                    1,
                    360436,
                    5,
                    360444,
                    2,
                    360449,
                    67,
                    360519,
                    3,
                    360524,
                    3,
                    361412,
                    62,
                    362368,
                    1,
                    362372,
                    61,
                    363337,
                    53,
                    364300,
                    47,
                    365254,
                    3,
                    365263,
                    41,
                    365309,
                    3,
                    366218,
                    2,
                    366229,
                    31,
                    367179,
                    2,
                    367198,
                    2,
                    367202,
                    1,
                    367204,
                    9,
                    367221,
                    4,
                    367239,
                    1,
                    368130,
                    4,
                    368143,
                    1,
                    368152,
                    3,
                    368176,
                    4,
                    368184,
                    1,
                    368188,
                    4,
                    368198,
                    2
                ]
            }
        }
    ]
}