{
    "image_id": 49,
    "file_name": "Wheat_005_001_001_000.jpg",
    "width": 960,
    "height": 540,
    "annotations": [
        {
            "id": 1,
            "category_id": 5110,
            "bbox": [
                336,
                160,
                583,
                407
            ],
            "bbox_mode": 0,
            "segmentation": {
                "size": [
                    540,
                    960
                ],
                "counts": [
                    154032,
                    1,
                    154034,
                    1,
                    154036,
                    1,
                    154039,
                    1,
                    154045,
                    3,
                    154080,
                    2,
                    154087,
                    1,
                    154094,
                    2,
                    154992,
                    1,
                    154994,
                    2,
                    154997,
                    2,
                    155008,
                    8,
                    155024,
                    1,
                    155028,
                    3,
                    155036,
                    5,
                    155042,
                    4,
                    155055,
                    1,
                    155959,
                    4,
                    155966,
                    3,
                    155976,
                    8,
                    155998,
                    4,
                    156007,
                    1,
                    156912,
                    1,
                    156914,
                    2,
                    156917,
                    2,
                    156934,
                    2,
                    156944,
                    6,
                    156955,
                    6,
                    157876,
                    2,
                    157879,
                    6,
                    157888,
                    2,
                    157894,
                    10,
                    157909,
                    2,
                    157913,
                    3,
                    157920,
                    3,
                    157924,
                    4,
                    158834,
                    1,
                    158838,
                    2,
                    158842,
                    9,
                    158852,
                    32,
                    158886,
                    1,
                    159793,
                    1,
                    159796,
                    3,
                    159800,
                    1,
                    159802,
                    47,
                    160751,
                    2,
                    160755,
                    55,
                    160811,
                    1,
                    161695,
                    1,
                    161701,
                    3,
                    161706,
                    2,
                    161709,
                    2,
                    161712,
                    1,
                    161714,
                    59,
                    161774,
                    4,
                    161782,
                    3,
                    161791,
                    1,
                    162651,
                    5,
                    162658,
                    2,
                    162661,
                    4,
                    162666,
                    67,
                    162734,
                    2,
                    162737,
                    4,
                    162744,
                    1,
                    162747,
                    3,
                    163608,
                    2,
                    163612,
                    1,
                    163616,
                    1,
                    163621,
                    81,
                    163704,
                    2,
                    163707,
                    1,
                    163709,
                    1,
                    164570,
                    1,
                    164573,
                    4,
                    164578,
                    83,
                    164662,
                    7,
                    165528,
                    1,
                    165530,
                    2,
                    165536,
                    90,
                    165627,
                    1,
                    165629,
                    3,
                    166488,
                    2,
                    166491,
                    98,
                    167452,
                    99,
                    168409,
                    104,
                    169349,
                    5,
                    169363,
                    2,
                    169369,
                    104,
                    169474,
                    2,
                    169485,
                    1,
                    170309,
                    1,
                    170312,
                    1,
                    170314,
                    11,
                    170326,
                    1,
                    170328,
                    110,
                    170442,
                    2,
                    171273,
                    2,
                    171276,
                    2,
                    171279,
                    2,
                    171282,
                    3,
                    171287,
                    114,
                    171404,
                    3,
                    172232,
                    1,
                    172237,
                    6,
                    172244,
                    119,
                    172367,
                    1,
                    173193,
                    1,
                    173195,
                    2,
                    173200,
                    3,
                    173204,
                    117,
                    173322,
                    4,
                    173327,
                    1,
                    174152,
                    1,
                    174157,
                    1,
                    174159,
                    123,
                    174283,
                    1,
                    174285,
                    1,
                    174287,
                    1,
                    175116,
                    3,
                    175120,
                    128,
                    176073,
                    2,
                    176076,
                    132,
                    177024,
                    1,
                    177028,
                    1,
                    177031,
                    1,
                    177034,
                    136,
                    177174,
                    1,
                    177176,
                    1,
                    177985,
                    2,
                    177989,
                    2,
                    177992,
                    139,
                    178132,
                    4,
                    178947,
                    2,
                    178951,
                    145,
                    179904,
                    1,
                    179907,
                    2,
                    179911,
                    143,
                    180864,
                    2,
                    180867,
                    1,
                    180869,
                    1,
                    180871,
                    144,
                    181016,
                    2,
                    181825,
                    1,
                    181827,
                    147,
                    181975,
                    2,
                    182785,
                    1,
                    182787,
                    1,
                    182789,
                    147,
                    182940,
                    1,
                    183745,
                    152,
                    183899,
                    3,
                    184696,
                    3,
                    184702,
                    1,
                    184704,
                    156,
                    184861,
                    3,
                    184865,
                    2,
                    184869,
                    2,
                    185656,
                    5,
                    185662,
                    2,
                    185665,
                    156,
                    185822,
                    2,
                    185830,
                    1,
                    186616,
                    1,
                    186619,
                    1,
                    186621,
                    2,
                    186624,
                    160,
                    186788,
                    1,
                    187577,
                    3,
                    187581,
                    163,
                    187747,
                    2,
                    188539,
                    166,
                    188711,
                    1,
                    189498,
                    1,
                    189500,
                    164,
                    189665,
                    2,
                    189671,
                    1,
                    190457,
                    1,
                    190459,
                    169,
                    191416,
                    171,
                    191589,
                    2,
                    192369,
                    1,
                    192372,
                    1,
                    192375,
                    174,
                    192553,
                    2,
                    192557,
                    1,
                    193328,
                    1,
                    193330,
                    2,
                    193334,
                    176,
                    193511,
                    1,
                    193518,
                    2,
                    194289,
                    182,
                    194472,
                    4,
                    194479,
                    1,
                    195250,
                    1,
                    195253,
                    178,
                    195432,
                    1,
                    195435,
                    2,
                    196209,
                    184,
                    196394,
                    1,
                    196396,
                    1,
                    197170,
                    2,
                    197173,
                    181,
                    197357,
                    2,
                    198130,
                    182,
                    198313,
                    3,
                    198317,
                    2,
                    199089,
                    187,
                    199277,
                    2,
                    200041,
                    2,
                    200044,
                    2,
                    200049,
                    186,
                    200237,
                    1,
                    200239,
                    1,
                    201000,
                    1,
                    201002,
                    1,
                    201004,
                    1,
                    201006,
                    1,
                    201008,
                    189,
                    201198,
                    2,
                    201960,
                    2,
                    201963,
                    1,
                    201967,
                    189,
                    202158,
                    1,
                    202920,
                    1,
                    202922,
                    2,
                    202925,
                    2,
                    202928,
                    192,
                    203882,
                    1,
                    203885,
                    192,
                    204078,
                    2,
                    204841,
                    1,
                    204844,
                    196,
                    205800,
                    2,
                    205803,
                    198,
                    206763,
                    197,
                    207720,
                    204,
                    207926,
                    1,
                    208680,
                    1,
                    208682,
                    201,
                    208884,
                    1,
                    208887,
                    1,
                    209641,
                    205,
                    210601,
                    201,
                    210804,
                    2,
                    210807,
                    1,
                    211559,
                    205,
                    211765,
                    3,
                    212518,
                    1,
                    212521,
                    202,
                    212724,
                    2,
                    212727,
                    1,
                    213478,
                    1,
                    213480,
                    208,
                    214437,
                    207,
                    215393,
                    1,
                    215395,
                    1,
                    215397,
                    208,
                    215606,
                    1,
                    215614,
                    2,
                    216354,
                    1,
                    216357,
                    210,
                    217314,
                    2,
                    217317,
                    210,
                    218272,
                    1,
                    218274,
                    2,
                    218277,
                    212,
                    218492,
                    3,
                    219232,
                    1,
                    219236,
                    214,
                    219453,
                    3,
                    220193,
                    218,
                    221154,
                    1,
                    221156,
                    212,
                    221370,
                    2,
                    222113,
                    217,
                    222331,
                    1,
                    222335,
                    1,
                    223065,
                    2,
                    223072,
                    2,
                    223075,
                    215,
                    223291,
                    1,
                    223293,
                    3,
                    224029,
                    2,
                    224033,
                    220,
                    224255,
                    1,
                    224988,
                    2,
                    224992,
                    1,
                    224994,
                    219,
                    225215,
                    1,
                    225944,
                    1,
                    225947,
                    2,
                    225951,
                    223,
                    226904,
                    1,
                    226906,
                    2,
                    226911,
                    220,
                    227133,
                    1,
                    227866,
                    1,
                    227870,
                    223,
                    228094,
                    1,
                    228824,
                    3,
                    228829,
                    1,
                    228831,
                    224,
                    229785,
                    2,
                    229788,
                    228,
                    230745,
                    1,
                    230747,
                    228,
                    231700,
                    2,
                    231707,
                    1,
                    231711,
                    222,
                    231934,
                    1,
                    232660,
                    2,
                    232667,
                    1,
                    232669,
                    226,
                    233620,
                    2,
                    233627,
                    1,
                    233629,
                    226,
                    234584,
                    1,
                    234586,
                    2,
                    234589,
                    227,
                    235544,
                    1,
                    235546,
                    1,
                    235548,
                    228,
                    236505,
                    1,
                    236508,
                    228,
                    237465,
                    1,
                    237468,
                    228,
                    238427,
                    230,
                    238659,
                    1,
                    238661,
                    2,
                    239387,
                    231,
                    239619,
                    1,
                    239622,
                    1,
                    240345,
                    1,
                    240347,
                    229,
                    240577,
                    1,
                    240582,
                    1,
                    241305,
                    233,
                    241542,
                    1,
                    242265,
                    234,
                    242502,
                    1,
                    243225,
                    1,
                    243227,
                    230,
                    243458,
                    1,
                    243462,
                    1,
                    244185,
                    1,
                    244187,
                    232,
                    244420,
                    3,
                    245144,
                    235,
                    245380,
                    3,
                    246096,
                    1,
                    246105,
                    234,
                    246340,
                    1,
                    246343,
                    1,
                    247056,
                    2,
                    247064,
                    1,
                    247066,
                    232,
                    247300,
                    1,
                    247303,
                    1,
                    248016,
                    2,
                    248024,
                    237,
                    248976,
                    2,
                    248984,
                    237,
                    249222,
                    1,
                    249945,
                    234,
                    250182,
                    1,
                    250905,
                    234,
                    251140,
                    1,
                    251142,
                    1,
                    251865,
                    234,
                    252100,
                    1,
                    252824,
                    237,
                    253063,
                    1,
                    253784,
                    236,
                    254021,
                    1,
                    254744,
                    236,
                    254981,
                    1,
                    255704,
                    236,
                    255941,
                    1,
                    256664,
                    236,
                    257624,
                    237,
                    258584,
                    237,
                    259544,
                    237,
                    260504,
                    237,
                    260743,
                    1,
                    261457,
                    1,
                    261459,
                    1,
                    261462,
                    240,
                    261703,
                    1,
                    262417,
                    1,
                    262419,
                    1,
                    262422,
                    240,
                    262663,
                    1,
                    263377,
                    1,
                    263379,
                    1,
                    263382,
                    240,
                    263623,
                    1,
                    264337,
                    1,
                    264342,
                    240,
                    264583,
                    1,
                    265297,
                    1,
                    265301,
                    242,
                    266257,
                    1,
                    266261,
                    1,
                    266263,
                    240,
                    267217,
                    1,
                    267221,
                    1,
                    267223,
                    240,
                    268177,
                    1,
                    268180,
                    2,
                    268183,
                    240,
                    269137,
                    1,
                    269141,
                    1,
                    269143,
                    240,
                    270101,
                    1,
                    270103,
                    238,
                    271061,
                    240,
                    272016,
                    2,
                    272019,
                    1,
                    272022,
                    240,
                    272263,
                    1,
                    272976,
                    1,
                    272979,
                    1,
                    272982,
                    240,
                    273223,
                    1,
                    273939,
                    1,
                    273943,
                    238,
                    274899,
                    1,
                    274902,
                    240,
                    275143,
                    1,
                    275859,
                    1,
                    275862,
                    239,
                    276103,
                    1,
                    276817,
                    1,
                    276822,
                    239,
                    277062,
                    1,
                    277777,
                    1,
                    277782,
                    239,
                    278022,
                    1,
                    278737,
                    1,
                    278742,
                    239,
                    278982,
                    1,
                    279697,
                    1,
                    279702,
                    239,
                    279942,
                    1,
                    280657,
                    1,
                    280659,
                    1,
                    280662,
                    239,
                    280902,
                    1,
                    281617,
                    1,
                    281619,
                    1,
                    281622,
                    239,
                    281862,
                    1,
                    282577,
                    1,
                    282579,
                    1,
                    282582,
                    239,
                    282822,
                    1,
                    283539,
                    1,
                    283542,
                    239,
                    283782,
                    1,
                    284504,
                    236,
                    284741,
                    1,
                    285464,
                    236,
                    285701,
                    1,
                    286424,
                    236,
                    286661,
                    1,
                    287384,
                    236,
                    287621,
                    1,
                    288344,
                    238,
                    289302,
                    240,
                    289543,
                    1,
                    290261,
                    241,
                    290503,
                    1,
                    291220,
                    242,
                    291463,
                    1,
                    292185,
                    235,
                    292421,
                    1,
                    293145,
                    237,
                    294105,
                    236,
                    295065,
                    234,
                    296024,
                    235,
                    296263,
                    1,
                    296984,
                    3,
                    296988,
                    227,
                    297216,
                    5,
                    297944,
                    237,
                    298904,
                    5,
                    298910,
                    229,
                    299142,
                    2,
                    299865,
                    234,
                    300826,
                    233,
                    301785,
                    5,
                    301791,
                    221,
                    302013,
                    5,
                    302744,
                    234,
                    302983,
                    1,
                    303704,
                    1,
                    303707,
                    231,
                    303943,
                    1,
                    304664,
                    2,
                    304667,
                    231,
                    304903,
                    1,
                    305625,
                    1,
                    305627,
                    230,
                    305860,
                    1,
                    305863,
                    1,
                    306584,
                    3,
                    306588,
                    223,
                    306812,
                    5,
                    306819,
                    2,
                    306823,
                    1,
                    307548,
                    227,
                    308508,
                    227,
                    309468,
                    227,
                    310424,
                    1,
                    310428,
                    228,
                    311384,
                    1,
                    311389,
                    4,
                    311394,
                    220,
                    312344,
                    1,
                    312349,
                    220,
                    312570,
                    4,
                    313304,
                    1,
                    313310,
                    225,
                    314267,
                    1,
                    314270,
                    226,
                    315224,
                    1,
                    315227,
                    2,
                    315230,
                    218,
                    315449,
                    5,
                    316184,
                    1,
                    316187,
                    2,
                    316190,
                    224,
                    317144,
                    1,
                    317147,
                    2,
                    317151,
                    222,
                    317374,
                    1,
                    318107,
                    1,
                    318111,
                    4,
                    318116,
                    216,
                    318334,
                    1,
                    319067,
                    1,
                    319072,
                    220,
                    319294,
                    1,
                    320032,
                    8,
                    320041,
                    211,
                    320254,
                    1,
                    320989,
                    2,
                    320993,
                    218,
                    321212,
                    2,
                    321944,
                    1,
                    321949,
                    3,
                    321953,
                    221,
                    322912,
                    1,
                    322914,
                    216,
                    323131,
                    2,
                    323872,
                    1,
                    323874,
                    202,
                    324077,
                    13,
                    324092,
                    1,
                    324095,
                    1,
                    324834,
                    215,
                    325052,
                    1,
                    325055,
                    1,
                    325795,
                    200,
                    325996,
                    12,
                    326011,
                    1,
                    326015,
                    1,
                    326753,
                    2,
                    326756,
                    212,
                    326971,
                    1,
                    326975,
                    1,
                    327713,
                    2,
                    327716,
                    198,
                    327915,
                    12,
                    327930,
                    2,
                    328673,
                    1,
                    328677,
                    11,
                    328689,
                    198,
                    329637,
                    12,
                    329650,
                    183,
                    329834,
                    14,
                    330594,
                    2,
                    330598,
                    208,
                    331554,
                    2,
                    331558,
                    194,
                    331753,
                    13,
                    332512,
                    1,
                    332519,
                    206,
                    333472,
                    1,
                    333480,
                    204,
                    333686,
                    1,
                    334436,
                    3,
                    334440,
                    204,
                    334646,
                    2,
                    335397,
                    2,
                    335401,
                    189,
                    335591,
                    13,
                    335606,
                    2,
                    336353,
                    2,
                    336357,
                    2,
                    336361,
                    202,
                    336567,
                    1,
                    337313,
                    2,
                    337318,
                    1,
                    337322,
                    200,
                    337524,
                    1,
                    338280,
                    1,
                    338283,
                    10,
                    338294,
                    189,
                    339242,
                    201,
                    339447,
                    1,
                    340201,
                    2,
                    340204,
                    196,
                    340406,
                    2,
                    341161,
                    1,
                    341165,
                    11,
                    341178,
                    165,
                    341347,
                    12,
                    342125,
                    194,
                    343080,
                    1,
                    343083,
                    2,
                    343086,
                    28,
                    343115,
                    162,
                    343279,
                    1,
                    344047,
                    190,
                    344239,
                    1,
                    345001,
                    2,
                    345005,
                    2,
                    345008,
                    188,
                    345198,
                    1,
                    345207,
                    1,
                    345969,
                    186,
                    346158,
                    1,
                    346929,
                    34,
                    346964,
                    114,
                    347079,
                    36,
                    347890,
                    147,
                    348038,
                    36,
                    348851,
                    182,
                    349037,
                    1,
                    349809,
                    2,
                    349812,
                    180,
                    350769,
                    2,
                    350773,
                    32,
                    350806,
                    110,
                    350917,
                    34,
                    350955,
                    1,
                    351730,
                    2,
                    351734,
                    32,
                    351767,
                    108,
                    351876,
                    35,
                    351919,
                    1,
                    352691,
                    2,
                    352695,
                    31,
                    352727,
                    143,
                    352878,
                    2,
                    353656,
                    31,
                    353688,
                    141,
                    353831,
                    1,
                    354617,
                    137,
                    354755,
                    34,
                    354791,
                    1,
                    355576,
                    32,
                    355609,
                    104,
                    355714,
                    33,
                    355749,
                    2,
                    356538,
                    135,
                    356674,
                    32,
                    356709,
                    2,
                    357496,
                    1,
                    357498,
                    1,
                    357500,
                    29,
                    357530,
                    136,
                    358461,
                    162,
                    358626,
                    2,
                    358631,
                    1,
                    359418,
                    2,
                    359422,
                    28,
                    359451,
                    131,
                    359586,
                    1,
                    359591,
                    1,
                    360376,
                    1,
                    360379,
                    2,
                    360383,
                    127,
                    360512,
                    29,
                    360543,
                    2,
                    360550,
                    2,
                    361345,
                    38,
                    361386,
                    70,
                    361458,
                    42,
                    362304,
                    64,
                    362376,
                    8,
                    362392,
                    67,
                    362461,
                    2,
                    363264,
                    1,
                    363267,
                    151,
                    363420,
                    4,
                    364228,
                    148,
                    364381,
                    1,
                    365185,
                    2,
                    365190,
                    145,
                    365336,
                    1,
                    366144,
                    2,
                    366149,
                    145,
                    366296,
                    2,
                    366302,
                    2,
                    367104,
                    1,
                    367109,
                    1,
                    367112,
                    141,
                    367254,
                    2,
                    367263,
                    1,
                    368066,
                    2,
                    368071,
                    1,
                    368073,
                    138,
                    368218,
                    2,
                    369035,
                    136,
                    369992,
                    1,
                    369995,
                    135,
                    370135,
                    1,
                    370953,
                    2,
                    370958,
                    129,
                    371094,
                    2,
                    371912,
                    1,
                    371914,
                    2,
                    371919,
                    127,
                    372053,
                    3,
                    372874,
                    3,
                    372881,
                    122,
                    373011,
                    2,
                    373832,
                    1,
                    373836,
                    2,
                    373843,
                    119,
                    374792,
                    2,
                    374797,
                    2,
                    374805,
                    114,
                    374924,
                    2,
                    375754,
                    3,
                    375760,
                    3,
                    375768,
                    110,
                    375880,
                    1,
                    376729,
                    106,
                    376837,
                    1,
                    377690,
                    104,
                    377797,
                    1,
                    378653,
                    99,
                    378757,
                    1,
                    379614,
                    96,
                    379716,
                    2,
                    380569,
                    3,
                    380577,
                    90,
                    380672,
                    2,
                    381528,
                    2,
                    381534,
                    2,
                    381539,
                    86,
                    382494,
                    4,
                    382502,
                    80,
                    382588,
                    3,
                    383458,
                    2,
                    383467,
                    70,
                    383542,
                    3,
                    383554,
                    2,
                    384432,
                    64,
                    385394,
                    57,
                    386357,
                    51,
                    386414,
                    2,
                    387312,
                    2,
                    387321,
                    43,
                    387368,
                    8,
                    388288,
                    29,
                    388325,
                    3,
                    388330,
                    2,
                    389235,
                    3,
                    389280,
                    2,
                    389286,
                    2,
                    390192,
                    4,
                    390204,
                    12,
                    390237,
                    3,
                    390251,
                    5,
                    391159,
                    2,
                    391192,
                    1,
                    391203,
                    3
                ]
            }
        }
    ]
}