{
    "image_id": 43,
    "file_name": "Wheat_004_001_002_002.jpg",
    "width": 960,
    "height": 540,
    "annotations": [
        {
            "id": 1,
            "category_id": 4122,
            "bbox": [
                400,
                144,
                607,
                383
            ],
            "bbox_mode": 0,
            "segmentation": {
                "size": [
                    540,
                    960
                ],
                "counts": [
                    138720,
                    1,
                    138722,
                    5,
                    139682,
                    4,
                    140657,
                    10,
                    140668,
                    1,
                    145441,
                    1,
                    146400,
                    1,
                    146409,
                    4,
                    146423,
                    1,
                    146426,
                    10,
                    146446,
                    3,
                    146451,
                    1,
                    146457,
                    2,
                    146463,
                    1,
                    147360,
                    1,
                    147362,
                    5,
                    147380,
                    2,
                    147400,
                    4,
                    147410,
                    4,
                    147415,
                    1,
                    147420,
                    4,
                    148320,
                    1,
                    148328,
                    2,
                    148334,
                    2,
                    148340,
                    3,
                    148344,
                    17,
                    148368,
                    1,
                    148371,
                    1,
                    148374,
                    4,
                    148381,
                    2,
                    149286,
                    2,
                    149295,
                    7,
                    149303,
                    30,
                    149337,
                    2,
                    149340,
                    2,
                    149343,
                    1,
                    150240,
                    1,
                    150243,
                    2,
                    150250,
                    4,
                    150255,
                    35,
                    150291,
                    3,
                    150296,
                    2,
                    150299,
                    1,
                    151204,
                    5,
                    151210,
                    42,
                    151253,
                    2,
                    151256,
                    2,
                    151261,
                    1,
                    152163,
                    3,
                    152167,
                    49,
                    152223,
                    1,
                    153121,
                    61,
                    153183,
                    1,
                    154072,
                    1,
                    154074,
                    2,
                    154078,
                    1,
                    154080,
                    64,
                    154150,
                    2,
                    154154,
                    3,
                    155024,
                    1,
                    155029,
                    2,
                    155036,
                    2,
                    155039,
                    69,
                    155112,
                    2,
                    155116,
                    2,
                    155984,
                    3,
                    155993,
                    76,
                    156071,
                    1,
                    156076,
                    1,
                    156078,
                    2,
                    156944,
                    1,
                    156946,
                    83,
                    157030,
                    2,
                    157039,
                    1,
                    157904,
                    1,
                    157906,
                    2,
                    157909,
                    1,
                    157911,
                    83,
                    158864,
                    1,
                    158866,
                    91,
                    159824,
                    1,
                    159826,
                    91,
                    159919,
                    1,
                    160781,
                    3,
                    160785,
                    94,
                    161728,
                    1,
                    161732,
                    1,
                    161737,
                    1,
                    161740,
                    2,
                    161743,
                    98,
                    161842,
                    1,
                    161846,
                    2,
                    162689,
                    2,
                    162692,
                    1,
                    162694,
                    1,
                    162698,
                    103,
                    162802,
                    1,
                    162804,
                    1,
                    162806,
                    2,
                    163648,
                    1,
                    163652,
                    2,
                    163655,
                    1,
                    163657,
                    2,
                    163660,
                    105,
                    163766,
                    1,
                    164608,
                    1,
                    164610,
                    3,
                    164614,
                    3,
                    164618,
                    108,
                    164727,
                    1,
                    165572,
                    4,
                    165577,
                    111,
                    166529,
                    2,
                    166532,
                    116,
                    167491,
                    2,
                    167494,
                    115,
                    168448,
                    1,
                    168450,
                    121,
                    169401,
                    3,
                    169409,
                    1,
                    169411,
                    120,
                    169532,
                    2,
                    169535,
                    1,
                    170361,
                    2,
                    170364,
                    1,
                    170367,
                    125,
                    170493,
                    3,
                    171322,
                    2,
                    171326,
                    127,
                    171455,
                    1,
                    172281,
                    2,
                    172284,
                    2,
                    172287,
                    125,
                    172413,
                    1,
                    172415,
                    1,
                    173240,
                    3,
                    173244,
                    1,
                    173246,
                    129,
                    174201,
                    1,
                    174203,
                    1,
                    174205,
                    132,
                    175160,
                    3,
                    175164,
                    133,
                    176121,
                    1,
                    176123,
                    135,
                    177072,
                    3,
                    177077,
                    4,
                    177082,
                    139,
                    177222,
                    2,
                    178037,
                    1,
                    178039,
                    141,
                    178182,
                    2,
                    178993,
                    3,
                    179000,
                    140,
                    179142,
                    1,
                    179953,
                    2,
                    179956,
                    148,
                    180916,
                    148,
                    181872,
                    1,
                    181875,
                    148,
                    182832,
                    1,
                    182835,
                    149,
                    183793,
                    1,
                    183795,
                    149,
                    184740,
                    2,
                    184745,
                    1,
                    184749,
                    2,
                    184752,
                    1,
                    184754,
                    149,
                    184904,
                    3,
                    184908,
                    4,
                    185700,
                    2,
                    185704,
                    1,
                    185708,
                    1,
                    185710,
                    156,
                    185868,
                    1,
                    185871,
                    1,
                    186660,
                    2,
                    186665,
                    2,
                    186669,
                    157,
                    186828,
                    1,
                    186830,
                    1,
                    187624,
                    4,
                    187629,
                    1,
                    187631,
                    154,
                    187786,
                    1,
                    187790,
                    1,
                    188585,
                    1,
                    188588,
                    159,
                    188749,
                    1,
                    188751,
                    1,
                    189544,
                    1,
                    189546,
                    162,
                    189709,
                    3,
                    190504,
                    1,
                    190507,
                    162,
                    191464,
                    3,
                    191468,
                    159,
                    191628,
                    3,
                    192420,
                    1,
                    192423,
                    2,
                    192426,
                    164,
                    192591,
                    1,
                    193376,
                    2,
                    193380,
                    2,
                    193383,
                    1,
                    193385,
                    165,
                    194337,
                    1,
                    194341,
                    2,
                    194345,
                    164,
                    194510,
                    1,
                    195298,
                    2,
                    195304,
                    166,
                    195471,
                    1,
                    196256,
                    4,
                    196261,
                    171,
                    197216,
                    2,
                    197219,
                    1,
                    197222,
                    170,
                    198176,
                    1,
                    198180,
                    173,
                    199138,
                    175,
                    200096,
                    2,
                    200099,
                    178,
                    200278,
                    2,
                    201059,
                    176,
                    201236,
                    1,
                    201239,
                    1,
                    202016,
                    2,
                    202019,
                    175,
                    202199,
                    1,
                    202976,
                    179,
                    203938,
                    179,
                    204897,
                    1,
                    204899,
                    176,
                    205076,
                    1,
                    205078,
                    1,
                    205856,
                    179,
                    206036,
                    1,
                    206038,
                    1,
                    206816,
                    181,
                    207769,
                    1,
                    207771,
                    3,
                    207775,
                    181,
                    207957,
                    1,
                    207959,
                    1,
                    208732,
                    1,
                    208735,
                    183,
                    208919,
                    1,
                    209688,
                    1,
                    209691,
                    1,
                    209696,
                    183,
                    210648,
                    1,
                    210650,
                    2,
                    210653,
                    1,
                    210655,
                    183,
                    211610,
                    189,
                    212570,
                    189,
                    213529,
                    1,
                    213531,
                    188,
                    214488,
                    1,
                    214491,
                    189,
                    215449,
                    191,
                    216410,
                    191,
                    217369,
                    2,
                    217372,
                    187,
                    217560,
                    2,
                    218330,
                    192,
                    219288,
                    1,
                    219290,
                    191,
                    220248,
                    1,
                    220250,
                    190,
                    221208,
                    1,
                    221210,
                    190,
                    222170,
                    190,
                    223125,
                    197,
                    224089,
                    193,
                    225047,
                    194,
                    226000,
                    1,
                    226004,
                    1,
                    226007,
                    194,
                    226204,
                    1,
                    226960,
                    1,
                    226964,
                    1,
                    226967,
                    194,
                    227164,
                    1,
                    227920,
                    2,
                    227924,
                    2,
                    227927,
                    194,
                    228124,
                    1,
                    228881,
                    1,
                    228885,
                    197,
                    229084,
                    1,
                    229841,
                    2,
                    229845,
                    197,
                    230044,
                    1,
                    230801,
                    1,
                    230803,
                    1,
                    230807,
                    197,
                    231005,
                    1,
                    231761,
                    1,
                    231766,
                    197,
                    231965,
                    1,
                    232722,
                    1,
                    232724,
                    1,
                    232726,
                    197,
                    232925,
                    1,
                    233680,
                    1,
                    233682,
                    1,
                    233684,
                    198,
                    233885,
                    1,
                    234640,
                    3,
                    234644,
                    198,
                    234843,
                    1,
                    234845,
                    1,
                    234847,
                    1,
                    235602,
                    2,
                    235605,
                    197,
                    235803,
                    1,
                    235805,
                    1,
                    235807,
                    1,
                    236563,
                    201,
                    236766,
                    2,
                    237521,
                    1,
                    237523,
                    201,
                    237726,
                    2,
                    238482,
                    202,
                    238686,
                    1,
                    239442,
                    202,
                    240401,
                    1,
                    240404,
                    199,
                    241361,
                    1,
                    241364,
                    199,
                    242321,
                    1,
                    242323,
                    200,
                    242526,
                    2,
                    243281,
                    1,
                    243283,
                    200,
                    243486,
                    2,
                    244241,
                    1,
                    244243,
                    200,
                    244446,
                    1,
                    245201,
                    1,
                    245203,
                    200,
                    246161,
                    202,
                    246364,
                    1,
                    246367,
                    1,
                    247121,
                    202,
                    247324,
                    1,
                    247327,
                    1,
                    248081,
                    202,
                    248284,
                    1,
                    249042,
                    201,
                    249244,
                    1,
                    250002,
                    201,
                    250962,
                    201,
                    251922,
                    200,
                    252882,
                    200,
                    253841,
                    201,
                    254043,
                    1,
                    254801,
                    201,
                    255003,
                    1,
                    255760,
                    202,
                    255963,
                    1,
                    256720,
                    202,
                    256923,
                    1,
                    257680,
                    202,
                    257883,
                    1,
                    258640,
                    204,
                    258846,
                    1,
                    259600,
                    204,
                    259806,
                    1,
                    260560,
                    204,
                    260766,
                    1,
                    261520,
                    201,
                    261722,
                    1,
                    261727,
                    1,
                    262480,
                    201,
                    262682,
                    1,
                    262687,
                    1,
                    263440,
                    201,
                    263642,
                    1,
                    263647,
                    1,
                    264400,
                    201,
                    264602,
                    1,
                    265360,
                    201,
                    265562,
                    1,
                    266320,
                    203,
                    267281,
                    202,
                    268241,
                    202,
                    269200,
                    200,
                    270161,
                    199,
                    271121,
                    198,
                    272081,
                    198,
                    273041,
                    198,
                    274001,
                    197,
                    274199,
                    1,
                    274960,
                    198,
                    275159,
                    2,
                    275167,
                    1,
                    275920,
                    201,
                    276127,
                    1,
                    276881,
                    196,
                    277078,
                    1,
                    277840,
                    1,
                    277842,
                    198,
                    278800,
                    1,
                    278802,
                    198,
                    279760,
                    1,
                    279762,
                    194,
                    279957,
                    2,
                    280720,
                    1,
                    280722,
                    197,
                    281680,
                    1,
                    281683,
                    196,
                    282642,
                    196,
                    282839,
                    1,
                    283600,
                    198,
                    283799,
                    1,
                    284561,
                    197,
                    284759,
                    1,
                    285521,
                    197,
                    286480,
                    3,
                    286484,
                    189,
                    286674,
                    3,
                    287440,
                    1,
                    287442,
                    195,
                    288400,
                    1,
                    288402,
                    190,
                    288593,
                    4,
                    288599,
                    1,
                    289362,
                    194,
                    289558,
                    2,
                    290322,
                    194,
                    290518,
                    1,
                    291282,
                    1,
                    291284,
                    187,
                    291472,
                    3,
                    291476,
                    1,
                    292240,
                    196,
                    292439,
                    1,
                    293200,
                    1,
                    293202,
                    193,
                    294162,
                    188,
                    294351,
                    4,
                    295122,
                    192,
                    295317,
                    1,
                    296082,
                    1,
                    296085,
                    184,
                    296270,
                    4,
                    296276,
                    2,
                    297041,
                    1,
                    297044,
                    184,
                    297229,
                    5,
                    297236,
                    2,
                    298001,
                    1,
                    298004,
                    1,
                    298006,
                    182,
                    298189,
                    3,
                    298961,
                    1,
                    298964,
                    188,
                    299154,
                    2,
                    299922,
                    4,
                    299927,
                    181,
                    300109,
                    3,
                    300882,
                    1,
                    300884,
                    183,
                    301068,
                    3,
                    301843,
                    1,
                    301845,
                    2,
                    301848,
                    179,
                    302028,
                    3,
                    302803,
                    1,
                    302805,
                    186,
                    303763,
                    1,
                    303766,
                    178,
                    303945,
                    5,
                    304723,
                    1,
                    304726,
                    183,
                    305680,
                    2,
                    305685,
                    4,
                    305690,
                    172,
                    305863,
                    6,
                    306640,
                    3,
                    306645,
                    1,
                    306647,
                    2,
                    306650,
                    178,
                    307600,
                    1,
                    307605,
                    5,
                    307611,
                    170,
                    307782,
                    6,
                    308560,
                    1,
                    308566,
                    181,
                    309526,
                    181,
                    310488,
                    171,
                    310660,
                    6,
                    311443,
                    1,
                    311449,
                    169,
                    311619,
                    7,
                    312409,
                    168,
                    312578,
                    7,
                    313369,
                    168,
                    313538,
                    6,
                    313549,
                    2,
                    314330,
                    4,
                    314335,
                    169,
                    314506,
                    1,
                    314509,
                    2,
                    315290,
                    5,
                    315296,
                    160,
                    315457,
                    6,
                    316250,
                    165,
                    316416,
                    7,
                    317211,
                    163,
                    317375,
                    7,
                    318168,
                    1,
                    318171,
                    171,
                    318343,
                    1,
                    319128,
                    1,
                    319131,
                    170,
                    320091,
                    8,
                    320100,
                    150,
                    320253,
                    7,
                    321053,
                    7,
                    321061,
                    148,
                    321210,
                    9,
                    322014,
                    164,
                    322180,
                    1,
                    322183,
                    1,
                    322968,
                    1,
                    322974,
                    154,
                    323129,
                    10,
                    323143,
                    1,
                    323928,
                    1,
                    323934,
                    152,
                    324087,
                    12,
                    324103,
                    1,
                    324888,
                    1,
                    324890,
                    2,
                    324894,
                    150,
                    325045,
                    13,
                    325850,
                    1,
                    325855,
                    148,
                    326004,
                    11,
                    326816,
                    10,
                    326827,
                    135,
                    326963,
                    11,
                    326980,
                    1,
                    327773,
                    2,
                    327777,
                    144,
                    327922,
                    2,
                    327926,
                    7,
                    328729,
                    2,
                    328733,
                    2,
                    328737,
                    143,
                    328881,
                    12,
                    329689,
                    2,
                    329693,
                    2,
                    329696,
                    1,
                    329698,
                    141,
                    329840,
                    2,
                    329843,
                    9,
                    329856,
                    1,
                    330658,
                    140,
                    330799,
                    12,
                    331619,
                    138,
                    331758,
                    13,
                    332580,
                    14,
                    332595,
                    121,
                    332717,
                    13,
                    333541,
                    133,
                    333675,
                    13,
                    334498,
                    1,
                    334502,
                    15,
                    334518,
                    130,
                    334652,
                    2,
                    335458,
                    2,
                    335462,
                    16,
                    335479,
                    112,
                    335592,
                    4,
                    335598,
                    10,
                    336416,
                    1,
                    336419,
                    2,
                    336423,
                    126,
                    336550,
                    16,
                    336575,
                    1,
                    337376,
                    1,
                    337380,
                    1,
                    337385,
                    13,
                    337402,
                    1,
                    337404,
                    121,
                    337527,
                    1,
                    337534,
                    2,
                    338345,
                    13,
                    338359,
                    2,
                    338364,
                    1,
                    338366,
                    100,
                    338467,
                    17,
                    339305,
                    14,
                    339320,
                    1,
                    339324,
                    2,
                    339327,
                    98,
                    339426,
                    17,
                    340266,
                    13,
                    340280,
                    1,
                    340284,
                    5,
                    340290,
                    93,
                    340384,
                    18,
                    341227,
                    13,
                    341247,
                    114,
                    342187,
                    12,
                    342202,
                    1,
                    342214,
                    105,
                    343149,
                    10,
                    343162,
                    3,
                    343175,
                    103,
                    343279,
                    1,
                    344110,
                    9,
                    344123,
                    4,
                    344129,
                    4,
                    344135,
                    3,
                    344141,
                    76,
                    344218,
                    19,
                    345064,
                    1,
                    345072,
                    8,
                    345089,
                    2,
                    345093,
                    1,
                    345098,
                    5,
                    345104,
                    1,
                    345108,
                    67,
                    345176,
                    19,
                    345197,
                    1,
                    346032,
                    10,
                    346044,
                    3,
                    346055,
                    8,
                    346064,
                    68,
                    346133,
                    21,
                    346994,
                    10,
                    347007,
                    1,
                    347009,
                    2,
                    347015,
                    8,
                    347024,
                    90,
                    347952,
                    1,
                    347954,
                    1,
                    347956,
                    11,
                    347973,
                    1,
                    347976,
                    16,
                    347993,
                    54,
                    348048,
                    23,
                    348076,
                    2,
                    348916,
                    12,
                    348933,
                    2,
                    348936,
                    95,
                    349036,
                    2,
                    349873,
                    2,
                    349878,
                    14,
                    349896,
                    66,
                    349963,
                    26,
                    349991,
                    1,
                    350832,
                    1,
                    350840,
                    14,
                    350856,
                    16,
                    350873,
                    76,
                    350952,
                    2,
                    350959,
                    1,
                    351792,
                    1,
                    351796,
                    2,
                    351801,
                    15,
                    351817,
                    15,
                    351833,
                    73,
                    351909,
                    1,
                    351919,
                    1,
                    352754,
                    2,
                    352762,
                    72,
                    352835,
                    31,
                    353723,
                    18,
                    353742,
                    9,
                    353752,
                    71,
                    354680,
                    1,
                    354684,
                    23,
                    354708,
                    76,
                    355641,
                    2,
                    355646,
                    25,
                    355672,
                    67,
                    355743,
                    1,
                    356602,
                    2,
                    356608,
                    28,
                    356639,
                    1,
                    356655,
                    43,
                    357563,
                    3,
                    357567,
                    1,
                    357570,
                    86,
                    358520,
                    1,
                    358525,
                    1,
                    358531,
                    83,
                    358623,
                    1,
                    359480,
                    1,
                    359486,
                    3,
                    359493,
                    79,
                    359576,
                    2,
                    360440,
                    1,
                    360442,
                    2,
                    360448,
                    3,
                    360456,
                    74,
                    360534,
                    2,
                    361417,
                    71,
                    362376,
                    1,
                    362379,
                    66,
                    363336,
                    1,
                    363341,
                    61,
                    363403,
                    2,
                    363407,
                    1,
                    364304,
                    54,
                    364365,
                    3,
                    365258,
                    3,
                    365268,
                    47,
                    365323,
                    3,
                    366233,
                    37,
                    366277,
                    3,
                    367190,
                    2,
                    367198,
                    26,
                    367232,
                    4,
                    367240,
                    2,
                    367247,
                    1,
                    368152,
                    3,
                    368203,
                    2
                ]
            }
        }
    ]
}