{
    "image_id": 24,
    "file_name": "Wheat_002_001_003_003.jpg",
    "width": 960,
    "height": 540,
    "annotations": [
        {
            "id": 1,
            "category_id": 2133,
            "bbox": [
                352,
                177,
                599,
                367
            ],
            "bbox_mode": 0,
            "segmentation": {
                "size": [
                    540,
                    960
                ],
                "counts": [
                    170376,
                    3,
                    170396,
                    4,
                    171344,
                    1,
                    171346,
                    1,
                    171348,
                    1,
                    171350,
                    1,
                    172301,
                    3,
                    173258,
                    6,
                    173308,
                    2,
                    174177,
                    1,
                    174179,
                    1,
                    174181,
                    1,
                    174224,
                    5,
                    174230,
                    1,
                    175138,
                    1,
                    175140,
                    1,
                    175179,
                    5,
                    175192,
                    3,
                    176136,
                    23,
                    177059,
                    4,
                    177065,
                    2,
                    177069,
                    1,
                    177071,
                    1,
                    177076,
                    2,
                    177088,
                    32,
                    177121,
                    7,
                    177129,
                    4,
                    177135,
                    1,
                    177138,
                    3,
                    177144,
                    2,
                    177149,
                    3,
                    177154,
                    1,
                    177156,
                    4,
                    178016,
                    1,
                    178018,
                    2,
                    178021,
                    3,
                    178027,
                    2,
                    178030,
                    4,
                    178036,
                    1,
                    178039,
                    1,
                    178041,
                    6,
                    178048,
                    40,
                    178089,
                    6,
                    178098,
                    3,
                    178102,
                    4,
                    178107,
                    3,
                    178111,
                    1,
                    178113,
                    3,
                    178119,
                    1,
                    178978,
                    1,
                    178983,
                    1,
                    178985,
                    5,
                    178991,
                    1,
                    178995,
                    65,
                    179064,
                    2,
                    179067,
                    1,
                    179075,
                    1,
                    179077,
                    3,
                    179936,
                    1,
                    179942,
                    2,
                    179947,
                    2,
                    179950,
                    75,
                    180028,
                    2,
                    180032,
                    1,
                    180896,
                    1,
                    180899,
                    2,
                    180904,
                    1,
                    180907,
                    80,
                    180992,
                    7,
                    181858,
                    2,
                    181863,
                    92,
                    181956,
                    4,
                    182817,
                    2,
                    182821,
                    2,
                    182824,
                    91,
                    182917,
                    1,
                    182919,
                    1,
                    183777,
                    1,
                    183779,
                    97,
                    183878,
                    2,
                    184721,
                    1,
                    184727,
                    7,
                    184737,
                    99,
                    184837,
                    2,
                    184840,
                    3,
                    184844,
                    1,
                    184846,
                    1,
                    184851,
                    4,
                    184862,
                    2,
                    185680,
                    3,
                    185684,
                    3,
                    185692,
                    112,
                    185807,
                    2,
                    185811,
                    4,
                    185822,
                    2,
                    186643,
                    1,
                    186645,
                    2,
                    186648,
                    127,
                    187602,
                    127,
                    187730,
                    1,
                    187733,
                    3,
                    188560,
                    1,
                    188562,
                    1,
                    188564,
                    1,
                    188566,
                    125,
                    188693,
                    2,
                    189520,
                    133,
                    189654,
                    1,
                    189656,
                    1,
                    190478,
                    4,
                    190483,
                    133,
                    191438,
                    2,
                    191441,
                    134,
                    192397,
                    142,
                    192542,
                    1,
                    192545,
                    1,
                    192549,
                    1,
                    192551,
                    1,
                    193352,
                    5,
                    193359,
                    141,
                    193501,
                    1,
                    193503,
                    2,
                    193507,
                    2,
                    193511,
                    1,
                    194312,
                    3,
                    194316,
                    2,
                    194319,
                    142,
                    194462,
                    2,
                    194465,
                    2,
                    194468,
                    1,
                    195264,
                    2,
                    195272,
                    3,
                    195277,
                    146,
                    195424,
                    3,
                    195429,
                    3,
                    196230,
                    2,
                    196235,
                    147,
                    196383,
                    4,
                    196391,
                    1,
                    197189,
                    1,
                    197191,
                    1,
                    197193,
                    154,
                    197348,
                    1,
                    198148,
                    3,
                    198152,
                    156,
                    198309,
                    2,
                    199108,
                    3,
                    199112,
                    157,
                    199271,
                    1,
                    200056,
                    1,
                    200059,
                    1,
                    200062,
                    1,
                    200065,
                    3,
                    200069,
                    162,
                    200233,
                    2,
                    200238,
                    1,
                    200251,
                    1,
                    201016,
                    2,
                    201024,
                    168,
                    201193,
                    1,
                    201195,
                    2,
                    201198,
                    2,
                    201977,
                    1,
                    201980,
                    2,
                    201984,
                    1,
                    201986,
                    167,
                    202154,
                    1,
                    202156,
                    1,
                    202158,
                    2,
                    202937,
                    2,
                    202943,
                    173,
                    203117,
                    1,
                    203896,
                    2,
                    203901,
                    173,
                    204075,
                    1,
                    204078,
                    1,
                    204095,
                    1,
                    204856,
                    1,
                    204861,
                    179,
                    205817,
                    2,
                    205821,
                    176,
                    205998,
                    3,
                    206778,
                    1,
                    206781,
                    179,
                    207728,
                    1,
                    207730,
                    2,
                    207734,
                    4,
                    207739,
                    182,
                    207924,
                    4,
                    208688,
                    5,
                    208694,
                    1,
                    208696,
                    2,
                    208699,
                    185,
                    208885,
                    3,
                    209649,
                    1,
                    209655,
                    193,
                    210608,
                    4,
                    210613,
                    2,
                    210616,
                    189,
                    210807,
                    1,
                    211569,
                    1,
                    211572,
                    2,
                    211575,
                    193,
                    212528,
                    1,
                    212531,
                    1,
                    212534,
                    193,
                    213488,
                    5,
                    213494,
                    193,
                    214449,
                    3,
                    214453,
                    195,
                    215408,
                    2,
                    215411,
                    198,
                    215613,
                    3,
                    216369,
                    202,
                    216572,
                    4,
                    217329,
                    1,
                    217331,
                    200,
                    217533,
                    1,
                    217535,
                    1,
                    218288,
                    1,
                    218291,
                    203,
                    219250,
                    204,
                    220208,
                    206,
                    220415,
                    1,
                    221169,
                    205,
                    222128,
                    208,
                    223080,
                    2,
                    223083,
                    2,
                    223086,
                    1,
                    223088,
                    211,
                    223300,
                    2,
                    223303,
                    1,
                    224041,
                    1,
                    224043,
                    3,
                    224047,
                    209,
                    224257,
                    2,
                    224260,
                    1,
                    224262,
                    2,
                    225000,
                    1,
                    225002,
                    1,
                    225004,
                    1,
                    225006,
                    212,
                    225219,
                    1,
                    225222,
                    2,
                    225960,
                    1,
                    225962,
                    1,
                    225966,
                    213,
                    226180,
                    1,
                    226182,
                    1,
                    226922,
                    1,
                    226924,
                    1,
                    226926,
                    211,
                    227138,
                    1,
                    227140,
                    4,
                    227880,
                    1,
                    227884,
                    215,
                    228103,
                    1,
                    228840,
                    1,
                    228844,
                    216,
                    229061,
                    2,
                    229800,
                    1,
                    229802,
                    1,
                    229805,
                    215,
                    230761,
                    2,
                    230764,
                    217,
                    230982,
                    2,
                    230990,
                    2,
                    231720,
                    1,
                    231724,
                    218,
                    231943,
                    1,
                    231951,
                    1,
                    232680,
                    222,
                    233640,
                    3,
                    233644,
                    221,
                    234600,
                    1,
                    234602,
                    220,
                    234823,
                    3,
                    235560,
                    224,
                    235785,
                    1,
                    236521,
                    224,
                    237480,
                    224,
                    237705,
                    1,
                    238440,
                    226,
                    238668,
                    2,
                    238671,
                    1,
                    239400,
                    228,
                    239630,
                    2,
                    240360,
                    228,
                    240591,
                    1,
                    241321,
                    226,
                    241549,
                    1,
                    242280,
                    228,
                    243240,
                    229,
                    244200,
                    229,
                    244430,
                    1,
                    245160,
                    228,
                    245390,
                    2,
                    246113,
                    1,
                    246116,
                    1,
                    246119,
                    229,
                    246349,
                    1,
                    247073,
                    1,
                    247076,
                    1,
                    247079,
                    231,
                    247311,
                    1,
                    248032,
                    2,
                    248037,
                    2,
                    248040,
                    230,
                    248271,
                    1,
                    248992,
                    1,
                    248997,
                    233,
                    249231,
                    1,
                    249955,
                    1,
                    249957,
                    1,
                    249959,
                    230,
                    250914,
                    2,
                    250917,
                    1,
                    250919,
                    232,
                    251872,
                    1,
                    251874,
                    237,
                    252832,
                    1,
                    252834,
                    236,
                    253793,
                    1,
                    253797,
                    235,
                    254753,
                    1,
                    254757,
                    235,
                    255713,
                    1,
                    255717,
                    235,
                    256673,
                    1,
                    256678,
                    234,
                    257633,
                    1,
                    257635,
                    1,
                    257638,
                    234,
                    258595,
                    1,
                    258598,
                    234,
                    259555,
                    1,
                    259558,
                    234,
                    260515,
                    1,
                    260518,
                    234,
                    261480,
                    233,
                    261716,
                    1,
                    262440,
                    233,
                    262676,
                    1,
                    263400,
                    234,
                    263636,
                    1,
                    264360,
                    234,
                    264599,
                    1,
                    265320,
                    232,
                    265553,
                    2,
                    265559,
                    1,
                    266280,
                    232,
                    266514,
                    1,
                    266518,
                    1,
                    267240,
                    1,
                    267242,
                    231,
                    267474,
                    1,
                    267477,
                    2,
                    268200,
                    2,
                    268203,
                    230,
                    268434,
                    1,
                    268437,
                    2,
                    269162,
                    235,
                    269399,
                    1,
                    270121,
                    234,
                    270356,
                    1,
                    271080,
                    2,
                    271084,
                    229,
                    271316,
                    1,
                    272040,
                    1,
                    272043,
                    230,
                    272276,
                    1,
                    273000,
                    1,
                    273002,
                    234,
                    273238,
                    1,
                    273960,
                    3,
                    273964,
                    230,
                    274195,
                    1,
                    274198,
                    1,
                    274922,
                    1,
                    274924,
                    228,
                    275153,
                    1,
                    275155,
                    1,
                    275158,
                    1,
                    275881,
                    2,
                    275884,
                    228,
                    276115,
                    1,
                    276118,
                    2,
                    276840,
                    1,
                    276842,
                    1,
                    276845,
                    227,
                    277801,
                    2,
                    277804,
                    1,
                    277806,
                    226,
                    278761,
                    1,
                    278764,
                    228,
                    279721,
                    1,
                    279724,
                    228,
                    280681,
                    1,
                    280684,
                    1,
                    280686,
                    225,
                    281641,
                    1,
                    281644,
                    1,
                    281646,
                    225,
                    282600,
                    1,
                    282602,
                    1,
                    282604,
                    1,
                    282606,
                    225,
                    283560,
                    1,
                    283562,
                    1,
                    283564,
                    4,
                    283569,
                    223,
                    284522,
                    1,
                    284525,
                    227,
                    285482,
                    1,
                    285485,
                    4,
                    285490,
                    221,
                    286445,
                    226,
                    287405,
                    226,
                    288366,
                    220,
                    288587,
                    3,
                    288591,
                    1,
                    289326,
                    223,
                    289551,
                    1,
                    290287,
                    5,
                    290293,
                    216,
                    291249,
                    216,
                    291466,
                    1,
                    291468,
                    3,
                    292209,
                    4,
                    292214,
                    215,
                    292430,
                    1,
                    293169,
                    217,
                    293387,
                    2,
                    293390,
                    1,
                    294130,
                    4,
                    294135,
                    213,
                    295091,
                    214,
                    295306,
                    2,
                    296052,
                    9,
                    296062,
                    206,
                    297012,
                    4,
                    297017,
                    2,
                    297020,
                    207,
                    297228,
                    1,
                    297973,
                    4,
                    297978,
                    208,
                    298188,
                    2,
                    298930,
                    1,
                    298933,
                    213,
                    299148,
                    4,
                    299891,
                    1,
                    299894,
                    12,
                    299907,
                    193,
                    300101,
                    1,
                    300103,
                    3,
                    300848,
                    1,
                    300851,
                    1,
                    300854,
                    212,
                    301069,
                    1,
                    301808,
                    1,
                    301815,
                    211,
                    302029,
                    1,
                    302768,
                    1,
                    302772,
                    1,
                    302776,
                    208,
                    302988,
                    2,
                    303728,
                    1,
                    303732,
                    2,
                    303736,
                    13,
                    303750,
                    193,
                    303948,
                    2,
                    304691,
                    4,
                    304697,
                    13,
                    304711,
                    193,
                    305650,
                    1,
                    305657,
                    206,
                    306609,
                    2,
                    306619,
                    203,
                    307576,
                    1,
                    307580,
                    202,
                    308536,
                    1,
                    308540,
                    13,
                    308554,
                    187,
                    309497,
                    2,
                    309501,
                    13,
                    309515,
                    176,
                    309692,
                    8,
                    309702,
                    1,
                    310457,
                    2,
                    310462,
                    18,
                    310481,
                    4,
                    310486,
                    173,
                    310660,
                    1,
                    310662,
                    1,
                    311417,
                    3,
                    311422,
                    24,
                    311447,
                    171,
                    312379,
                    3,
                    312384,
                    23,
                    312408,
                    157,
                    312566,
                    13,
                    312580,
                    2,
                    313339,
                    2,
                    313345,
                    23,
                    313369,
                    169,
                    313540,
                    2,
                    314306,
                    23,
                    314330,
                    166,
                    314497,
                    2,
                    314501,
                    2,
                    315264,
                    1,
                    315267,
                    188,
                    316227,
                    24,
                    316252,
                    163,
                    317186,
                    1,
                    317189,
                    23,
                    317213,
                    163,
                    318145,
                    2,
                    318150,
                    23,
                    318174,
                    159,
                    318335,
                    1,
                    319104,
                    2,
                    319110,
                    24,
                    319135,
                    158,
                    319295,
                    1,
                    320064,
                    1,
                    320072,
                    23,
                    320096,
                    156,
                    320255,
                    1,
                    321029,
                    1,
                    321033,
                    146,
                    321180,
                    31,
                    321214,
                    1,
                    321990,
                    3,
                    321995,
                    22,
                    322018,
                    152,
                    322173,
                    2,
                    322957,
                    21,
                    322979,
                    5,
                    322987,
                    7,
                    322998,
                    130,
                    323918,
                    61,
                    323981,
                    72,
                    324054,
                    33,
                    324874,
                    1,
                    324880,
                    53,
                    324952,
                    60,
                    325013,
                    33,
                    325834,
                    2,
                    325841,
                    53,
                    325895,
                    1,
                    325899,
                    5,
                    325918,
                    3,
                    325923,
                    82,
                    326007,
                    1,
                    326798,
                    2,
                    326802,
                    51,
                    326858,
                    4,
                    326868,
                    4,
                    326877,
                    6,
                    326888,
                    75,
                    326965,
                    3,
                    327760,
                    1,
                    327763,
                    52,
                    327816,
                    8,
                    327828,
                    1,
                    327830,
                    2,
                    327844,
                    4,
                    327849,
                    10,
                    327860,
                    62,
                    327924,
                    2,
                    328720,
                    1,
                    328724,
                    51,
                    328776,
                    7,
                    328788,
                    4,
                    328800,
                    4,
                    328808,
                    18,
                    328827,
                    53,
                    328884,
                    2,
                    329675,
                    3,
                    329682,
                    1,
                    329686,
                    49,
                    329737,
                    6,
                    329758,
                    3,
                    329764,
                    42,
                    329807,
                    32,
                    329841,
                    2,
                    329846,
                    2,
                    330648,
                    48,
                    330698,
                    2,
                    330704,
                    1,
                    330707,
                    1,
                    330712,
                    3,
                    330719,
                    1,
                    330722,
                    3,
                    330727,
                    71,
                    331608,
                    49,
                    331658,
                    7,
                    331667,
                    1,
                    331672,
                    2,
                    331675,
                    6,
                    331682,
                    40,
                    331724,
                    33,
                    331759,
                    1,
                    332570,
                    48,
                    332620,
                    5,
                    332645,
                    70,
                    333532,
                    47,
                    333581,
                    1,
                    333584,
                    1,
                    333591,
                    1,
                    333596,
                    5,
                    333605,
                    69,
                    333677,
                    1,
                    334488,
                    2,
                    334494,
                    53,
                    334553,
                    2,
                    334557,
                    2,
                    334560,
                    2,
                    334565,
                    67,
                    334636,
                    1,
                    335456,
                    58,
                    335515,
                    4,
                    335524,
                    67,
                    335594,
                    1,
                    336410,
                    2,
                    336418,
                    130,
                    336550,
                    2,
                    336553,
                    2,
                    336559,
                    1,
                    337370,
                    2,
                    337376,
                    1,
                    337381,
                    128,
                    337516,
                    4,
                    338344,
                    120,
                    339304,
                    119,
                    340267,
                    114,
                    341224,
                    1,
                    341228,
                    111,
                    341343,
                    1,
                    342184,
                    2,
                    342192,
                    104,
                    342302,
                    2,
                    343154,
                    99,
                    343259,
                    2,
                    344109,
                    5,
                    344118,
                    93,
                    344214,
                    6,
                    345064,
                    3,
                    345083,
                    83,
                    345176,
                    1,
                    345182,
                    2,
                    346048,
                    75,
                    347009,
                    73,
                    347086,
                    2,
                    347973,
                    64,
                    348046,
                    2,
                    348928,
                    2,
                    348938,
                    54,
                    348998,
                    2,
                    349894,
                    2,
                    349902,
                    46,
                    350851,
                    4,
                    350856,
                    2,
                    350868,
                    28,
                    350911,
                    1,
                    350913,
                    3,
                    350923,
                    2,
                    351808,
                    4,
                    351820,
                    4,
                    351864,
                    3,
                    351877,
                    3,
                    352775,
                    1,
                    352795,
                    5,
                    352813,
                    3,
                    352832,
                    2,
                    352840,
                    1
                ]
            }
        }
    ]
}