{
    "image_id": 44,
    "file_name": "Wheat_004_001_002_003.jpg",
    "width": 960,
    "height": 540,
    "annotations": [
        {
            "id": 1,
            "category_id": 4123,
            "bbox": [
                416,
                144,
                591,
                383
            ],
            "bbox_mode": 0,
            "segmentation": {
                "size": [
                    540,
                    960
                ],
                "counts": [
                    138717,
                    5,
                    138727,
                    1,
                    138739,
                    3,
                    138745,
                    1,
                    138754,
                    1,
                    138759,
                    1,
                    138761,
                    3,
                    138767,
                    1,
                    138770,
                    1,
                    139678,
                    4,
                    139683,
                    10,
                    139695,
                    1,
                    139699,
                    4,
                    139704,
                    3,
                    139708,
                    4,
                    139714,
                    3,
                    139719,
                    1,
                    139722,
                    4,
                    139728,
                    3,
                    140640,
                    2,
                    140644,
                    2,
                    140653,
                    4,
                    140661,
                    6,
                    140678,
                    3,
                    140683,
                    1,
                    140686,
                    2,
                    141604,
                    2,
                    141607,
                    3,
                    141616,
                    3,
                    141620,
                    17,
                    141643,
                    3,
                    141647,
                    1,
                    142550,
                    1,
                    142560,
                    2,
                    142568,
                    5,
                    142574,
                    19,
                    142594,
                    4,
                    142600,
                    1,
                    142604,
                    4,
                    143524,
                    34,
                    143559,
                    5,
                    143565,
                    3,
                    144480,
                    43,
                    144524,
                    4,
                    145435,
                    57,
                    146384,
                    1,
                    146389,
                    2,
                    146396,
                    1,
                    146398,
                    54,
                    146455,
                    2,
                    146458,
                    2,
                    146463,
                    1,
                    147344,
                    4,
                    147349,
                    1,
                    147351,
                    64,
                    147416,
                    1,
                    147418,
                    2,
                    147421,
                    2,
                    148304,
                    1,
                    148309,
                    2,
                    148312,
                    61,
                    148374,
                    1,
                    148376,
                    1,
                    148378,
                    3,
                    149270,
                    68,
                    149339,
                    1,
                    149342,
                    2,
                    150224,
                    1,
                    150228,
                    72,
                    150303,
                    1,
                    151184,
                    75,
                    151260,
                    3,
                    152144,
                    77,
                    152222,
                    1,
                    153103,
                    81,
                    154051,
                    1,
                    154057,
                    2,
                    154061,
                    2,
                    154064,
                    82,
                    154148,
                    2,
                    155008,
                    2,
                    155016,
                    5,
                    155022,
                    83,
                    155106,
                    3,
                    155111,
                    1,
                    155969,
                    2,
                    155973,
                    2,
                    155976,
                    1,
                    155978,
                    91,
                    156930,
                    2,
                    156937,
                    1,
                    156939,
                    89,
                    157029,
                    1,
                    157888,
                    1,
                    157890,
                    2,
                    157893,
                    98,
                    158848,
                    1,
                    158854,
                    98,
                    158958,
                    2,
                    159812,
                    100,
                    160769,
                    2,
                    160772,
                    101,
                    160878,
                    1,
                    161723,
                    1,
                    161728,
                    2,
                    161732,
                    103,
                    161839,
                    1,
                    161844,
                    1,
                    162680,
                    1,
                    162685,
                    3,
                    162689,
                    1,
                    162691,
                    1,
                    162693,
                    103,
                    162798,
                    5,
                    162807,
                    1,
                    163640,
                    1,
                    163645,
                    2,
                    163648,
                    108,
                    163757,
                    3,
                    163761,
                    2,
                    163767,
                    1,
                    164602,
                    1,
                    164607,
                    1,
                    164609,
                    108,
                    164718,
                    1,
                    164720,
                    1,
                    164725,
                    1,
                    165561,
                    2,
                    165568,
                    112,
                    165685,
                    2,
                    166521,
                    2,
                    166525,
                    118,
                    166645,
                    2,
                    167480,
                    2,
                    167485,
                    2,
                    167488,
                    112,
                    167601,
                    2,
                    167606,
                    2,
                    168444,
                    120,
                    169397,
                    1,
                    169403,
                    120,
                    169524,
                    2,
                    169528,
                    1,
                    170356,
                    2,
                    170360,
                    1,
                    170362,
                    2,
                    170365,
                    124,
                    171320,
                    1,
                    171322,
                    122,
                    171445,
                    2,
                    172282,
                    126,
                    173241,
                    127,
                    174200,
                    1,
                    174202,
                    123,
                    174326,
                    1,
                    175160,
                    127,
                    175292,
                    1,
                    176120,
                    128,
                    176252,
                    1,
                    177074,
                    3,
                    177078,
                    132,
                    177211,
                    1,
                    177214,
                    2,
                    178034,
                    1,
                    178037,
                    1,
                    178039,
                    130,
                    178170,
                    2,
                    178173,
                    2,
                    178992,
                    1,
                    178996,
                    135,
                    179133,
                    2,
                    179952,
                    2,
                    179955,
                    136,
                    180095,
                    1,
                    180915,
                    1,
                    180917,
                    136,
                    181054,
                    2,
                    181874,
                    139,
                    182015,
                    1,
                    182834,
                    139,
                    182975,
                    1,
                    183793,
                    139,
                    183933,
                    1,
                    184744,
                    3,
                    184754,
                    140,
                    184895,
                    2,
                    184900,
                    1,
                    184903,
                    1,
                    185708,
                    3,
                    185712,
                    1,
                    185714,
                    139,
                    185854,
                    1,
                    185859,
                    1,
                    186664,
                    1,
                    186667,
                    3,
                    186672,
                    143,
                    186818,
                    2,
                    187624,
                    1,
                    187627,
                    2,
                    187632,
                    144,
                    187783,
                    1,
                    188591,
                    147,
                    188741,
                    2,
                    189549,
                    149,
                    189701,
                    1,
                    190505,
                    1,
                    190509,
                    1,
                    190511,
                    146,
                    190658,
                    1,
                    191465,
                    1,
                    191467,
                    1,
                    191469,
                    151,
                    191623,
                    1,
                    192425,
                    2,
                    192429,
                    149,
                    192581,
                    1,
                    193385,
                    1,
                    193388,
                    1,
                    193390,
                    149,
                    193540,
                    1,
                    194340,
                    1,
                    194345,
                    1,
                    194348,
                    151,
                    194500,
                    1,
                    195300,
                    1,
                    195306,
                    1,
                    195308,
                    153,
                    195466,
                    2,
                    196260,
                    1,
                    196264,
                    1,
                    196266,
                    1,
                    196269,
                    151,
                    196421,
                    3,
                    196426,
                    2,
                    197220,
                    2,
                    197224,
                    1,
                    197226,
                    1,
                    197228,
                    152,
                    197381,
                    2,
                    197385,
                    1,
                    197387,
                    1,
                    198180,
                    2,
                    198186,
                    1,
                    198188,
                    155,
                    198345,
                    1,
                    198347,
                    1,
                    199146,
                    1,
                    199148,
                    153,
                    199302,
                    1,
                    199306,
                    2,
                    200105,
                    155,
                    200261,
                    1,
                    201064,
                    157,
                    202025,
                    156,
                    202182,
                    1,
                    202984,
                    159,
                    203944,
                    160,
                    204904,
                    158,
                    205063,
                    1,
                    205863,
                    161,
                    206823,
                    1,
                    206825,
                    159,
                    207780,
                    1,
                    207782,
                    1,
                    207784,
                    160,
                    207945,
                    1,
                    207948,
                    1,
                    207951,
                    1,
                    208742,
                    1,
                    208744,
                    162,
                    208908,
                    1,
                    208911,
                    1,
                    209703,
                    163,
                    209867,
                    1,
                    209871,
                    1,
                    210661,
                    1,
                    210663,
                    161,
                    210825,
                    3,
                    210829,
                    1,
                    210831,
                    1,
                    211621,
                    1,
                    211623,
                    162,
                    211786,
                    1,
                    211789,
                    1,
                    212581,
                    164,
                    212746,
                    1,
                    212749,
                    1,
                    213536,
                    1,
                    213541,
                    166,
                    214496,
                    1,
                    214502,
                    165,
                    215457,
                    3,
                    215461,
                    166,
                    215628,
                    2,
                    215631,
                    1,
                    216417,
                    2,
                    216420,
                    1,
                    216422,
                    165,
                    216588,
                    1,
                    217378,
                    169,
                    217548,
                    1,
                    217550,
                    1,
                    218338,
                    169,
                    218510,
                    1,
                    219298,
                    1,
                    219300,
                    167,
                    219470,
                    1,
                    220257,
                    1,
                    220259,
                    168,
                    220430,
                    1,
                    221217,
                    1,
                    221219,
                    170,
                    221390,
                    1,
                    222177,
                    1,
                    222179,
                    171,
                    222351,
                    1,
                    223136,
                    174,
                    223311,
                    1,
                    224098,
                    172,
                    225060,
                    168,
                    225229,
                    1,
                    225231,
                    1,
                    226018,
                    172,
                    226191,
                    1,
                    226978,
                    172,
                    227151,
                    1,
                    227936,
                    173,
                    228111,
                    1,
                    228898,
                    171,
                    229071,
                    1,
                    229859,
                    170,
                    230818,
                    171,
                    230990,
                    1,
                    231777,
                    172,
                    231950,
                    1,
                    232737,
                    174,
                    233697,
                    174,
                    234657,
                    174,
                    235617,
                    174,
                    236577,
                    175,
                    237537,
                    175,
                    238496,
                    176,
                    239456,
                    175,
                    240416,
                    175,
                    241376,
                    174,
                    242338,
                    172,
                    243297,
                    173,
                    244257,
                    173,
                    245217,
                    173,
                    246176,
                    176,
                    247136,
                    176,
                    248096,
                    176,
                    249057,
                    175,
                    250017,
                    175,
                    250976,
                    176,
                    251936,
                    176,
                    252896,
                    176,
                    253856,
                    1,
                    253858,
                    173,
                    254816,
                    175,
                    255776,
                    176,
                    256736,
                    176,
                    257696,
                    176,
                    258656,
                    2,
                    258659,
                    173,
                    259617,
                    175,
                    260577,
                    173,
                    260751,
                    1,
                    261536,
                    3,
                    261540,
                    170,
                    261711,
                    1,
                    262496,
                    3,
                    262500,
                    170,
                    263456,
                    3,
                    263460,
                    170,
                    264416,
                    3,
                    264420,
                    169,
                    265376,
                    3,
                    265381,
                    168,
                    266337,
                    2,
                    266342,
                    168,
                    267297,
                    2,
                    267300,
                    1,
                    267303,
                    166,
                    268257,
                    2,
                    268260,
                    1,
                    268263,
                    167,
                    269217,
                    4,
                    269223,
                    165,
                    269389,
                    2,
                    270177,
                    4,
                    270183,
                    165,
                    270349,
                    3,
                    271137,
                    2,
                    271140,
                    1,
                    271143,
                    169,
                    272096,
                    3,
                    272100,
                    2,
                    272103,
                    168,
                    273058,
                    4,
                    273063,
                    167,
                    274018,
                    172,
                    274978,
                    2,
                    274981,
                    170,
                    275938,
                    2,
                    275941,
                    166,
                    276108,
                    4,
                    276896,
                    171,
                    277068,
                    3,
                    277856,
                    1,
                    277858,
                    3,
                    277862,
                    1,
                    277864,
                    166,
                    278816,
                    1,
                    278819,
                    170,
                    279777,
                    1,
                    279779,
                    3,
                    279783,
                    166,
                    280737,
                    1,
                    280739,
                    172,
                    281700,
                    3,
                    281704,
                    162,
                    281867,
                    4,
                    282660,
                    171,
                    283619,
                    166,
                    283786,
                    2,
                    283790,
                    2,
                    284580,
                    162,
                    284743,
                    1,
                    284745,
                    3,
                    285540,
                    162,
                    285703,
                    5,
                    286500,
                    162,
                    286663,
                    2,
                    286666,
                    2,
                    286670,
                    1,
                    287460,
                    6,
                    287467,
                    155,
                    287623,
                    5,
                    287630,
                    1,
                    288416,
                    1,
                    288418,
                    2,
                    288421,
                    6,
                    288428,
                    154,
                    288583,
                    5,
                    288590,
                    1,
                    289376,
                    1,
                    289378,
                    2,
                    289381,
                    160,
                    289545,
                    3,
                    290336,
                    1,
                    290338,
                    2,
                    290341,
                    8,
                    290350,
                    150,
                    290501,
                    1,
                    290504,
                    2,
                    290507,
                    1,
                    291296,
                    1,
                    291298,
                    2,
                    291301,
                    159,
                    291461,
                    1,
                    291463,
                    6,
                    291471,
                    1,
                    292256,
                    1,
                    292259,
                    1,
                    292262,
                    8,
                    292272,
                    149,
                    292422,
                    1,
                    292424,
                    2,
                    292428,
                    1,
                    292431,
                    1,
                    293216,
                    1,
                    293219,
                    1,
                    293222,
                    159,
                    293384,
                    2,
                    293388,
                    1,
                    293391,
                    1,
                    294176,
                    1,
                    294179,
                    1,
                    294182,
                    10,
                    294193,
                    146,
                    294340,
                    2,
                    294343,
                    3,
                    294348,
                    1,
                    294351,
                    1,
                    295139,
                    1,
                    295142,
                    160,
                    295303,
                    3,
                    295308,
                    1,
                    295311,
                    1,
                    296099,
                    1,
                    296103,
                    10,
                    296115,
                    146,
                    296262,
                    4,
                    297063,
                    10,
                    297074,
                    1,
                    297076,
                    150,
                    298023,
                    10,
                    298034,
                    2,
                    298038,
                    148,
                    298977,
                    1,
                    298982,
                    13,
                    298996,
                    148,
                    299149,
                    1,
                    299945,
                    9,
                    299955,
                    2,
                    299959,
                    145,
                    300905,
                    9,
                    300915,
                    2,
                    300920,
                    1,
                    300922,
                    142,
                    301865,
                    9,
                    301875,
                    4,
                    301883,
                    141,
                    302825,
                    9,
                    302835,
                    6,
                    302843,
                    131,
                    302975,
                    8,
                    303786,
                    8,
                    303795,
                    1,
                    303798,
                    3,
                    303803,
                    130,
                    303934,
                    8,
                    304744,
                    1,
                    304746,
                    8,
                    304756,
                    3,
                    304763,
                    139,
                    305704,
                    1,
                    305707,
                    8,
                    305716,
                    3,
                    305721,
                    1,
                    305723,
                    139,
                    306664,
                    1,
                    306667,
                    8,
                    306676,
                    3,
                    306680,
                    2,
                    306684,
                    137,
                    307627,
                    8,
                    307636,
                    6,
                    307644,
                    125,
                    307770,
                    11,
                    307782,
                    1,
                    308588,
                    7,
                    308598,
                    4,
                    308604,
                    123,
                    308728,
                    13,
                    308742,
                    1,
                    309548,
                    7,
                    309557,
                    3,
                    309564,
                    122,
                    309688,
                    12,
                    310509,
                    10,
                    310524,
                    135,
                    310661,
                    1,
                    311469,
                    7,
                    311477,
                    2,
                    311481,
                    1,
                    311484,
                    122,
                    311607,
                    12,
                    311621,
                    1,
                    312430,
                    8,
                    312439,
                    1,
                    312441,
                    2,
                    312444,
                    121,
                    312567,
                    12,
                    313390,
                    9,
                    313402,
                    1,
                    313405,
                    120,
                    313528,
                    11,
                    314347,
                    1,
                    314350,
                    10,
                    314361,
                    1,
                    314364,
                    120,
                    314486,
                    11,
                    314499,
                    1,
                    314502,
                    1,
                    315312,
                    10,
                    315323,
                    121,
                    315446,
                    2,
                    315449,
                    7,
                    316272,
                    131,
                    316406,
                    10,
                    317232,
                    131,
                    317365,
                    11,
                    318193,
                    130,
                    318325,
                    10,
                    319153,
                    130,
                    319285,
                    10,
                    320113,
                    16,
                    320130,
                    113,
                    320245,
                    10,
                    321074,
                    17,
                    321092,
                    110,
                    321204,
                    10,
                    322032,
                    1,
                    322035,
                    127,
                    322164,
                    10,
                    322993,
                    2,
                    322996,
                    20,
                    323017,
                    104,
                    323125,
                    8,
                    323953,
                    1,
                    323956,
                    22,
                    323979,
                    103,
                    324083,
                    9,
                    324912,
                    1,
                    324916,
                    24,
                    324941,
                    99,
                    325042,
                    10,
                    325054,
                    1,
                    325872,
                    1,
                    325877,
                    24,
                    325902,
                    1,
                    325904,
                    86,
                    325991,
                    20,
                    326013,
                    2,
                    326832,
                    1,
                    326835,
                    1,
                    326838,
                    24,
                    326864,
                    2,
                    326869,
                    101,
                    326973,
                    1,
                    327792,
                    1,
                    327795,
                    1,
                    327799,
                    23,
                    327825,
                    5,
                    327834,
                    96,
                    327932,
                    2,
                    328754,
                    2,
                    328759,
                    23,
                    328790,
                    5,
                    328796,
                    93,
                    328892,
                    1,
                    328895,
                    1,
                    329713,
                    2,
                    329718,
                    1,
                    329720,
                    22,
                    329757,
                    70,
                    329828,
                    20,
                    329851,
                    1,
                    329855,
                    1,
                    330681,
                    22,
                    330715,
                    1,
                    330717,
                    69,
                    330787,
                    20,
                    331641,
                    22,
                    331677,
                    68,
                    331746,
                    21,
                    332602,
                    21,
                    332637,
                    67,
                    332705,
                    21,
                    333563,
                    21,
                    333597,
                    88,
                    333687,
                    1,
                    334521,
                    1,
                    334524,
                    20,
                    334558,
                    64,
                    334623,
                    22,
                    334647,
                    1,
                    335481,
                    2,
                    335484,
                    20,
                    335519,
                    53,
                    335573,
                    31,
                    336442,
                    2,
                    336445,
                    19,
                    336479,
                    52,
                    336532,
                    9,
                    336542,
                    21,
                    336565,
                    1,
                    337403,
                    2,
                    337406,
                    18,
                    337437,
                    1,
                    337439,
                    31,
                    337471,
                    18,
                    337490,
                    6,
                    337497,
                    3,
                    337501,
                    21,
                    337524,
                    3,
                    338368,
                    18,
                    338389,
                    2,
                    338392,
                    2,
                    338396,
                    1,
                    338399,
                    27,
                    338427,
                    7,
                    338435,
                    22,
                    338458,
                    1,
                    338460,
                    20,
                    339328,
                    19,
                    339356,
                    2,
                    339360,
                    23,
                    339385,
                    9,
                    339395,
                    11,
                    339407,
                    33,
                    340289,
                    28,
                    340319,
                    20,
                    340341,
                    14,
                    340356,
                    8,
                    340365,
                    35,
                    341250,
                    34,
                    341288,
                    19,
                    341309,
                    3,
                    341313,
                    10,
                    341324,
                    34,
                    342210,
                    49,
                    342260,
                    3,
                    342264,
                    8,
                    342273,
                    3,
                    342277,
                    42,
                    343172,
                    47,
                    343221,
                    10,
                    343232,
                    4,
                    343237,
                    39,
                    343278,
                    1,
                    344133,
                    50,
                    344184,
                    7,
                    344192,
                    6,
                    344199,
                    37,
                    345089,
                    2,
                    345094,
                    49,
                    345144,
                    2,
                    345149,
                    4,
                    345155,
                    39,
                    345196,
                    2,
                    346056,
                    55,
                    346113,
                    39,
                    347016,
                    51,
                    347069,
                    43,
                    347977,
                    94,
                    348936,
                    1,
                    348939,
                    91,
                    349896,
                    1,
                    349901,
                    87,
                    349991,
                    1,
                    350861,
                    87,
                    351818,
                    2,
                    351822,
                    84,
                    351908,
                    3,
                    352778,
                    2,
                    352784,
                    81,
                    352869,
                    3,
                    353745,
                    77,
                    354704,
                    77,
                    355664,
                    1,
                    355669,
                    70,
                    355742,
                    1,
                    356632,
                    66,
                    356701,
                    2,
                    357587,
                    2,
                    357592,
                    1,
                    357594,
                    63,
                    357659,
                    3,
                    358556,
                    59,
                    358618,
                    2,
                    359511,
                    3,
                    359518,
                    53,
                    359574,
                    2,
                    359578,
                    1,
                    359583,
                    1,
                    360466,
                    4,
                    360475,
                    1,
                    360481,
                    47,
                    360532,
                    2,
                    360539,
                    3,
                    361443,
                    44,
                    362404,
                    41,
                    363360,
                    2,
                    363368,
                    31,
                    363407,
                    1,
                    364320,
                    2,
                    364336,
                    19,
                    364360,
                    2,
                    364366,
                    2,
                    365280,
                    8,
                    365318,
                    3,
                    366240,
                    2,
                    366252,
                    4,
                    366264,
                    8,
                    367200,
                    1,
                    367216,
                    6,
                    367245,
                    3,
                    368160,
                    1,
                    368167,
                    1,
                    368184,
                    8,
                    368195,
                    3
                ]
            }
        }
    ]
}