{
    "image_id": 48,
    "file_name": "Wheat_004_001_003_003.jpg",
    "width": 960,
    "height": 540,
    "annotations": [
        {
            "id": 1,
            "category_id": 4133,
            "bbox": [
                352,
                164,
                591,
                391
            ],
            "bbox_mode": 0,
            "segmentation": {
                "size": [
                    540,
                    960
                ],
                "counts": [
                    157921,
                    4,
                    158881,
                    2,
                    158884,
                    1,
                    161730,
                    4,
                    161738,
                    2,
                    161742,
                    11,
                    161759,
                    1,
                    161764,
                    1,
                    161768,
                    1,
                    162682,
                    3,
                    162688,
                    1,
                    162715,
                    1,
                    162720,
                    3,
                    162726,
                    2,
                    162731,
                    3,
                    163640,
                    1,
                    163643,
                    2,
                    163646,
                    5,
                    163658,
                    3,
                    163662,
                    10,
                    163675,
                    2,
                    163681,
                    1,
                    163684,
                    6,
                    163693,
                    3,
                    164601,
                    6,
                    164608,
                    3,
                    164621,
                    2,
                    164646,
                    4,
                    164655,
                    1,
                    165566,
                    2,
                    165571,
                    24,
                    165597,
                    3,
                    165601,
                    4,
                    165608,
                    1,
                    165611,
                    2,
                    166520,
                    2,
                    166523,
                    35,
                    166560,
                    11,
                    167481,
                    47,
                    167534,
                    2,
                    168439,
                    56,
                    169380,
                    2,
                    169387,
                    4,
                    169392,
                    5,
                    169398,
                    61,
                    169463,
                    1,
                    169465,
                    3,
                    169470,
                    3,
                    169479,
                    1,
                    170337,
                    2,
                    170341,
                    3,
                    170345,
                    2,
                    170348,
                    5,
                    170354,
                    68,
                    170423,
                    1,
                    170436,
                    2,
                    170439,
                    1,
                    171296,
                    1,
                    171300,
                    2,
                    171304,
                    1,
                    171306,
                    76,
                    171383,
                    5,
                    171389,
                    3,
                    171396,
                    1,
                    171398,
                    2,
                    172259,
                    7,
                    172267,
                    84,
                    172352,
                    1,
                    172355,
                    2,
                    173217,
                    2,
                    173220,
                    2,
                    173223,
                    91,
                    173317,
                    1,
                    173319,
                    1,
                    174176,
                    4,
                    174181,
                    92,
                    174274,
                    2,
                    174279,
                    1,
                    175136,
                    101,
                    176093,
                    1,
                    176096,
                    103,
                    176207,
                    1,
                    177043,
                    2,
                    177049,
                    1,
                    177051,
                    108,
                    177160,
                    2,
                    177165,
                    2,
                    177168,
                    4,
                    177173,
                    2,
                    178001,
                    2,
                    178004,
                    1,
                    178007,
                    1,
                    178011,
                    114,
                    178126,
                    2,
                    178132,
                    2,
                    178960,
                    1,
                    178962,
                    1,
                    178964,
                    1,
                    178968,
                    117,
                    179087,
                    1,
                    179090,
                    4,
                    179095,
                    1,
                    179922,
                    2,
                    179926,
                    121,
                    180048,
                    1,
                    180051,
                    1,
                    180053,
                    1,
                    180055,
                    1,
                    180881,
                    3,
                    180885,
                    125,
                    181011,
                    1,
                    181013,
                    2,
                    181843,
                    129,
                    181974,
                    1,
                    182800,
                    1,
                    182802,
                    128,
                    182931,
                    1,
                    182933,
                    1,
                    182935,
                    1,
                    183760,
                    134,
                    184712,
                    2,
                    184717,
                    1,
                    184720,
                    133,
                    184854,
                    3,
                    184859,
                    2,
                    184863,
                    1,
                    185674,
                    2,
                    185680,
                    135,
                    185816,
                    2,
                    186633,
                    2,
                    186636,
                    141,
                    186778,
                    5,
                    187595,
                    148,
                    188553,
                    149,
                    189512,
                    2,
                    189515,
                    146,
                    189662,
                    2,
                    190473,
                    151,
                    191432,
                    151,
                    192386,
                    1,
                    192388,
                    157,
                    192546,
                    2,
                    192552,
                    1,
                    193344,
                    3,
                    193348,
                    160,
                    193509,
                    2,
                    193512,
                    2,
                    193515,
                    1,
                    194304,
                    2,
                    194307,
                    1,
                    194309,
                    158,
                    194468,
                    2,
                    194471,
                    1,
                    194473,
                    3,
                    195264,
                    164,
                    195429,
                    3,
                    196225,
                    169,
                    196397,
                    2,
                    197184,
                    171,
                    197357,
                    2,
                    198143,
                    172,
                    198318,
                    1,
                    199102,
                    173,
                    200056,
                    1,
                    200058,
                    2,
                    200061,
                    176,
                    200242,
                    3,
                    201012,
                    1,
                    201016,
                    3,
                    201021,
                    175,
                    201197,
                    2,
                    201976,
                    1,
                    201978,
                    1,
                    201980,
                    176,
                    202157,
                    2,
                    202937,
                    183,
                    203896,
                    2,
                    203899,
                    181,
                    204856,
                    185,
                    205816,
                    1,
                    205818,
                    182,
                    206776,
                    184,
                    206963,
                    3,
                    207729,
                    3,
                    207733,
                    1,
                    207735,
                    1,
                    207737,
                    184,
                    207922,
                    1,
                    207924,
                    1,
                    207926,
                    2,
                    208690,
                    2,
                    208694,
                    1,
                    208696,
                    186,
                    208883,
                    2,
                    208886,
                    1,
                    209648,
                    4,
                    209653,
                    192,
                    209846,
                    2,
                    210608,
                    1,
                    210610,
                    1,
                    210613,
                    192,
                    210806,
                    2,
                    211568,
                    2,
                    211572,
                    194,
                    211767,
                    1,
                    212530,
                    2,
                    212533,
                    192,
                    212726,
                    1,
                    213490,
                    196,
                    214448,
                    1,
                    214450,
                    198,
                    215409,
                    1,
                    215411,
                    199,
                    215611,
                    3,
                    215615,
                    1,
                    216369,
                    202,
                    216573,
                    1,
                    216575,
                    1,
                    217329,
                    202,
                    218289,
                    202,
                    219248,
                    205,
                    219454,
                    1,
                    220207,
                    207,
                    220415,
                    1,
                    221168,
                    207,
                    222126,
                    208,
                    222335,
                    1,
                    223084,
                    2,
                    223088,
                    205,
                    223294,
                    1,
                    224046,
                    209,
                    224257,
                    4,
                    224996,
                    1,
                    225005,
                    209,
                    225218,
                    3,
                    225956,
                    2,
                    225962,
                    1,
                    225965,
                    211,
                    226181,
                    2,
                    226916,
                    2,
                    226923,
                    212,
                    227136,
                    1,
                    227141,
                    2,
                    227877,
                    1,
                    227883,
                    216,
                    228101,
                    2,
                    228837,
                    1,
                    228843,
                    1,
                    228845,
                    212,
                    229058,
                    1,
                    229061,
                    2,
                    229796,
                    2,
                    229803,
                    216,
                    230020,
                    1,
                    230763,
                    214,
                    230980,
                    1,
                    230986,
                    2,
                    231721,
                    218,
                    231941,
                    2,
                    231946,
                    2,
                    232682,
                    216,
                    232899,
                    1,
                    232906,
                    2,
                    233642,
                    218,
                    233861,
                    3,
                    234600,
                    1,
                    234602,
                    221,
                    235562,
                    220,
                    236521,
                    1,
                    236523,
                    218,
                    237480,
                    1,
                    237482,
                    220,
                    238440,
                    224,
                    239400,
                    224,
                    240360,
                    223,
                    241320,
                    224,
                    242280,
                    224,
                    243240,
                    224,
                    244199,
                    225,
                    245159,
                    224,
                    245384,
                    1,
                    246112,
                    3,
                    246121,
                    224,
                    246347,
                    1,
                    246350,
                    1,
                    247078,
                    228,
                    247307,
                    1,
                    247310,
                    1,
                    248038,
                    226,
                    248265,
                    1,
                    248267,
                    1,
                    248270,
                    1,
                    248998,
                    228,
                    249230,
                    1,
                    249958,
                    228,
                    250188,
                    1,
                    250920,
                    225,
                    251146,
                    1,
                    251148,
                    1,
                    251874,
                    3,
                    251880,
                    227,
                    252108,
                    1,
                    252111,
                    1,
                    252834,
                    3,
                    252840,
                    227,
                    253068,
                    1,
                    253071,
                    1,
                    253793,
                    2,
                    253800,
                    227,
                    254029,
                    1,
                    254753,
                    2,
                    254760,
                    227,
                    254989,
                    1,
                    255713,
                    2,
                    255720,
                    228,
                    255951,
                    1,
                    256673,
                    2,
                    256680,
                    229,
                    256911,
                    1,
                    257633,
                    2,
                    257640,
                    229,
                    257871,
                    1,
                    258593,
                    2,
                    258600,
                    229,
                    258831,
                    1,
                    259553,
                    2,
                    259560,
                    228,
                    259790,
                    1,
                    260513,
                    2,
                    260520,
                    228,
                    260750,
                    1,
                    261480,
                    230,
                    262440,
                    230,
                    263400,
                    227,
                    263628,
                    2,
                    264360,
                    227,
                    264588,
                    2,
                    265320,
                    227,
                    266280,
                    228,
                    266510,
                    1,
                    267240,
                    228,
                    267470,
                    1,
                    268200,
                    228,
                    268430,
                    1,
                    269160,
                    228,
                    269389,
                    1,
                    269391,
                    1,
                    270120,
                    230,
                    270351,
                    1,
                    271080,
                    230,
                    272040,
                    230,
                    273000,
                    231,
                    273959,
                    230,
                    274190,
                    1,
                    274918,
                    3,
                    274922,
                    227,
                    275150,
                    1,
                    275878,
                    231,
                    276110,
                    1,
                    276840,
                    229,
                    277071,
                    1,
                    277800,
                    228,
                    278031,
                    1,
                    278760,
                    227,
                    278988,
                    1,
                    278991,
                    1,
                    279720,
                    2,
                    279723,
                    226,
                    280681,
                    228,
                    281641,
                    227,
                    281870,
                    1,
                    282601,
                    227,
                    282830,
                    1,
                    283561,
                    2,
                    283564,
                    224,
                    283790,
                    1,
                    284522,
                    224,
                    284747,
                    2,
                    284750,
                    1,
                    285481,
                    225,
                    285707,
                    2,
                    285710,
                    1,
                    286441,
                    1,
                    286443,
                    226,
                    286670,
                    1,
                    287401,
                    1,
                    287403,
                    226,
                    287630,
                    1,
                    288361,
                    1,
                    288363,
                    224,
                    288588,
                    1,
                    289321,
                    1,
                    289323,
                    224,
                    289548,
                    1,
                    290282,
                    225,
                    290508,
                    1,
                    291241,
                    2,
                    291244,
                    1,
                    291246,
                    221,
                    291468,
                    1,
                    292201,
                    1,
                    292203,
                    225,
                    292431,
                    1,
                    293161,
                    1,
                    293164,
                    223,
                    293388,
                    1,
                    294121,
                    226,
                    294348,
                    1,
                    295082,
                    1,
                    295085,
                    222,
                    295308,
                    1,
                    295310,
                    1,
                    296040,
                    1,
                    296042,
                    1,
                    296045,
                    219,
                    296265,
                    1,
                    296270,
                    1,
                    297000,
                    1,
                    297003,
                    1,
                    297005,
                    221,
                    297227,
                    1,
                    297230,
                    1,
                    297961,
                    1,
                    297964,
                    1,
                    297966,
                    217,
                    298184,
                    2,
                    298187,
                    1,
                    298190,
                    1,
                    298921,
                    2,
                    298924,
                    222,
                    299147,
                    2,
                    299150,
                    1,
                    299884,
                    222,
                    300109,
                    2,
                    300844,
                    6,
                    300851,
                    215,
                    301069,
                    2,
                    301805,
                    220,
                    302029,
                    1,
                    302766,
                    218,
                    302989,
                    1,
                    303728,
                    216,
                    304688,
                    1,
                    304690,
                    214,
                    305648,
                    1,
                    305650,
                    213,
                    306609,
                    1,
                    306611,
                    209,
                    306821,
                    2,
                    306824,
                    2,
                    307571,
                    211,
                    308531,
                    3,
                    308535,
                    207,
                    308743,
                    1,
                    309492,
                    6,
                    309499,
                    203,
                    309703,
                    1,
                    310448,
                    1,
                    310452,
                    3,
                    310456,
                    208,
                    311408,
                    1,
                    311413,
                    200,
                    311615,
                    7,
                    311623,
                    1,
                    312368,
                    1,
                    312373,
                    9,
                    312383,
                    192,
                    312576,
                    5,
                    313329,
                    2,
                    313333,
                    203,
                    313537,
                    3,
                    313542,
                    1,
                    314288,
                    4,
                    314293,
                    198,
                    314492,
                    2,
                    314495,
                    5,
                    314502,
                    1,
                    315256,
                    196,
                    315454,
                    1,
                    315456,
                    5,
                    315462,
                    1,
                    316216,
                    194,
                    316411,
                    2,
                    316414,
                    5,
                    316421,
                    2,
                    317176,
                    9,
                    317186,
                    183,
                    317372,
                    2,
                    317375,
                    4,
                    317381,
                    1,
                    318137,
                    194,
                    318332,
                    6,
                    319098,
                    191,
                    319290,
                    8,
                    319300,
                    1,
                    320056,
                    1,
                    320059,
                    190,
                    320250,
                    2,
                    320253,
                    3,
                    320260,
                    1,
                    321019,
                    9,
                    321029,
                    180,
                    321210,
                    6,
                    321219,
                    2,
                    321977,
                    2,
                    321980,
                    188,
                    322169,
                    1,
                    322172,
                    4,
                    322177,
                    1,
                    322181,
                    1,
                    322937,
                    1,
                    322941,
                    188,
                    323130,
                    5,
                    323897,
                    1,
                    323901,
                    9,
                    323911,
                    174,
                    324086,
                    2,
                    324089,
                    5,
                    324862,
                    185,
                    325049,
                    4,
                    325054,
                    2,
                    325823,
                    181,
                    326005,
                    3,
                    326009,
                    4,
                    326015,
                    1,
                    326784,
                    12,
                    326799,
                    164,
                    326964,
                    1,
                    326968,
                    4,
                    326973,
                    2,
                    327739,
                    3,
                    327745,
                    180,
                    327927,
                    4,
                    327932,
                    4,
                    328699,
                    3,
                    328705,
                    12,
                    328718,
                    4,
                    328723,
                    157,
                    328881,
                    10,
                    329660,
                    1,
                    329664,
                    1,
                    329667,
                    9,
                    329678,
                    2,
                    329681,
                    169,
                    329855,
                    1,
                    330624,
                    1,
                    330627,
                    11,
                    330639,
                    5,
                    330645,
                    166,
                    331587,
                    12,
                    331600,
                    4,
                    331605,
                    165,
                    332545,
                    2,
                    332549,
                    11,
                    332561,
                    167,
                    333505,
                    2,
                    333510,
                    16,
                    333527,
                    160,
                    334464,
                    2,
                    334471,
                    11,
                    334483,
                    3,
                    334488,
                    147,
                    334636,
                    11,
                    334652,
                    1,
                    335424,
                    1,
                    335433,
                    12,
                    335447,
                    1,
                    335449,
                    145,
                    335595,
                    10,
                    336384,
                    1,
                    336388,
                    2,
                    336394,
                    11,
                    336406,
                    3,
                    336410,
                    155,
                    337352,
                    1,
                    337355,
                    15,
                    337371,
                    141,
                    337513,
                    10,
                    337528,
                    1,
                    338312,
                    1,
                    338316,
                    10,
                    338327,
                    3,
                    338331,
                    151,
                    339276,
                    11,
                    339288,
                    142,
                    339431,
                    11,
                    339445,
                    1,
                    340234,
                    1,
                    340238,
                    10,
                    340249,
                    3,
                    340253,
                    128,
                    340382,
                    18,
                    340404,
                    2,
                    341194,
                    1,
                    341199,
                    10,
                    341211,
                    2,
                    341214,
                    125,
                    341340,
                    5,
                    341346,
                    2,
                    341349,
                    10,
                    341364,
                    2,
                    342160,
                    25,
                    342187,
                    1,
                    342193,
                    125,
                    343112,
                    1,
                    343116,
                    2,
                    343120,
                    1,
                    343122,
                    24,
                    343154,
                    123,
                    343280,
                    2,
                    343287,
                    1,
                    344079,
                    1,
                    344083,
                    24,
                    344115,
                    122,
                    344239,
                    1,
                    344247,
                    1,
                    345033,
                    3,
                    345039,
                    1,
                    345041,
                    1,
                    345044,
                    24,
                    345072,
                    1,
                    345074,
                    1,
                    345076,
                    119,
                    345197,
                    2,
                    346005,
                    24,
                    346037,
                    117,
                    346966,
                    24,
                    346991,
                    1,
                    346998,
                    116,
                    347117,
                    1,
                    347928,
                    23,
                    347958,
                    113,
                    348076,
                    2,
                    348889,
                    24,
                    348919,
                    90,
                    349010,
                    20,
                    349036,
                    2,
                    349846,
                    3,
                    349850,
                    24,
                    349880,
                    66,
                    349948,
                    3,
                    349952,
                    36,
                    350808,
                    1,
                    350813,
                    22,
                    350841,
                    65,
                    350907,
                    8,
                    350919,
                    1,
                    350921,
                    25,
                    350950,
                    1,
                    350952,
                    2,
                    350959,
                    1,
                    351768,
                    2,
                    351774,
                    22,
                    351802,
                    62,
                    351865,
                    17,
                    351883,
                    23,
                    351909,
                    2,
                    351919,
                    1,
                    352723,
                    3,
                    352730,
                    3,
                    352736,
                    20,
                    352760,
                    1,
                    352762,
                    60,
                    352825,
                    7,
                    352833,
                    31,
                    352866,
                    2,
                    353697,
                    20,
                    353722,
                    60,
                    353783,
                    8,
                    353792,
                    31,
                    354656,
                    1,
                    354658,
                    30,
                    354691,
                    50,
                    354742,
                    40,
                    354783,
                    1,
                    355616,
                    1,
                    355621,
                    79,
                    355701,
                    38,
                    355743,
                    1,
                    356578,
                    1,
                    356582,
                    50,
                    356635,
                    24,
                    356660,
                    38,
                    356701,
                    1,
                    357538,
                    2,
                    357544,
                    59,
                    357604,
                    13,
                    357618,
                    38,
                    357660,
                    2,
                    358503,
                    1,
                    358506,
                    65,
                    358572,
                    5,
                    358578,
                    3,
                    358583,
                    32,
                    358616,
                    1,
                    359456,
                    1,
                    359462,
                    2,
                    359468,
                    106,
                    359576,
                    2,
                    359583,
                    1,
                    360416,
                    2,
                    360421,
                    1,
                    360424,
                    1,
                    360431,
                    99,
                    360538,
                    1,
                    360542,
                    2,
                    361394,
                    93,
                    362355,
                    93,
                    363312,
                    2,
                    363318,
                    85,
                    363407,
                    1,
                    364272,
                    1,
                    364282,
                    78,
                    365237,
                    4,
                    365245,
                    75,
                    365323,
                    3,
                    366200,
                    1,
                    366208,
                    67,
                    366278,
                    2,
                    366286,
                    2,
                    367171,
                    60,
                    367235,
                    3,
                    367247,
                    1,
                    368115,
                    1,
                    368138,
                    46,
                    368192,
                    2,
                    368199,
                    1,
                    368203,
                    3,
                    369104,
                    32,
                    370069,
                    25,
                    371991,
                    9,
                    372008,
                    2,
                    372952,
                    4,
                    372968,
                    3,
                    374864,
                    4,
                    374880,
                    8,
                    375848,
                    1
                ]
            }
        }
    ]
}