{
    "image_id": 33,
    "file_name": "Wheat_003_001_003_000.jpg",
    "width": 960,
    "height": 540,
    "annotations": [
        {
            "id": 1,
            "category_id": 3130,
            "bbox": [
                408,
                144,
                591,
                367
            ],
            "bbox_mode": 0,
            "segmentation": {
                "size": [
                    540,
                    960
                ],
                "counts": [
                    138692,
                    1,
                    138696,
                    1,
                    138698,
                    1,
                    138703,
                    1,
                    138705,
                    1,
                    138712,
                    1,
                    138718,
                    1,
                    138720,
                    2,
                    138727,
                    1,
                    138731,
                    3,
                    138740,
                    1,
                    138750,
                    1,
                    138754,
                    2,
                    138758,
                    2,
                    139656,
                    1,
                    139660,
                    2,
                    139668,
                    2,
                    139672,
                    3,
                    139676,
                    1,
                    139678,
                    14,
                    139695,
                    1,
                    139707,
                    2,
                    139711,
                    3,
                    139716,
                    3,
                    140617,
                    2,
                    140620,
                    2,
                    140623,
                    1,
                    140631,
                    1,
                    140634,
                    26,
                    140661,
                    4,
                    140671,
                    4,
                    140676,
                    2,
                    141578,
                    2,
                    141581,
                    2,
                    141586,
                    2,
                    141590,
                    31,
                    141622,
                    6,
                    141630,
                    5,
                    141636,
                    4,
                    142537,
                    4,
                    142543,
                    1,
                    142546,
                    40,
                    142587,
                    2,
                    142591,
                    3,
                    142596,
                    2,
                    142606,
                    1,
                    143496,
                    2,
                    143499,
                    1,
                    143501,
                    57,
                    143566,
                    1,
                    144456,
                    2,
                    144459,
                    56,
                    144516,
                    1,
                    144518,
                    2,
                    145416,
                    62,
                    146360,
                    1,
                    146362,
                    3,
                    146368,
                    4,
                    146373,
                    2,
                    146376,
                    65,
                    146442,
                    1,
                    146444,
                    1,
                    146446,
                    5,
                    146452,
                    1,
                    146454,
                    1,
                    147320,
                    1,
                    147322,
                    1,
                    147324,
                    1,
                    147326,
                    2,
                    147332,
                    70,
                    147403,
                    6,
                    147410,
                    3,
                    147414,
                    2,
                    148282,
                    82,
                    148365,
                    3,
                    148370,
                    1,
                    148372,
                    4,
                    149241,
                    2,
                    149245,
                    3,
                    149250,
                    75,
                    149326,
                    2,
                    149329,
                    3,
                    149333,
                    2,
                    150200,
                    1,
                    150204,
                    2,
                    150207,
                    2,
                    150210,
                    75,
                    150286,
                    7,
                    150295,
                    1,
                    151161,
                    1,
                    151163,
                    87,
                    151254,
                    2,
                    152120,
                    2,
                    152125,
                    91,
                    153081,
                    92,
                    153175,
                    1,
                    154033,
                    1,
                    154037,
                    2,
                    154041,
                    2,
                    154044,
                    90,
                    154137,
                    1,
                    154143,
                    1,
                    154993,
                    1,
                    154995,
                    1,
                    154998,
                    1,
                    155000,
                    96,
                    155097,
                    3,
                    155101,
                    2,
                    155952,
                    1,
                    155956,
                    102,
                    156060,
                    1,
                    156062,
                    2,
                    156913,
                    1,
                    156915,
                    102,
                    157018,
                    6,
                    157872,
                    1,
                    157874,
                    2,
                    157877,
                    1,
                    157879,
                    101,
                    157983,
                    1,
                    157996,
                    2,
                    158832,
                    109,
                    158943,
                    1,
                    158956,
                    3,
                    159792,
                    1,
                    159794,
                    1,
                    159797,
                    105,
                    159903,
                    1,
                    160753,
                    2,
                    160756,
                    107,
                    161708,
                    2,
                    161712,
                    112,
                    161825,
                    2,
                    161828,
                    4,
                    162665,
                    2,
                    162671,
                    1,
                    162674,
                    118,
                    163624,
                    1,
                    163626,
                    1,
                    163631,
                    114,
                    163747,
                    5,
                    164585,
                    1,
                    164587,
                    2,
                    164591,
                    116,
                    164708,
                    4,
                    165544,
                    2,
                    165547,
                    1,
                    165549,
                    1,
                    165551,
                    1,
                    165553,
                    115,
                    165669,
                    3,
                    166504,
                    1,
                    166507,
                    2,
                    166510,
                    120,
                    166631,
                    1,
                    167469,
                    123,
                    167598,
                    1,
                    168424,
                    1,
                    168427,
                    1,
                    168429,
                    123,
                    168558,
                    2,
                    169384,
                    130,
                    169515,
                    4,
                    169524,
                    3,
                    170346,
                    132,
                    170479,
                    1,
                    170484,
                    3,
                    171306,
                    132,
                    171439,
                    1,
                    172266,
                    129,
                    172396,
                    1,
                    173226,
                    132,
                    173359,
                    1,
                    174185,
                    133,
                    174319,
                    1,
                    175144,
                    134,
                    175279,
                    1,
                    176104,
                    136,
                    176251,
                    1,
                    177060,
                    4,
                    177065,
                    135,
                    177201,
                    3,
                    177205,
                    1,
                    178016,
                    1,
                    178019,
                    3,
                    178023,
                    141,
                    178165,
                    3,
                    178976,
                    3,
                    178982,
                    139,
                    179122,
                    1,
                    179124,
                    1,
                    179127,
                    1,
                    179936,
                    3,
                    179940,
                    145,
                    180086,
                    2,
                    180896,
                    2,
                    180900,
                    1,
                    180902,
                    142,
                    181046,
                    1,
                    181856,
                    147,
                    182004,
                    4,
                    182816,
                    4,
                    182821,
                    144,
                    183778,
                    1,
                    183780,
                    145,
                    183926,
                    2,
                    184738,
                    149,
                    185698,
                    149,
                    186659,
                    149,
                    187616,
                    2,
                    187619,
                    148,
                    188576,
                    154,
                    189537,
                    154,
                    190497,
                    154,
                    191456,
                    155,
                    192408,
                    1,
                    192416,
                    154,
                    192572,
                    1,
                    192574,
                    2,
                    193376,
                    154,
                    193531,
                    1,
                    193534,
                    1,
                    194330,
                    2,
                    194336,
                    157,
                    194494,
                    1,
                    195290,
                    2,
                    195296,
                    155,
                    195453,
                    3,
                    196250,
                    1,
                    196254,
                    160,
                    196415,
                    1,
                    197214,
                    1,
                    197216,
                    157,
                    197374,
                    1,
                    198172,
                    2,
                    198175,
                    160,
                    199132,
                    1,
                    199134,
                    158,
                    199293,
                    3,
                    200089,
                    1,
                    200093,
                    163,
                    200260,
                    1,
                    200262,
                    2,
                    201051,
                    1,
                    201054,
                    160,
                    201219,
                    1,
                    202008,
                    1,
                    202011,
                    1,
                    202013,
                    1,
                    202015,
                    161,
                    202968,
                    1,
                    202970,
                    1,
                    202972,
                    164,
                    203928,
                    1,
                    203930,
                    1,
                    203933,
                    165,
                    204103,
                    1,
                    204890,
                    1,
                    204892,
                    167,
                    205850,
                    1,
                    205852,
                    1,
                    205854,
                    162,
                    206018,
                    1,
                    206809,
                    3,
                    206813,
                    165,
                    206979,
                    2,
                    207769,
                    171,
                    207941,
                    1,
                    208729,
                    1,
                    208731,
                    166,
                    208898,
                    1,
                    208900,
                    1,
                    208902,
                    1,
                    209692,
                    169,
                    209862,
                    1,
                    210649,
                    1,
                    210651,
                    168,
                    210820,
                    1,
                    211611,
                    167,
                    211779,
                    1,
                    211781,
                    1,
                    211786,
                    1,
                    212568,
                    2,
                    212571,
                    169,
                    212741,
                    2,
                    212746,
                    1,
                    213528,
                    171,
                    213706,
                    1,
                    214490,
                    171,
                    214662,
                    1,
                    215448,
                    1,
                    215451,
                    170,
                    215623,
                    1,
                    216408,
                    1,
                    216411,
                    170,
                    216583,
                    1,
                    217368,
                    1,
                    217371,
                    173,
                    218328,
                    1,
                    218332,
                    170,
                    219288,
                    1,
                    219292,
                    170,
                    220249,
                    1,
                    220251,
                    173,
                    221209,
                    1,
                    221211,
                    172,
                    221391,
                    1,
                    222169,
                    1,
                    222171,
                    172,
                    222351,
                    1,
                    223128,
                    1,
                    223130,
                    173,
                    223311,
                    1,
                    224090,
                    174,
                    224271,
                    1,
                    225049,
                    175,
                    226009,
                    176,
                    226191,
                    1,
                    226969,
                    177,
                    227929,
                    177,
                    228890,
                    174,
                    229065,
                    2,
                    229850,
                    176,
                    230810,
                    175,
                    230986,
                    2,
                    230989,
                    1,
                    231768,
                    1,
                    231770,
                    175,
                    231946,
                    1,
                    232728,
                    1,
                    232730,
                    177,
                    232908,
                    1,
                    232910,
                    1,
                    233690,
                    176,
                    233867,
                    4,
                    234650,
                    175,
                    234826,
                    1,
                    234828,
                    3,
                    235608,
                    179,
                    235790,
                    1,
                    236568,
                    179,
                    236750,
                    1,
                    237530,
                    176,
                    237707,
                    3,
                    238489,
                    1,
                    238492,
                    176,
                    238669,
                    2,
                    239449,
                    1,
                    239452,
                    174,
                    239627,
                    1,
                    239629,
                    2,
                    240409,
                    1,
                    240412,
                    176,
                    240590,
                    1,
                    241369,
                    1,
                    241372,
                    177,
                    242329,
                    1,
                    242332,
                    177,
                    242511,
                    1,
                    243289,
                    1,
                    243292,
                    177,
                    244249,
                    1,
                    244252,
                    179,
                    245209,
                    1,
                    245212,
                    176,
                    245389,
                    2,
                    246169,
                    178,
                    247133,
                    174,
                    248091,
                    178,
                    248270,
                    1,
                    249048,
                    2,
                    249052,
                    177,
                    249230,
                    1,
                    250009,
                    1,
                    250011,
                    178,
                    250190,
                    1,
                    250969,
                    2,
                    250972,
                    177,
                    251150,
                    1,
                    251930,
                    2,
                    251933,
                    176,
                    252110,
                    1,
                    252888,
                    181,
                    253848,
                    1,
                    253853,
                    176,
                    254808,
                    1,
                    254810,
                    1,
                    254813,
                    176,
                    254991,
                    1,
                    255770,
                    1,
                    255773,
                    176,
                    255951,
                    1,
                    256729,
                    2,
                    256733,
                    3,
                    256739,
                    169,
                    256911,
                    1,
                    257689,
                    2,
                    257694,
                    3,
                    257699,
                    169,
                    258649,
                    1,
                    258654,
                    4,
                    258659,
                    1,
                    258661,
                    167,
                    258829,
                    1,
                    259609,
                    1,
                    259612,
                    1,
                    259614,
                    4,
                    259621,
                    167,
                    259789,
                    1,
                    260569,
                    1,
                    260572,
                    1,
                    260574,
                    4,
                    260580,
                    171,
                    261528,
                    1,
                    261531,
                    1,
                    261534,
                    4,
                    261541,
                    168,
                    261711,
                    1,
                    262488,
                    1,
                    262491,
                    1,
                    262494,
                    3,
                    262500,
                    169,
                    262671,
                    1,
                    263451,
                    1,
                    263454,
                    4,
                    263460,
                    1,
                    263462,
                    166,
                    264411,
                    1,
                    264415,
                    3,
                    264420,
                    1,
                    264422,
                    166,
                    265371,
                    1,
                    265376,
                    2,
                    265380,
                    1,
                    265382,
                    166,
                    265549,
                    2,
                    266336,
                    2,
                    266340,
                    1,
                    266342,
                    166,
                    266509,
                    2,
                    267293,
                    1,
                    267296,
                    2,
                    267300,
                    1,
                    267302,
                    168,
                    268253,
                    2,
                    268257,
                    2,
                    268263,
                    166,
                    269216,
                    3,
                    269220,
                    2,
                    269223,
                    165,
                    269389,
                    2,
                    270177,
                    3,
                    270181,
                    1,
                    270183,
                    165,
                    270349,
                    2,
                    271137,
                    3,
                    271143,
                    164,
                    272098,
                    3,
                    272103,
                    164,
                    273058,
                    4,
                    273063,
                    166,
                    273231,
                    1,
                    274016,
                    174,
                    274976,
                    2,
                    274979,
                    169,
                    275149,
                    1,
                    275936,
                    1,
                    275939,
                    168,
                    276109,
                    1,
                    276899,
                    5,
                    276905,
                    163,
                    277859,
                    6,
                    277866,
                    161,
                    278816,
                    1,
                    278820,
                    167,
                    279776,
                    1,
                    279780,
                    167,
                    280736,
                    1,
                    280740,
                    167,
                    280909,
                    1,
                    281701,
                    166,
                    281869,
                    1,
                    282662,
                    164,
                    282829,
                    1,
                    283622,
                    164,
                    283789,
                    1,
                    284579,
                    1,
                    284582,
                    165,
                    284749,
                    2,
                    285539,
                    1,
                    285542,
                    162,
                    285705,
                    2,
                    285709,
                    2,
                    286503,
                    15,
                    286519,
                    147,
                    287463,
                    13,
                    287480,
                    146,
                    287628,
                    1,
                    287631,
                    1,
                    288424,
                    13,
                    288438,
                    3,
                    288442,
                    1,
                    288444,
                    139,
                    288584,
                    1,
                    288587,
                    2,
                    288591,
                    1,
                    289384,
                    13,
                    289398,
                    1,
                    289401,
                    1,
                    289404,
                    1,
                    289406,
                    139,
                    289547,
                    2,
                    289551,
                    1,
                    290337,
                    1,
                    290341,
                    2,
                    290345,
                    12,
                    290359,
                    2,
                    290362,
                    4,
                    290367,
                    137,
                    290506,
                    2,
                    290511,
                    1,
                    291297,
                    1,
                    291301,
                    2,
                    291305,
                    13,
                    291319,
                    1,
                    291322,
                    1,
                    291324,
                    1,
                    291327,
                    137,
                    291465,
                    2,
                    292264,
                    1,
                    292266,
                    13,
                    292288,
                    131,
                    292420,
                    2,
                    292423,
                    1,
                    293226,
                    12,
                    293248,
                    132,
                    293381,
                    3,
                    294187,
                    11,
                    294208,
                    135,
                    295148,
                    11,
                    295168,
                    135,
                    296105,
                    1,
                    296108,
                    11,
                    296129,
                    134,
                    297064,
                    2,
                    297068,
                    12,
                    297089,
                    133,
                    298024,
                    1,
                    298029,
                    11,
                    298049,
                    133,
                    298183,
                    1,
                    298984,
                    1,
                    298990,
                    10,
                    299009,
                    133,
                    299143,
                    1,
                    299950,
                    10,
                    299967,
                    2,
                    299970,
                    132,
                    300103,
                    1,
                    300906,
                    1,
                    300910,
                    11,
                    300928,
                    134,
                    301063,
                    1,
                    301866,
                    2,
                    301872,
                    10,
                    301888,
                    125,
                    302014,
                    7,
                    302023,
                    1,
                    302826,
                    2,
                    302832,
                    13,
                    302847,
                    3,
                    302851,
                    130,
                    302983,
                    1,
                    303793,
                    14,
                    303811,
                    129,
                    304744,
                    1,
                    304750,
                    2,
                    304753,
                    16,
                    304771,
                    120,
                    304892,
                    8,
                    305704,
                    1,
                    305714,
                    17,
                    305732,
                    127,
                    305861,
                    2,
                    306672,
                    1,
                    306675,
                    144,
                    306821,
                    3,
                    307636,
                    142,
                    307780,
                    1,
                    307783,
                    1,
                    308593,
                    1,
                    308596,
                    142,
                    308740,
                    1,
                    308743,
                    1,
                    309557,
                    141,
                    309700,
                    1,
                    310512,
                    1,
                    310515,
                    1,
                    310518,
                    34,
                    310560,
                    98,
                    310660,
                    1,
                    311472,
                    1,
                    311475,
                    1,
                    311479,
                    29,
                    311509,
                    1,
                    311511,
                    9,
                    311521,
                    1,
                    311523,
                    81,
                    311605,
                    12,
                    311620,
                    1,
                    312435,
                    2,
                    312440,
                    29,
                    312470,
                    2,
                    312479,
                    3,
                    312483,
                    93,
                    313397,
                    1,
                    313400,
                    136,
                    313538,
                    1,
                    314353,
                    2,
                    314357,
                    2,
                    314361,
                    30,
                    314392,
                    8,
                    314402,
                    2,
                    314405,
                    90,
                    314498,
                    1,
                    315321,
                    40,
                    315364,
                    64,
                    315429,
                    25,
                    315455,
                    1,
                    316282,
                    132,
                    317240,
                    1,
                    317243,
                    37,
                    317281,
                    3,
                    317286,
                    61,
                    317348,
                    25,
                    318200,
                    1,
                    318204,
                    31,
                    318236,
                    3,
                    318240,
                    4,
                    318246,
                    60,
                    318307,
                    26,
                    319160,
                    2,
                    319165,
                    27,
                    319193,
                    3,
                    319197,
                    2,
                    319200,
                    2,
                    319204,
                    88,
                    320121,
                    2,
                    320125,
                    28,
                    320154,
                    2,
                    320157,
                    2,
                    320160,
                    2,
                    320164,
                    18,
                    320183,
                    23,
                    320207,
                    18,
                    320226,
                    26,
                    320254,
                    1,
                    321082,
                    2,
                    321086,
                    30,
                    321117,
                    10,
                    321128,
                    56,
                    321185,
                    26,
                    322042,
                    2,
                    322047,
                    48,
                    322096,
                    11,
                    322108,
                    15,
                    322124,
                    46,
                    323008,
                    26,
                    323035,
                    8,
                    323048,
                    3,
                    323052,
                    51,
                    323104,
                    26,
                    323969,
                    71,
                    324041,
                    48,
                    324930,
                    82,
                    325013,
                    35,
                    325888,
                    1,
                    325891,
                    59,
                    325951,
                    30,
                    325982,
                    25,
                    326848,
                    1,
                    326852,
                    63,
                    326916,
                    21,
                    326938,
                    29,
                    327814,
                    112,
                    328775,
                    110,
                    328895,
                    1,
                    329730,
                    2,
                    329736,
                    108,
                    329854,
                    2,
                    330697,
                    106,
                    330805,
                    1,
                    331658,
                    104,
                    331764,
                    3,
                    332620,
                    100,
                    332724,
                    2,
                    333576,
                    1,
                    333581,
                    98,
                    333682,
                    2,
                    334537,
                    2,
                    334542,
                    97,
                    334640,
                    3,
                    335498,
                    2,
                    335504,
                    93,
                    335599,
                    3,
                    335606,
                    2,
                    336465,
                    91,
                    336559,
                    1,
                    336565,
                    3,
                    337422,
                    2,
                    337426,
                    89,
                    337517,
                    1,
                    337525,
                    1,
                    338387,
                    85,
                    339344,
                    1,
                    339348,
                    84,
                    340304,
                    1,
                    340310,
                    81,
                    341272,
                    78,
                    342229,
                    2,
                    342234,
                    74,
                    342311,
                    1,
                    343197,
                    70,
                    343271,
                    1,
                    344152,
                    2,
                    344158,
                    66,
                    344228,
                    2,
                    345114,
                    3,
                    345121,
                    61,
                    345183,
                    2,
                    345188,
                    2,
                    346084,
                    56,
                    347044,
                    55,
                    348009,
                    46,
                    348971,
                    41,
                    349925,
                    5,
                    349934,
                    36,
                    349974,
                    5,
                    350887,
                    1,
                    350900,
                    25,
                    350936,
                    2,
                    350943,
                    1,
                    351851,
                    8,
                    351868,
                    4,
                    351874,
                    4,
                    351880,
                    1,
                    351887,
                    6,
                    351903,
                    1,
                    352803,
                    2,
                    352808,
                    2,
                    352820,
                    4,
                    352840,
                    2,
                    352854,
                    2
                ]
            }
        }
    ]
}