{
    "image_id": 37,
    "file_name": "Wheat_004_001_001_000.jpg",
    "width": 960,
    "height": 540,
    "annotations": [
        {
            "id": 1,
            "category_id": 4110,
            "bbox": [
                352,
                176,
                587,
                391
            ],
            "bbox_mode": 0,
            "segmentation": {
                "size": [
                    540,
                    960
                ],
                "counts": [
                    169389,
                    4,
                    169403,
                    2,
                    169412,
                    1,
                    169414,
                    3,
                    169419,
                    25,
                    169447,
                    3,
                    169454,
                    2,
                    169470,
                    2,
                    170355,
                    6,
                    170365,
                    40,
                    170406,
                    2,
                    170409,
                    3,
                    170419,
                    11,
                    171312,
                    2,
                    171316,
                    1,
                    171322,
                    3,
                    171326,
                    48,
                    171375,
                    3,
                    171380,
                    2,
                    171384,
                    2,
                    171389,
                    3,
                    172266,
                    1,
                    172272,
                    1,
                    172275,
                    4,
                    172280,
                    54,
                    172335,
                    1,
                    172338,
                    8,
                    173225,
                    2,
                    173228,
                    2,
                    173232,
                    2,
                    173235,
                    3,
                    173239,
                    59,
                    173299,
                    3,
                    173317,
                    1,
                    173320,
                    1,
                    173322,
                    1,
                    174190,
                    72,
                    174263,
                    7,
                    174277,
                    1,
                    174281,
                    1,
                    175148,
                    2,
                    175152,
                    75,
                    175228,
                    2,
                    176104,
                    1,
                    176107,
                    2,
                    176110,
                    79,
                    176190,
                    3,
                    177057,
                    1,
                    177061,
                    2,
                    177064,
                    91,
                    177160,
                    1,
                    177163,
                    1,
                    177167,
                    1,
                    178008,
                    1,
                    178012,
                    2,
                    178017,
                    3,
                    178024,
                    92,
                    178117,
                    1,
                    178120,
                    1,
                    178122,
                    1,
                    178124,
                    3,
                    178968,
                    1,
                    178970,
                    2,
                    178974,
                    2,
                    178979,
                    100,
                    179080,
                    1,
                    179082,
                    2,
                    179085,
                    1,
                    179087,
                    1,
                    179928,
                    1,
                    179933,
                    1,
                    179936,
                    105,
                    180042,
                    2,
                    180045,
                    2,
                    180889,
                    2,
                    180895,
                    108,
                    181005,
                    1,
                    181850,
                    5,
                    181856,
                    109,
                    181967,
                    1,
                    182808,
                    1,
                    182810,
                    1,
                    182812,
                    116,
                    183768,
                    120,
                    184705,
                    1,
                    184718,
                    1,
                    184720,
                    1,
                    184727,
                    124,
                    184854,
                    1,
                    184857,
                    2,
                    184862,
                    2,
                    185664,
                    2,
                    185680,
                    3,
                    185685,
                    127,
                    185815,
                    1,
                    185820,
                    2,
                    185823,
                    1,
                    186641,
                    2,
                    186644,
                    130,
                    186776,
                    1,
                    186780,
                    2,
                    187600,
                    1,
                    187603,
                    1,
                    187605,
                    130,
                    187736,
                    1,
                    187741,
                    1,
                    187743,
                    1,
                    188550,
                    4,
                    188561,
                    136,
                    188699,
                    2,
                    188703,
                    1,
                    189510,
                    1,
                    189513,
                    1,
                    189520,
                    139,
                    189661,
                    2,
                    189672,
                    2,
                    190471,
                    3,
                    190481,
                    136,
                    190618,
                    1,
                    190620,
                    1,
                    190622,
                    1,
                    190632,
                    2,
                    191437,
                    143,
                    192386,
                    1,
                    192389,
                    2,
                    192393,
                    1,
                    192396,
                    143,
                    192540,
                    1,
                    192542,
                    2,
                    192545,
                    2,
                    193344,
                    2,
                    193352,
                    1,
                    193355,
                    148,
                    193504,
                    2,
                    193509,
                    1,
                    193511,
                    1,
                    194304,
                    1,
                    194307,
                    1,
                    194313,
                    2,
                    194316,
                    146,
                    194463,
                    2,
                    194467,
                    2,
                    195267,
                    1,
                    195273,
                    1,
                    195275,
                    151,
                    195428,
                    2,
                    196224,
                    1,
                    196231,
                    158,
                    196390,
                    1,
                    197184,
                    1,
                    197189,
                    157,
                    197347,
                    2,
                    197350,
                    1,
                    198148,
                    2,
                    198151,
                    160,
                    198317,
                    1,
                    199108,
                    1,
                    199110,
                    160,
                    200059,
                    2,
                    200063,
                    3,
                    200067,
                    1,
                    200069,
                    165,
                    200235,
                    1,
                    200238,
                    2,
                    201017,
                    1,
                    201023,
                    1,
                    201026,
                    1,
                    201028,
                    162,
                    201191,
                    2,
                    201194,
                    3,
                    201198,
                    2,
                    201977,
                    1,
                    201981,
                    2,
                    201985,
                    167,
                    202153,
                    2,
                    202156,
                    2,
                    202939,
                    3,
                    202944,
                    174,
                    203119,
                    1,
                    203896,
                    1,
                    203899,
                    4,
                    203904,
                    169,
                    204074,
                    1,
                    204079,
                    1,
                    204856,
                    1,
                    204862,
                    175,
                    205038,
                    1,
                    205817,
                    1,
                    205820,
                    176,
                    205997,
                    2,
                    206776,
                    4,
                    206781,
                    174,
                    206956,
                    1,
                    206959,
                    1,
                    207737,
                    1,
                    207740,
                    1,
                    207742,
                    176,
                    207919,
                    1,
                    207923,
                    1,
                    207927,
                    1,
                    208696,
                    2,
                    208699,
                    1,
                    208701,
                    176,
                    208878,
                    2,
                    208883,
                    2,
                    209656,
                    183,
                    209840,
                    1,
                    210617,
                    186,
                    210805,
                    1,
                    211576,
                    184,
                    211761,
                    3,
                    212536,
                    188,
                    213497,
                    187,
                    213686,
                    1,
                    214456,
                    186,
                    214643,
                    2,
                    214646,
                    2,
                    215408,
                    3,
                    215413,
                    190,
                    215604,
                    1,
                    215607,
                    1,
                    215609,
                    1,
                    216368,
                    4,
                    216373,
                    193,
                    216567,
                    1,
                    216569,
                    1,
                    217329,
                    1,
                    217331,
                    1,
                    217333,
                    191,
                    217525,
                    1,
                    217528,
                    2,
                    218289,
                    3,
                    218293,
                    195,
                    219248,
                    1,
                    219253,
                    194,
                    220208,
                    3,
                    220212,
                    194,
                    220407,
                    1,
                    221169,
                    2,
                    221172,
                    196,
                    222131,
                    197,
                    222332,
                    1,
                    223080,
                    1,
                    223082,
                    1,
                    223089,
                    1,
                    223091,
                    198,
                    223291,
                    2,
                    223295,
                    1,
                    224041,
                    2,
                    224046,
                    2,
                    224049,
                    199,
                    224250,
                    3,
                    224255,
                    1,
                    225000,
                    1,
                    225006,
                    2,
                    225010,
                    199,
                    225210,
                    2,
                    225213,
                    2,
                    225960,
                    1,
                    225963,
                    2,
                    225968,
                    207,
                    226922,
                    3,
                    226927,
                    205,
                    227134,
                    1,
                    227881,
                    2,
                    227885,
                    208,
                    228094,
                    2,
                    228841,
                    1,
                    228843,
                    1,
                    228845,
                    1,
                    228847,
                    207,
                    229055,
                    1,
                    229801,
                    1,
                    229804,
                    209,
                    230758,
                    2,
                    230763,
                    1,
                    230765,
                    208,
                    230974,
                    1,
                    231722,
                    1,
                    231724,
                    1,
                    231726,
                    207,
                    231934,
                    1,
                    232678,
                    2,
                    232682,
                    1,
                    232684,
                    211,
                    233638,
                    3,
                    233643,
                    1,
                    233645,
                    208,
                    233854,
                    1,
                    234598,
                    3,
                    234603,
                    212,
                    235564,
                    210,
                    236523,
                    213,
                    237481,
                    1,
                    237483,
                    213,
                    238440,
                    216,
                    238658,
                    2,
                    238662,
                    1,
                    239400,
                    1,
                    239402,
                    215,
                    239619,
                    1,
                    240361,
                    1,
                    240363,
                    214,
                    240583,
                    1,
                    241321,
                    216,
                    241540,
                    1,
                    241543,
                    1,
                    242281,
                    215,
                    242497,
                    1,
                    242500,
                    1,
                    242503,
                    1,
                    243240,
                    1,
                    243242,
                    217,
                    243460,
                    4,
                    244200,
                    217,
                    244418,
                    4,
                    245160,
                    217,
                    245378,
                    2,
                    245381,
                    1,
                    246116,
                    1,
                    246119,
                    220,
                    246340,
                    4,
                    247072,
                    1,
                    247076,
                    1,
                    247079,
                    220,
                    247300,
                    1,
                    247303,
                    1,
                    248032,
                    1,
                    248036,
                    222,
                    248260,
                    1,
                    248992,
                    1,
                    248994,
                    1,
                    248997,
                    224,
                    249954,
                    1,
                    249959,
                    221,
                    250182,
                    1,
                    250914,
                    2,
                    250917,
                    1,
                    250919,
                    220,
                    251142,
                    1,
                    251872,
                    3,
                    251876,
                    224,
                    252101,
                    2,
                    252832,
                    2,
                    252836,
                    226,
                    253792,
                    1,
                    253797,
                    1,
                    253799,
                    223,
                    254752,
                    1,
                    254757,
                    225,
                    255717,
                    224,
                    256677,
                    223,
                    257634,
                    1,
                    257637,
                    223,
                    258594,
                    2,
                    258597,
                    223,
                    259554,
                    2,
                    259557,
                    223,
                    260514,
                    2,
                    260517,
                    224,
                    261473,
                    1,
                    261475,
                    1,
                    261477,
                    224,
                    261702,
                    1,
                    262433,
                    1,
                    262435,
                    1,
                    262437,
                    224,
                    262662,
                    1,
                    263393,
                    1,
                    263395,
                    1,
                    263398,
                    223,
                    263622,
                    1,
                    264353,
                    1,
                    264355,
                    1,
                    264358,
                    223,
                    264582,
                    1,
                    265313,
                    1,
                    265315,
                    1,
                    265318,
                    223,
                    266275,
                    1,
                    266277,
                    224,
                    266503,
                    1,
                    267232,
                    1,
                    267235,
                    1,
                    267237,
                    224,
                    267463,
                    1,
                    268192,
                    1,
                    268195,
                    1,
                    268197,
                    224,
                    268423,
                    1,
                    269155,
                    227,
                    270115,
                    227,
                    271072,
                    1,
                    271075,
                    1,
                    271077,
                    225,
                    272035,
                    227,
                    272993,
                    1,
                    272995,
                    226,
                    273222,
                    2,
                    273953,
                    1,
                    273956,
                    224,
                    274181,
                    1,
                    274913,
                    1,
                    274917,
                    223,
                    275873,
                    1,
                    275876,
                    224,
                    276101,
                    1,
                    276837,
                    224,
                    277798,
                    223,
                    278026,
                    2,
                    278758,
                    223,
                    278986,
                    2,
                    279718,
                    223,
                    279946,
                    2,
                    280678,
                    221,
                    280906,
                    2,
                    281633,
                    2,
                    281638,
                    221,
                    281866,
                    2,
                    282593,
                    2,
                    282598,
                    221,
                    282826,
                    2,
                    283553,
                    2,
                    283558,
                    221,
                    283786,
                    2,
                    284517,
                    222,
                    284740,
                    1,
                    284742,
                    1,
                    284746,
                    2,
                    285477,
                    1,
                    285479,
                    220,
                    285700,
                    1,
                    285706,
                    2,
                    286437,
                    1,
                    286439,
                    220,
                    286660,
                    1,
                    286666,
                    2,
                    287397,
                    1,
                    287399,
                    219,
                    287620,
                    1,
                    287626,
                    2,
                    288357,
                    1,
                    288359,
                    219,
                    288580,
                    1,
                    288586,
                    2,
                    289317,
                    1,
                    289319,
                    220,
                    289546,
                    2,
                    290277,
                    1,
                    290279,
                    220,
                    290506,
                    2,
                    291237,
                    4,
                    291242,
                    217,
                    291462,
                    1,
                    292200,
                    220,
                    293160,
                    221,
                    294120,
                    3,
                    294124,
                    215,
                    294340,
                    2,
                    294343,
                    1,
                    295080,
                    216,
                    295297,
                    5,
                    295303,
                    1,
                    296040,
                    220,
                    296261,
                    1,
                    296263,
                    1,
                    297000,
                    4,
                    297005,
                    214,
                    297221,
                    1,
                    297960,
                    215,
                    298176,
                    2,
                    298179,
                    1,
                    298920,
                    1,
                    298922,
                    215,
                    299139,
                    1,
                    299142,
                    1,
                    299880,
                    1,
                    299882,
                    3,
                    299886,
                    212,
                    300101,
                    2,
                    300842,
                    216,
                    301061,
                    2,
                    301802,
                    215,
                    302021,
                    1,
                    302762,
                    214,
                    302981,
                    1,
                    303721,
                    5,
                    303727,
                    209,
                    304681,
                    1,
                    304683,
                    213,
                    305643,
                    212,
                    306603,
                    212,
                    306816,
                    3,
                    307561,
                    1,
                    307564,
                    210,
                    307775,
                    1,
                    308521,
                    2,
                    308524,
                    210,
                    309481,
                    213,
                    310442,
                    213,
                    311405,
                    5,
                    311414,
                    199,
                    311614,
                    1,
                    312365,
                    210,
                    313320,
                    1,
                    313326,
                    5,
                    313332,
                    2,
                    313336,
                    190,
                    313527,
                    6,
                    314280,
                    1,
                    314283,
                    2,
                    314287,
                    7,
                    314295,
                    199,
                    315248,
                    4,
                    315255,
                    197,
                    315454,
                    1,
                    316208,
                    5,
                    316215,
                    196,
                    316413,
                    2,
                    317169,
                    5,
                    317175,
                    2,
                    317179,
                    191,
                    317372,
                    2,
                    318129,
                    5,
                    318135,
                    2,
                    318138,
                    183,
                    318322,
                    9,
                    318332,
                    2,
                    319090,
                    5,
                    319096,
                    1,
                    319098,
                    1,
                    319100,
                    189,
                    319291,
                    2,
                    320048,
                    1,
                    320051,
                    4,
                    320056,
                    1,
                    320058,
                    182,
                    320241,
                    7,
                    320250,
                    3,
                    321008,
                    1,
                    321011,
                    8,
                    321021,
                    187,
                    321210,
                    1,
                    321971,
                    5,
                    321977,
                    1,
                    321980,
                    187,
                    322169,
                    2,
                    322173,
                    2,
                    322929,
                    1,
                    322932,
                    5,
                    322939,
                    2,
                    322942,
                    186,
                    323889,
                    1,
                    323892,
                    6,
                    323899,
                    179,
                    324079,
                    8,
                    324850,
                    1,
                    324853,
                    5,
                    324860,
                    2,
                    324863,
                    183,
                    325047,
                    1,
                    325810,
                    2,
                    325814,
                    5,
                    325821,
                    1,
                    325824,
                    181,
                    326007,
                    1,
                    326768,
                    1,
                    326771,
                    1,
                    326774,
                    5,
                    326781,
                    2,
                    326784,
                    181,
                    327728,
                    1,
                    327731,
                    2,
                    327735,
                    5,
                    327741,
                    2,
                    327744,
                    180,
                    327926,
                    1,
                    328688,
                    1,
                    328696,
                    187,
                    328886,
                    1,
                    329653,
                    1,
                    329657,
                    9,
                    329669,
                    174,
                    329847,
                    1,
                    330617,
                    18,
                    330636,
                    158,
                    330795,
                    8,
                    330805,
                    2,
                    331578,
                    18,
                    331597,
                    156,
                    331754,
                    8,
                    331765,
                    1,
                    332539,
                    165,
                    332705,
                    15,
                    332724,
                    2,
                    333500,
                    17,
                    333518,
                    145,
                    333664,
                    15,
                    333684,
                    2,
                    334461,
                    17,
                    334479,
                    143,
                    334623,
                    15,
                    335417,
                    1,
                    335421,
                    11,
                    335433,
                    148,
                    335582,
                    15,
                    335600,
                    2,
                    336382,
                    17,
                    336400,
                    157,
                    337342,
                    158,
                    337501,
                    18,
                    338304,
                    155,
                    338460,
                    15,
                    338477,
                    2,
                    339264,
                    17,
                    339282,
                    153,
                    339437,
                    1,
                    340226,
                    16,
                    340243,
                    151,
                    341186,
                    151,
                    341338,
                    14,
                    342145,
                    1,
                    342147,
                    16,
                    342164,
                    132,
                    342297,
                    15,
                    342319,
                    1,
                    343105,
                    1,
                    343108,
                    163,
                    343279,
                    1,
                    344069,
                    145,
                    344215,
                    15,
                    344232,
                    1,
                    345024,
                    1,
                    345026,
                    2,
                    345029,
                    1,
                    345031,
                    14,
                    345046,
                    143,
                    345191,
                    2,
                    345197,
                    1,
                    345992,
                    21,
                    346016,
                    117,
                    346134,
                    15,
                    346953,
                    26,
                    346981,
                    2,
                    346984,
                    108,
                    347093,
                    14,
                    347914,
                    36,
                    347954,
                    89,
                    348047,
                    18,
                    348069,
                    3,
                    348872,
                    1,
                    348875,
                    37,
                    348914,
                    6,
                    348921,
                    1,
                    348925,
                    63,
                    348989,
                    36,
                    349028,
                    3,
                    349832,
                    2,
                    349837,
                    91,
                    349929,
                    3,
                    349948,
                    35,
                    349984,
                    2,
                    349987,
                    3,
                    350798,
                    35,
                    350835,
                    1,
                    350839,
                    1,
                    350846,
                    49,
                    350897,
                    1,
                    350899,
                    1,
                    350901,
                    1,
                    350903,
                    1,
                    350906,
                    36,
                    351759,
                    34,
                    351795,
                    57,
                    351866,
                    34,
                    351903,
                    1,
                    352712,
                    2,
                    352719,
                    35,
                    352759,
                    1,
                    352761,
                    3,
                    352765,
                    47,
                    352815,
                    1,
                    352825,
                    34,
                    352864,
                    4,
                    353681,
                    34,
                    353716,
                    3,
                    353720,
                    1,
                    353722,
                    50,
                    353783,
                    33,
                    354640,
                    35,
                    354677,
                    3,
                    354688,
                    44,
                    354735,
                    1,
                    354741,
                    1,
                    354744,
                    32,
                    355600,
                    2,
                    355604,
                    32,
                    355637,
                    6,
                    355648,
                    42,
                    355696,
                    1,
                    355700,
                    1,
                    355703,
                    31,
                    356562,
                    1,
                    356565,
                    32,
                    356599,
                    7,
                    356608,
                    42,
                    356656,
                    1,
                    356659,
                    2,
                    356662,
                    31,
                    357522,
                    2,
                    357528,
                    28,
                    357558,
                    4,
                    357569,
                    41,
                    357621,
                    31,
                    357654,
                    2,
                    358489,
                    28,
                    358519,
                    51,
                    358573,
                    1,
                    358576,
                    3,
                    358581,
                    29,
                    359445,
                    3,
                    359451,
                    36,
                    359490,
                    38,
                    359539,
                    30,
                    359573,
                    1,
                    360400,
                    1,
                    360404,
                    3,
                    360408,
                    2,
                    360413,
                    51,
                    360474,
                    1,
                    360479,
                    1,
                    360488,
                    1,
                    360492,
                    5,
                    360499,
                    27,
                    360528,
                    1,
                    360533,
                    2,
                    361376,
                    108,
                    362336,
                    107,
                    363298,
                    102,
                    364260,
                    99,
                    365222,
                    94,
                    365320,
                    3,
                    366184,
                    90,
                    366280,
                    2,
                    366287,
                    1,
                    367143,
                    1,
                    367146,
                    86,
                    367247,
                    1,
                    368098,
                    1,
                    368102,
                    4,
                    368111,
                    78,
                    368193,
                    4,
                    369072,
                    72,
                    370037,
                    66,
                    370992,
                    2,
                    371000,
                    58,
                    371952,
                    8,
                    371965,
                    49,
                    372016,
                    2,
                    372023,
                    1,
                    372916,
                    2,
                    372920,
                    1,
                    372926,
                    45,
                    373883,
                    2,
                    373900,
                    28,
                    373933,
                    3,
                    373939,
                    2,
                    374832,
                    5,
                    374843,
                    2,
                    374848,
                    8,
                    374859,
                    5,
                    374888,
                    4,
                    374897,
                    5,
                    375800,
                    2,
                    375832,
                    8,
                    375846,
                    2,
                    375856,
                    1,
                    375862,
                    2
                ]
            }
        }
    ]
}