{
    "image_id": 25,
    "file_name": "Wheat_003_001_001_000.jpg",
    "width": 960,
    "height": 540,
    "annotations": [
        {
            "id": 1,
            "category_id": 3110,
            "bbox": [
                352,
                176,
                589,
                382
            ],
            "bbox_mode": 0,
            "segmentation": {
                "size": [
                    540,
                    960
                ],
                "counts": [
                    169403,
                    1,
                    169405,
                    1,
                    169434,
                    7,
                    169442,
                    1,
                    171373,
                    3,
                    175152,
                    3,
                    175181,
                    1,
                    175183,
                    1,
                    175203,
                    1,
                    177074,
                    2,
                    177080,
                    1,
                    177082,
                    2,
                    177085,
                    1,
                    177087,
                    1,
                    177089,
                    3,
                    177108,
                    2,
                    177116,
                    4,
                    177123,
                    1,
                    177127,
                    1,
                    177129,
                    3,
                    177133,
                    1,
                    177136,
                    2,
                    177143,
                    1,
                    177150,
                    1,
                    178038,
                    3,
                    178042,
                    2,
                    178045,
                    4,
                    178051,
                    1,
                    178055,
                    1,
                    178080,
                    1,
                    178082,
                    2,
                    178085,
                    2,
                    178089,
                    2,
                    178092,
                    3,
                    178099,
                    1,
                    178102,
                    2,
                    178109,
                    2,
                    178992,
                    1,
                    178996,
                    2,
                    178999,
                    1,
                    179003,
                    4,
                    179012,
                    2,
                    179016,
                    36,
                    179053,
                    5,
                    179060,
                    3,
                    179070,
                    2,
                    179947,
                    4,
                    179952,
                    1,
                    179954,
                    2,
                    179958,
                    2,
                    179961,
                    3,
                    179965,
                    7,
                    179973,
                    32,
                    180006,
                    6,
                    180013,
                    3,
                    180017,
                    5,
                    180023,
                    4,
                    180912,
                    2,
                    180915,
                    8,
                    180924,
                    49,
                    180974,
                    1,
                    180977,
                    4,
                    180983,
                    1,
                    180988,
                    1,
                    181864,
                    1,
                    181875,
                    59,
                    181935,
                    3,
                    181939,
                    1,
                    181941,
                    3,
                    182824,
                    1,
                    182830,
                    5,
                    182836,
                    66,
                    182903,
                    3,
                    182911,
                    1,
                    183784,
                    1,
                    183789,
                    78,
                    183871,
                    1,
                    184721,
                    1,
                    184731,
                    1,
                    184733,
                    1,
                    184735,
                    2,
                    184738,
                    2,
                    184742,
                    5,
                    184748,
                    83,
                    184839,
                    1,
                    184842,
                    2,
                    184847,
                    1,
                    185679,
                    1,
                    185682,
                    1,
                    185688,
                    1,
                    185690,
                    1,
                    185692,
                    2,
                    185695,
                    1,
                    185698,
                    2,
                    185701,
                    93,
                    185795,
                    3,
                    185799,
                    7,
                    186645,
                    1,
                    186648,
                    1,
                    186650,
                    2,
                    186655,
                    3,
                    186659,
                    2,
                    186662,
                    91,
                    186754,
                    2,
                    186758,
                    7,
                    186766,
                    1,
                    187605,
                    1,
                    187607,
                    4,
                    187615,
                    100,
                    187716,
                    2,
                    187720,
                    1,
                    187722,
                    6,
                    188568,
                    1,
                    188570,
                    1,
                    188572,
                    109,
                    188682,
                    2,
                    188685,
                    3,
                    189528,
                    2,
                    189531,
                    1,
                    189533,
                    109,
                    189644,
                    4,
                    190488,
                    117,
                    190606,
                    2,
                    191424,
                    2,
                    191448,
                    2,
                    191451,
                    116,
                    192398,
                    3,
                    192404,
                    126,
                    192531,
                    2,
                    192535,
                    1,
                    192537,
                    2,
                    192540,
                    1,
                    192543,
                    1,
                    193344,
                    2,
                    193352,
                    6,
                    193360,
                    129,
                    193490,
                    2,
                    193493,
                    1,
                    193497,
                    3,
                    194313,
                    2,
                    194316,
                    1,
                    194318,
                    2,
                    194321,
                    1,
                    194324,
                    128,
                    194454,
                    2,
                    194459,
                    2,
                    194462,
                    2,
                    195272,
                    1,
                    195274,
                    4,
                    195279,
                    1,
                    195281,
                    134,
                    195416,
                    1,
                    195420,
                    2,
                    196232,
                    1,
                    196235,
                    1,
                    196238,
                    138,
                    196379,
                    2,
                    196383,
                    1,
                    197193,
                    3,
                    197197,
                    144,
                    197342,
                    2,
                    198155,
                    2,
                    198158,
                    139,
                    198298,
                    2,
                    198301,
                    1,
                    198303,
                    1,
                    199112,
                    1,
                    199114,
                    144,
                    199259,
                    1,
                    199261,
                    3,
                    200052,
                    2,
                    200063,
                    1,
                    200065,
                    4,
                    200070,
                    2,
                    200073,
                    149,
                    200223,
                    3,
                    200228,
                    1,
                    200230,
                    2,
                    201012,
                    2,
                    201022,
                    1,
                    201024,
                    4,
                    201030,
                    1,
                    201032,
                    151,
                    201185,
                    1,
                    201187,
                    1,
                    201190,
                    2,
                    201199,
                    1,
                    201988,
                    1,
                    201991,
                    158,
                    202150,
                    2,
                    202158,
                    2,
                    202944,
                    1,
                    202946,
                    1,
                    202948,
                    164,
                    203118,
                    1,
                    203906,
                    161,
                    204068,
                    4,
                    204074,
                    2,
                    204864,
                    165,
                    205030,
                    1,
                    205035,
                    1,
                    205824,
                    168,
                    206775,
                    1,
                    206784,
                    165,
                    206950,
                    2,
                    207735,
                    1,
                    207737,
                    2,
                    207741,
                    171,
                    207914,
                    2,
                    207917,
                    2,
                    208696,
                    4,
                    208702,
                    171,
                    208874,
                    3,
                    208878,
                    2,
                    209657,
                    2,
                    209660,
                    177,
                    209838,
                    1,
                    210618,
                    1,
                    210620,
                    175,
                    210796,
                    1,
                    210799,
                    1,
                    211576,
                    183,
                    212536,
                    184,
                    213497,
                    1,
                    213499,
                    181,
                    214457,
                    182,
                    215408,
                    2,
                    215411,
                    189,
                    215601,
                    5,
                    215610,
                    1,
                    216369,
                    1,
                    216371,
                    4,
                    216376,
                    187,
                    216565,
                    1,
                    216570,
                    1,
                    216572,
                    1,
                    217328,
                    4,
                    217333,
                    189,
                    217523,
                    4,
                    217531,
                    2,
                    218288,
                    4,
                    218294,
                    189,
                    218484,
                    1,
                    218487,
                    1,
                    219250,
                    1,
                    219253,
                    195,
                    220208,
                    196,
                    220405,
                    3,
                    221170,
                    197,
                    222129,
                    198,
                    223083,
                    5,
                    223089,
                    197,
                    223287,
                    2,
                    223290,
                    1,
                    223293,
                    3,
                    224040,
                    2,
                    224043,
                    206,
                    224251,
                    1,
                    224253,
                    1,
                    224255,
                    1,
                    225000,
                    6,
                    225009,
                    200,
                    225210,
                    1,
                    225213,
                    1,
                    225961,
                    1,
                    225964,
                    2,
                    225967,
                    202,
                    226170,
                    2,
                    226921,
                    2,
                    226924,
                    205,
                    227130,
                    1,
                    227133,
                    1,
                    227135,
                    1,
                    227880,
                    1,
                    227882,
                    1,
                    227884,
                    1,
                    227886,
                    205,
                    228092,
                    1,
                    228840,
                    1,
                    228842,
                    1,
                    228845,
                    206,
                    229052,
                    2,
                    229055,
                    1,
                    229800,
                    2,
                    229804,
                    208,
                    230014,
                    1,
                    230761,
                    1,
                    230764,
                    209,
                    230975,
                    1,
                    231720,
                    1,
                    231723,
                    209,
                    231934,
                    2,
                    232684,
                    208,
                    232893,
                    2,
                    233641,
                    215,
                    234595,
                    1,
                    234600,
                    216,
                    235555,
                    1,
                    235560,
                    214,
                    236521,
                    214,
                    237480,
                    214,
                    237695,
                    1,
                    238432,
                    1,
                    238435,
                    1,
                    238437,
                    1,
                    238439,
                    217,
                    238657,
                    1,
                    238659,
                    2,
                    238662,
                    2,
                    239392,
                    1,
                    239394,
                    4,
                    239399,
                    217,
                    239617,
                    2,
                    239620,
                    2,
                    239623,
                    1,
                    240352,
                    1,
                    240355,
                    221,
                    240577,
                    2,
                    240581,
                    1,
                    241315,
                    2,
                    241318,
                    1,
                    241320,
                    215,
                    241536,
                    1,
                    241542,
                    1,
                    242275,
                    1,
                    242278,
                    219,
                    242498,
                    1,
                    242503,
                    1,
                    243233,
                    1,
                    243239,
                    219,
                    243459,
                    2,
                    243463,
                    1,
                    244193,
                    1,
                    244196,
                    1,
                    244198,
                    221,
                    244423,
                    1,
                    245153,
                    1,
                    245155,
                    2,
                    245158,
                    219,
                    245378,
                    2,
                    245381,
                    1,
                    245383,
                    1,
                    246113,
                    1,
                    246115,
                    1,
                    246117,
                    223,
                    246342,
                    1,
                    247073,
                    3,
                    247077,
                    227,
                    247309,
                    1,
                    248033,
                    1,
                    248035,
                    225,
                    248261,
                    2,
                    248992,
                    3,
                    248996,
                    224,
                    249222,
                    2,
                    249952,
                    228,
                    250181,
                    3,
                    250914,
                    226,
                    251141,
                    3,
                    251873,
                    1,
                    251875,
                    225,
                    252101,
                    1,
                    252103,
                    1,
                    252834,
                    227,
                    253062,
                    1,
                    253793,
                    1,
                    253795,
                    227,
                    254753,
                    229,
                    255713,
                    229,
                    255943,
                    1,
                    256674,
                    230,
                    257634,
                    226,
                    257861,
                    1,
                    257863,
                    1,
                    258592,
                    1,
                    258594,
                    228,
                    259552,
                    231,
                    260512,
                    229,
                    260742,
                    1,
                    261473,
                    228,
                    262434,
                    227,
                    262663,
                    1,
                    263393,
                    229,
                    263623,
                    1,
                    264354,
                    228,
                    264583,
                    1,
                    265314,
                    228,
                    266274,
                    228,
                    267234,
                    229,
                    268194,
                    229,
                    269152,
                    230,
                    269383,
                    1,
                    270112,
                    230,
                    270343,
                    1,
                    271072,
                    230,
                    271303,
                    1,
                    272033,
                    229,
                    272994,
                    230,
                    273952,
                    229,
                    274182,
                    2,
                    274912,
                    1,
                    274914,
                    227,
                    275143,
                    1,
                    275874,
                    227,
                    276102,
                    1,
                    276832,
                    1,
                    276834,
                    227,
                    277792,
                    1,
                    277794,
                    227,
                    278752,
                    1,
                    278754,
                    228,
                    279715,
                    226,
                    280675,
                    226,
                    281635,
                    226,
                    282593,
                    227,
                    282822,
                    1,
                    283553,
                    227,
                    283782,
                    1,
                    284512,
                    228,
                    284742,
                    1,
                    285473,
                    1,
                    285475,
                    226,
                    285707,
                    1,
                    286433,
                    1,
                    286435,
                    226,
                    286667,
                    2,
                    287395,
                    226,
                    287627,
                    2,
                    288352,
                    1,
                    288355,
                    1,
                    288357,
                    223,
                    288582,
                    1,
                    289313,
                    224,
                    289540,
                    1,
                    289542,
                    2,
                    289546,
                    1,
                    290275,
                    226,
                    290502,
                    2,
                    290507,
                    1,
                    291234,
                    2,
                    291237,
                    227,
                    292193,
                    1,
                    292197,
                    218,
                    292416,
                    3,
                    292423,
                    1,
                    293157,
                    222,
                    293383,
                    1,
                    294112,
                    1,
                    294115,
                    1,
                    294118,
                    2,
                    294121,
                    217,
                    294340,
                    1,
                    294343,
                    1,
                    295072,
                    1,
                    295075,
                    1,
                    295078,
                    220,
                    295300,
                    1,
                    296035,
                    1,
                    296037,
                    221,
                    296260,
                    1,
                    296995,
                    1,
                    296998,
                    3,
                    297002,
                    215,
                    297958,
                    215,
                    298174,
                    2,
                    298181,
                    2,
                    298917,
                    2,
                    298920,
                    216,
                    299137,
                    1,
                    299141,
                    2,
                    299880,
                    216,
                    300840,
                    215,
                    301801,
                    214,
                    302761,
                    2,
                    302764,
                    210,
                    303720,
                    1,
                    303722,
                    212,
                    303935,
                    1,
                    304680,
                    1,
                    304682,
                    212,
                    305642,
                    208,
                    305851,
                    3,
                    306603,
                    210,
                    306815,
                    1,
                    307560,
                    1,
                    307563,
                    203,
                    307767,
                    5,
                    307774,
                    1,
                    308520,
                    2,
                    308524,
                    8,
                    308533,
                    199,
                    309481,
                    1,
                    309484,
                    207,
                    310442,
                    1,
                    310445,
                    196,
                    310642,
                    8,
                    310652,
                    1,
                    311402,
                    1,
                    311406,
                    204,
                    311612,
                    1,
                    312362,
                    2,
                    312366,
                    204,
                    312571,
                    2,
                    312575,
                    1,
                    313320,
                    1,
                    313323,
                    1,
                    313327,
                    8,
                    313336,
                    192,
                    313535,
                    1,
                    314280,
                    1,
                    314288,
                    199,
                    314494,
                    1,
                    315249,
                    198,
                    316209,
                    198,
                    317170,
                    196,
                    318130,
                    186,
                    318317,
                    8,
                    319090,
                    195,
                    320049,
                    10,
                    320060,
                    184,
                    320246,
                    1,
                    321010,
                    1,
                    321012,
                    191,
                    321206,
                    1,
                    321968,
                    1,
                    321972,
                    190,
                    322163,
                    2,
                    322933,
                    180,
                    323114,
                    9,
                    323888,
                    1,
                    323893,
                    18,
                    323913,
                    159,
                    324073,
                    9,
                    324087,
                    1,
                    324848,
                    2,
                    324856,
                    16,
                    324873,
                    8,
                    324882,
                    158,
                    325046,
                    2,
                    325817,
                    16,
                    325834,
                    137,
                    325972,
                    1,
                    325974,
                    1,
                    325976,
                    1,
                    325981,
                    18,
                    326005,
                    3,
                    326778,
                    16,
                    326795,
                    135,
                    326931,
                    27,
                    326963,
                    2,
                    327736,
                    1,
                    327739,
                    16,
                    327756,
                    132,
                    327889,
                    2,
                    327892,
                    2,
                    327899,
                    21,
                    328696,
                    1,
                    328700,
                    158,
                    328859,
                    17,
                    328879,
                    1,
                    329648,
                    1,
                    329657,
                    2,
                    329661,
                    15,
                    329677,
                    132,
                    329811,
                    5,
                    329817,
                    18,
                    329837,
                    2,
                    330618,
                    1,
                    330622,
                    15,
                    330638,
                    3,
                    330643,
                    126,
                    330771,
                    2,
                    330775,
                    1,
                    330777,
                    18,
                    331577,
                    2,
                    331582,
                    20,
                    331603,
                    3,
                    331608,
                    118,
                    331727,
                    4,
                    331732,
                    3,
                    331736,
                    18,
                    331759,
                    1,
                    332537,
                    2,
                    332543,
                    16,
                    332560,
                    125,
                    332687,
                    1,
                    332689,
                    2,
                    332693,
                    1,
                    332695,
                    17,
                    332718,
                    2,
                    333498,
                    1,
                    333505,
                    140,
                    333646,
                    5,
                    333652,
                    19,
                    333677,
                    3,
                    334465,
                    15,
                    334482,
                    3,
                    334486,
                    1,
                    334488,
                    1,
                    334490,
                    114,
                    334605,
                    25,
                    334635,
                    2,
                    335424,
                    1,
                    335427,
                    14,
                    335442,
                    7,
                    335450,
                    113,
                    335564,
                    3,
                    335568,
                    4,
                    335573,
                    16,
                    336381,
                    1,
                    336384,
                    1,
                    336388,
                    15,
                    336405,
                    2,
                    336408,
                    114,
                    336523,
                    3,
                    336527,
                    4,
                    336532,
                    16,
                    337336,
                    1,
                    337341,
                    1,
                    337346,
                    2,
                    337350,
                    132,
                    337483,
                    3,
                    337487,
                    1,
                    337489,
                    17,
                    337508,
                    3,
                    338312,
                    33,
                    338346,
                    94,
                    338445,
                    1,
                    338447,
                    17,
                    339272,
                    54,
                    339328,
                    96,
                    340234,
                    148,
                    341192,
                    1,
                    341196,
                    68,
                    341272,
                    68,
                    342152,
                    2,
                    342157,
                    62,
                    342220,
                    1,
                    342222,
                    1,
                    342224,
                    75,
                    343113,
                    3,
                    343118,
                    140,
                    343260,
                    2,
                    344074,
                    2,
                    344080,
                    136,
                    344220,
                    2,
                    345041,
                    63,
                    345108,
                    66,
                    345177,
                    1,
                    345183,
                    1,
                    346003,
                    130,
                    346964,
                    61,
                    347026,
                    66,
                    347095,
                    1,
                    347928,
                    121,
                    348055,
                    1,
                    348889,
                    56,
                    348946,
                    1,
                    348948,
                    58,
                    349843,
                    3,
                    349851,
                    113,
                    349967,
                    1,
                    350808,
                    2,
                    350813,
                    109,
                    350926,
                    2,
                    351768,
                    2,
                    351776,
                    104,
                    351883,
                    3,
                    352726,
                    2,
                    352732,
                    2,
                    352738,
                    99,
                    352840,
                    1,
                    353700,
                    95,
                    354661,
                    93,
                    354758,
                    2,
                    355618,
                    1,
                    355625,
                    85,
                    355718,
                    2,
                    356578,
                    3,
                    356589,
                    80,
                    357540,
                    6,
                    357554,
                    70,
                    357631,
                    1,
                    358503,
                    1,
                    358516,
                    63,
                    358584,
                    1,
                    358595,
                    2,
                    359472,
                    3,
                    359481,
                    53,
                    359541,
                    7,
                    360419,
                    3,
                    360425,
                    5,
                    360440,
                    1,
                    360445,
                    43,
                    360494,
                    2,
                    360512,
                    1,
                    361416,
                    24,
                    362380,
                    4,
                    362392,
                    8,
                    364304,
                    8,
                    365272,
                    8,
                    366216,
                    1,
                    367176,
                    1,
                    367184,
                    8
                ]
            }
        }
    ]
}