{
    "image_id": 11,
    "file_name": "Wheat_001_001_003_002.jpg",
    "width": 960,
    "height": 540,
    "annotations": [
        {
            "id": 1,
            "category_id": 1132,
            "bbox": [
                368,
                159,
                607,
                375
            ],
            "bbox_mode": 0,
            "segmentation": {
                "size": [
                    540,
                    960
                ],
                "counts": [
                    153110,
                    16,
                    154019,
                    3,
                    154039,
                    1,
                    154042,
                    1,
                    154046,
                    2,
                    154060,
                    2,
                    154066,
                    26,
                    154096,
                    2,
                    154103,
                    1,
                    154106,
                    5,
                    154133,
                    6,
                    154980,
                    2,
                    154997,
                    1,
                    155003,
                    2,
                    155007,
                    1,
                    155013,
                    37,
                    155051,
                    5,
                    155058,
                    4,
                    155064,
                    2,
                    155067,
                    2,
                    155071,
                    6,
                    155093,
                    4,
                    155962,
                    3,
                    155966,
                    3,
                    155973,
                    49,
                    156024,
                    1,
                    156027,
                    3,
                    156920,
                    2,
                    156924,
                    2,
                    156927,
                    1,
                    156929,
                    4,
                    156934,
                    48,
                    156983,
                    4,
                    156991,
                    5,
                    157873,
                    2,
                    157882,
                    1,
                    157884,
                    66,
                    157951,
                    1,
                    157953,
                    3,
                    157959,
                    1,
                    157982,
                    2,
                    158837,
                    7,
                    158845,
                    65,
                    158911,
                    1,
                    158914,
                    4,
                    158922,
                    2,
                    158941,
                    2,
                    159786,
                    1,
                    159796,
                    5,
                    159802,
                    70,
                    159874,
                    4,
                    159879,
                    1,
                    159881,
                    4,
                    159902,
                    1,
                    160736,
                    2,
                    160744,
                    1,
                    160746,
                    2,
                    160756,
                    88,
                    160859,
                    1,
                    160862,
                    1,
                    161696,
                    2,
                    161701,
                    5,
                    161712,
                    1,
                    161714,
                    89,
                    161805,
                    1,
                    161807,
                    1,
                    161810,
                    2,
                    162656,
                    1,
                    162658,
                    2,
                    162665,
                    2,
                    162672,
                    3,
                    162676,
                    88,
                    162765,
                    1,
                    162767,
                    3,
                    162773,
                    1,
                    163622,
                    5,
                    163628,
                    1,
                    163630,
                    99,
                    163730,
                    2,
                    163735,
                    1,
                    164576,
                    1,
                    164579,
                    1,
                    164581,
                    2,
                    164584,
                    1,
                    164586,
                    1,
                    164588,
                    106,
                    164695,
                    1,
                    165540,
                    2,
                    165543,
                    105,
                    165649,
                    3,
                    165653,
                    2,
                    165658,
                    5,
                    166496,
                    3,
                    166501,
                    109,
                    166611,
                    2,
                    166614,
                    2,
                    166619,
                    3,
                    167456,
                    2,
                    167459,
                    1,
                    167461,
                    115,
                    168417,
                    1,
                    168419,
                    120,
                    169363,
                    2,
                    169368,
                    1,
                    169373,
                    2,
                    169376,
                    1,
                    169378,
                    2,
                    169381,
                    118,
                    169500,
                    1,
                    169514,
                    2,
                    170323,
                    2,
                    170328,
                    3,
                    170332,
                    2,
                    170337,
                    126,
                    170464,
                    1,
                    170467,
                    1,
                    170471,
                    1,
                    171288,
                    1,
                    171290,
                    1,
                    171292,
                    1,
                    171294,
                    127,
                    171422,
                    2,
                    171425,
                    1,
                    171427,
                    5,
                    172246,
                    2,
                    172250,
                    1,
                    172253,
                    132,
                    172388,
                    3,
                    173206,
                    138,
                    173345,
                    2,
                    173348,
                    1,
                    173350,
                    3,
                    174168,
                    1,
                    174170,
                    138,
                    174311,
                    1,
                    174313,
                    1,
                    175120,
                    2,
                    175130,
                    1,
                    175132,
                    138,
                    176080,
                    1,
                    176082,
                    1,
                    176088,
                    142,
                    176235,
                    1,
                    177040,
                    1,
                    177042,
                    148,
                    177191,
                    1,
                    177195,
                    4,
                    178001,
                    1,
                    178003,
                    155,
                    178159,
                    1,
                    178964,
                    2,
                    178967,
                    149,
                    179118,
                    1,
                    179925,
                    153,
                    180079,
                    1,
                    180880,
                    3,
                    180884,
                    156,
                    181842,
                    157,
                    182800,
                    2,
                    182803,
                    156,
                    183761,
                    159,
                    184710,
                    2,
                    184717,
                    2,
                    184720,
                    161,
                    184882,
                    6,
                    185670,
                    2,
                    185675,
                    1,
                    185678,
                    169,
                    186638,
                    1,
                    186640,
                    166,
                    186807,
                    1,
                    187591,
                    2,
                    187597,
                    1,
                    187599,
                    166,
                    187766,
                    1,
                    187769,
                    4,
                    188555,
                    2,
                    188558,
                    166,
                    188725,
                    1,
                    188727,
                    1,
                    188730,
                    3,
                    189512,
                    4,
                    189517,
                    171,
                    189690,
                    3,
                    190474,
                    1,
                    190476,
                    172,
                    190652,
                    1,
                    191424,
                    1,
                    191433,
                    174,
                    191608,
                    2,
                    192385,
                    1,
                    192387,
                    3,
                    192392,
                    176,
                    192571,
                    1,
                    192575,
                    1,
                    193345,
                    1,
                    193351,
                    182,
                    193534,
                    2,
                    194304,
                    1,
                    194307,
                    1,
                    194310,
                    182,
                    194494,
                    1,
                    195264,
                    1,
                    195267,
                    1,
                    195269,
                    183,
                    195454,
                    1,
                    196224,
                    1,
                    196228,
                    188,
                    197184,
                    1,
                    197188,
                    187,
                    198146,
                    1,
                    198148,
                    187,
                    199106,
                    190,
                    200065,
                    1,
                    200068,
                    193,
                    200262,
                    1,
                    201008,
                    1,
                    201024,
                    1,
                    201026,
                    191,
                    201218,
                    1,
                    201221,
                    2,
                    201968,
                    1,
                    201984,
                    193,
                    202178,
                    1,
                    202180,
                    2,
                    202183,
                    1,
                    202944,
                    195,
                    203906,
                    194,
                    204102,
                    1,
                    204865,
                    196,
                    205062,
                    1,
                    205064,
                    3,
                    205826,
                    195,
                    206023,
                    1,
                    206784,
                    196,
                    206981,
                    3,
                    207734,
                    1,
                    207738,
                    2,
                    207741,
                    202,
                    207945,
                    1,
                    207947,
                    1,
                    207949,
                    1,
                    207951,
                    1,
                    208694,
                    1,
                    208698,
                    1,
                    208703,
                    200,
                    208904,
                    2,
                    209654,
                    1,
                    209659,
                    1,
                    209662,
                    1,
                    209664,
                    198,
                    209863,
                    1,
                    209866,
                    2,
                    209871,
                    1,
                    210617,
                    3,
                    210622,
                    203,
                    210831,
                    1,
                    211572,
                    2,
                    211576,
                    3,
                    211581,
                    204,
                    212532,
                    1,
                    212536,
                    2,
                    212540,
                    208,
                    212749,
                    1,
                    212751,
                    1,
                    213500,
                    205,
                    213706,
                    1,
                    213709,
                    1,
                    214457,
                    2,
                    214460,
                    207,
                    214668,
                    1,
                    214670,
                    1,
                    215417,
                    210,
                    215629,
                    1,
                    216377,
                    1,
                    216379,
                    1,
                    216381,
                    205,
                    216587,
                    1,
                    216590,
                    2,
                    217337,
                    1,
                    217339,
                    209,
                    217550,
                    1,
                    218297,
                    1,
                    218300,
                    207,
                    218508,
                    1,
                    219257,
                    1,
                    219259,
                    211,
                    220217,
                    1,
                    220219,
                    211,
                    221177,
                    1,
                    221179,
                    213,
                    222137,
                    214,
                    223097,
                    215,
                    223313,
                    2,
                    223317,
                    2,
                    224057,
                    215,
                    224274,
                    1,
                    225017,
                    214,
                    225236,
                    1,
                    225977,
                    216,
                    226196,
                    1,
                    226938,
                    216,
                    227159,
                    1,
                    227898,
                    214,
                    228113,
                    2,
                    228118,
                    1,
                    228857,
                    216,
                    229074,
                    1,
                    229077,
                    2,
                    229817,
                    218,
                    230037,
                    2,
                    230776,
                    218,
                    230999,
                    1,
                    231736,
                    217,
                    231959,
                    2,
                    232696,
                    218,
                    232918,
                    2,
                    233656,
                    219,
                    233878,
                    2,
                    233887,
                    1,
                    234615,
                    219,
                    234836,
                    1,
                    234847,
                    1,
                    235575,
                    1,
                    235577,
                    218,
                    235796,
                    1,
                    235806,
                    2,
                    236535,
                    1,
                    236537,
                    218,
                    236756,
                    1,
                    237495,
                    220,
                    237716,
                    1,
                    237719,
                    1,
                    238454,
                    222,
                    238677,
                    1,
                    239414,
                    2,
                    239417,
                    219,
                    239637,
                    1,
                    240374,
                    222,
                    240597,
                    1,
                    240601,
                    1,
                    241334,
                    1,
                    241336,
                    222,
                    241560,
                    2,
                    242296,
                    223,
                    243256,
                    223,
                    243480,
                    2,
                    244216,
                    223,
                    244440,
                    2,
                    245171,
                    1,
                    245176,
                    221,
                    245398,
                    1,
                    246132,
                    2,
                    246135,
                    224,
                    247092,
                    2,
                    247095,
                    224,
                    248053,
                    1,
                    248056,
                    1,
                    248058,
                    221,
                    249009,
                    1,
                    249013,
                    1,
                    249016,
                    1,
                    249018,
                    220,
                    249969,
                    2,
                    249973,
                    1,
                    249976,
                    1,
                    249978,
                    222,
                    250930,
                    1,
                    250936,
                    1,
                    250938,
                    222,
                    251890,
                    1,
                    251896,
                    1,
                    251898,
                    222,
                    252850,
                    1,
                    252855,
                    2,
                    252858,
                    1,
                    252860,
                    220,
                    253815,
                    2,
                    253818,
                    223,
                    254776,
                    3,
                    254781,
                    219,
                    255736,
                    3,
                    255741,
                    219,
                    256697,
                    2,
                    256701,
                    218,
                    257650,
                    2,
                    257657,
                    2,
                    257661,
                    218,
                    258610,
                    2,
                    258616,
                    4,
                    258622,
                    217,
                    259571,
                    1,
                    259576,
                    5,
                    259582,
                    217,
                    260536,
                    5,
                    260543,
                    216,
                    260764,
                    1,
                    261496,
                    4,
                    261502,
                    217,
                    261724,
                    1,
                    262456,
                    1,
                    262458,
                    2,
                    262462,
                    217,
                    262684,
                    1,
                    263417,
                    6,
                    263424,
                    215,
                    263644,
                    1,
                    264381,
                    2,
                    264385,
                    215,
                    264604,
                    1,
                    265337,
                    2,
                    265340,
                    3,
                    265345,
                    215,
                    265564,
                    1,
                    266297,
                    7,
                    266305,
                    215,
                    266524,
                    1,
                    267257,
                    3,
                    267261,
                    1,
                    267266,
                    214,
                    267484,
                    1,
                    268216,
                    4,
                    268221,
                    1,
                    268224,
                    1,
                    268226,
                    213,
                    269177,
                    5,
                    269184,
                    2,
                    269187,
                    213,
                    270138,
                    3,
                    270142,
                    3,
                    270147,
                    214,
                    271099,
                    7,
                    271107,
                    213,
                    272059,
                    7,
                    272067,
                    212,
                    273014,
                    1,
                    273018,
                    4,
                    273023,
                    3,
                    273027,
                    2,
                    273030,
                    209,
                    273975,
                    2,
                    273979,
                    4,
                    273984,
                    1,
                    273988,
                    211,
                    274933,
                    3,
                    274939,
                    4,
                    274944,
                    1,
                    274946,
                    1,
                    274948,
                    2,
                    274951,
                    208,
                    275893,
                    4,
                    275900,
                    3,
                    275904,
                    1,
                    275906,
                    5,
                    275912,
                    207,
                    276857,
                    1,
                    276859,
                    5,
                    276866,
                    1,
                    276870,
                    209,
                    277817,
                    1,
                    277820,
                    5,
                    277831,
                    1,
                    277833,
                    206,
                    278780,
                    6,
                    278788,
                    2,
                    278791,
                    209,
                    279739,
                    1,
                    279741,
                    5,
                    279748,
                    211,
                    280699,
                    1,
                    280702,
                    5,
                    280708,
                    6,
                    280715,
                    204,
                    281659,
                    1,
                    281662,
                    6,
                    281669,
                    3,
                    281673,
                    202,
                    281876,
                    3,
                    282616,
                    1,
                    282622,
                    9,
                    282632,
                    1,
                    282634,
                    1,
                    282636,
                    203,
                    283576,
                    1,
                    283582,
                    9,
                    283592,
                    1,
                    283595,
                    1,
                    283597,
                    200,
                    283798,
                    1,
                    284544,
                    6,
                    284551,
                    5,
                    284558,
                    199,
                    284758,
                    2,
                    285504,
                    7,
                    285512,
                    1,
                    285514,
                    2,
                    285517,
                    1,
                    285519,
                    194,
                    285714,
                    3,
                    286464,
                    7,
                    286474,
                    2,
                    286477,
                    201,
                    287425,
                    7,
                    287434,
                    2,
                    287437,
                    195,
                    287633,
                    4,
                    287638,
                    1,
                    288385,
                    8,
                    288395,
                    1,
                    288397,
                    4,
                    288402,
                    195,
                    289345,
                    8,
                    289355,
                    1,
                    289357,
                    194,
                    289552,
                    5,
                    289559,
                    1,
                    290304,
                    1,
                    290306,
                    8,
                    290317,
                    6,
                    290324,
                    179,
                    290504,
                    6,
                    290511,
                    5,
                    290519,
                    2,
                    290522,
                    1,
                    291264,
                    1,
                    291267,
                    8,
                    291277,
                    3,
                    291281,
                    189,
                    291471,
                    5,
                    292227,
                    8,
                    292237,
                    187,
                    292427,
                    8,
                    292436,
                    3,
                    293187,
                    9,
                    293197,
                    9,
                    293207,
                    175,
                    293384,
                    2,
                    293387,
                    8,
                    293397,
                    2,
                    294148,
                    30,
                    294179,
                    161,
                    294342,
                    1,
                    294345,
                    1,
                    294347,
                    8,
                    295108,
                    191,
                    295300,
                    1,
                    295306,
                    9,
                    295316,
                    1,
                    295319,
                    1,
                    296064,
                    2,
                    296069,
                    189,
                    296265,
                    9,
                    296276,
                    1,
                    296279,
                    1,
                    297024,
                    2,
                    297029,
                    20,
                    297050,
                    169,
                    297225,
                    1,
                    297227,
                    7,
                    297236,
                    1,
                    297239,
                    1,
                    297984,
                    1,
                    297987,
                    1,
                    297990,
                    20,
                    298011,
                    167,
                    298181,
                    1,
                    298184,
                    1,
                    298186,
                    8,
                    298947,
                    2,
                    298951,
                    188,
                    299141,
                    2,
                    299144,
                    11,
                    299912,
                    24,
                    299937,
                    158,
                    300096,
                    1,
                    300099,
                    1,
                    300103,
                    9,
                    300872,
                    22,
                    300896,
                    159,
                    301061,
                    1,
                    301063,
                    9,
                    301832,
                    182,
                    302017,
                    2,
                    302020,
                    11,
                    302793,
                    24,
                    302818,
                    154,
                    302977,
                    4,
                    302982,
                    9,
                    303754,
                    24,
                    303779,
                    152,
                    303932,
                    2,
                    303935,
                    1,
                    303938,
                    2,
                    303941,
                    10,
                    304715,
                    179,
                    304900,
                    10,
                    305676,
                    25,
                    305702,
                    146,
                    305850,
                    4,
                    305856,
                    1,
                    305859,
                    11,
                    306633,
                    1,
                    306636,
                    26,
                    306663,
                    9,
                    306673,
                    134,
                    306808,
                    7,
                    306818,
                    11,
                    307593,
                    2,
                    307597,
                    169,
                    307767,
                    1,
                    307769,
                    6,
                    307776,
                    12,
                    307789,
                    1,
                    307791,
                    1,
                    308553,
                    2,
                    308557,
                    28,
                    308586,
                    10,
                    308597,
                    138,
                    308736,
                    12,
                    309518,
                    28,
                    309547,
                    7,
                    309555,
                    3,
                    309559,
                    125,
                    309685,
                    22,
                    309711,
                    1,
                    310480,
                    34,
                    310515,
                    117,
                    310634,
                    9,
                    310644,
                    4,
                    310649,
                    17,
                    310671,
                    1,
                    311436,
                    2,
                    311440,
                    37,
                    311478,
                    2,
                    311481,
                    109,
                    311592,
                    1,
                    311595,
                    7,
                    311603,
                    23,
                    311628,
                    1,
                    311631,
                    1,
                    312396,
                    2,
                    312401,
                    29,
                    312431,
                    2,
                    312434,
                    3,
                    312439,
                    3,
                    312443,
                    106,
                    312555,
                    6,
                    312562,
                    8,
                    312571,
                    15,
                    312587,
                    2,
                    313359,
                    1,
                    313361,
                    30,
                    313392,
                    7,
                    313400,
                    3,
                    313405,
                    103,
                    313516,
                    4,
                    313521,
                    24,
                    314312,
                    3,
                    314319,
                    1,
                    314322,
                    32,
                    314357,
                    8,
                    314366,
                    22,
                    314389,
                    78,
                    314470,
                    1,
                    314472,
                    1,
                    314474,
                    1,
                    314476,
                    12,
                    314489,
                    15,
                    314506,
                    1,
                    314510,
                    2,
                    315280,
                    1,
                    315282,
                    1,
                    315284,
                    33,
                    315318,
                    4,
                    315323,
                    3,
                    315327,
                    18,
                    315348,
                    56,
                    315406,
                    18,
                    315430,
                    34,
                    316244,
                    35,
                    316280,
                    3,
                    316286,
                    2,
                    316289,
                    15,
                    316308,
                    56,
                    316366,
                    18,
                    316392,
                    1,
                    316395,
                    9,
                    316405,
                    19,
                    317202,
                    1,
                    317205,
                    35,
                    317242,
                    3,
                    317246,
                    3,
                    317250,
                    11,
                    317270,
                    53,
                    317324,
                    1,
                    317326,
                    1,
                    317329,
                    14,
                    317353,
                    29,
                    318162,
                    1,
                    318166,
                    36,
                    318203,
                    4,
                    318208,
                    2,
                    318212,
                    6,
                    318219,
                    4,
                    318225,
                    1,
                    318230,
                    53,
                    318284,
                    2,
                    318292,
                    10,
                    318307,
                    2,
                    318312,
                    29,
                    319126,
                    37,
                    319165,
                    7,
                    319173,
                    9,
                    319186,
                    2,
                    319192,
                    49,
                    319244,
                    3,
                    319249,
                    3,
                    319253,
                    7,
                    319266,
                    2,
                    319270,
                    31,
                    320084,
                    2,
                    320088,
                    37,
                    320127,
                    1,
                    320129,
                    4,
                    320134,
                    3,
                    320138,
                    7,
                    320147,
                    2,
                    320153,
                    47,
                    320203,
                    4,
                    320210,
                    9,
                    320223,
                    3,
                    320228,
                    32,
                    320262,
                    1,
                    321049,
                    38,
                    321089,
                    18,
                    321114,
                    46,
                    321163,
                    2,
                    321168,
                    1,
                    321171,
                    3,
                    321176,
                    3,
                    321184,
                    1,
                    321186,
                    33,
                    321222,
                    1,
                    322010,
                    41,
                    322053,
                    15,
                    322069,
                    2,
                    322074,
                    45,
                    322121,
                    3,
                    322126,
                    2,
                    322129,
                    3,
                    322133,
                    5,
                    322139,
                    3,
                    322145,
                    33,
                    322180,
                    1,
                    322183,
                    1,
                    322971,
                    40,
                    323013,
                    17,
                    323032,
                    1,
                    323036,
                    4,
                    323041,
                    37,
                    323079,
                    1,
                    323081,
                    2,
                    323084,
                    3,
                    323088,
                    10,
                    323101,
                    1,
                    323104,
                    32,
                    323928,
                    1,
                    323932,
                    58,
                    323994,
                    2,
                    323998,
                    39,
                    324040,
                    1,
                    324044,
                    14,
                    324059,
                    1,
                    324062,
                    34,
                    324889,
                    1,
                    324893,
                    59,
                    324958,
                    42,
                    325002,
                    3,
                    325006,
                    13,
                    325021,
                    34,
                    325850,
                    2,
                    325854,
                    59,
                    325915,
                    1,
                    325920,
                    8,
                    325931,
                    11,
                    325944,
                    11,
                    325957,
                    3,
                    325961,
                    54,
                    326810,
                    3,
                    326816,
                    59,
                    326880,
                    28,
                    326909,
                    5,
                    326918,
                    4,
                    326924,
                    50,
                    327768,
                    1,
                    327777,
                    60,
                    327838,
                    3,
                    327842,
                    29,
                    327873,
                    3,
                    327878,
                    4,
                    327883,
                    49,
                    327935,
                    1,
                    328728,
                    1,
                    328738,
                    59,
                    328800,
                    34,
                    328838,
                    54,
                    328895,
                    1,
                    329691,
                    2,
                    329696,
                    1,
                    329699,
                    151,
                    329853,
                    1,
                    330661,
                    96,
                    330758,
                    50,
                    331622,
                    146,
                    332578,
                    1,
                    332584,
                    143,
                    333538,
                    2,
                    333543,
                    1,
                    333545,
                    141,
                    334497,
                    3,
                    334502,
                    3,
                    334506,
                    139,
                    334647,
                    1,
                    335456,
                    2,
                    335464,
                    1,
                    335468,
                    135,
                    335605,
                    2,
                    336424,
                    2,
                    336429,
                    133,
                    336564,
                    3,
                    337379,
                    4,
                    337386,
                    2,
                    337390,
                    130,
                    338352,
                    128,
                    339313,
                    126,
                    340275,
                    122,
                    341232,
                    1,
                    341237,
                    118,
                    341359,
                    1,
                    342192,
                    3,
                    342200,
                    114,
                    342318,
                    2,
                    343155,
                    1,
                    343161,
                    110,
                    343275,
                    3,
                    344119,
                    1,
                    344123,
                    106,
                    344235,
                    1,
                    345072,
                    2,
                    345079,
                    3,
                    345085,
                    102,
                    345190,
                    2,
                    346049,
                    95,
                    347010,
                    92,
                    347973,
                    87,
                    348936,
                    82,
                    349022,
                    2,
                    349889,
                    4,
                    349898,
                    77,
                    349976,
                    1,
                    350854,
                    2,
                    350861,
                    71,
                    350938,
                    3,
                    351814,
                    4,
                    351825,
                    65,
                    351894,
                    2,
                    352770,
                    3,
                    352788,
                    58,
                    352850,
                    3,
                    352856,
                    1,
                    353754,
                    46,
                    354716,
                    41,
                    355685,
                    25,
                    356632,
                    3,
                    356672,
                    3,
                    357600,
                    4,
                    357616,
                    8,
                    357630,
                    4,
                    358567,
                    1,
                    358599,
                    1,
                    359512,
                    5,
                    359528,
                    19,
                    359557,
                    3,
                    360507,
                    5
                ]
            }
        }
    ]
}