{
    "image_id": 12,
    "file_name": "Wheat_001_001_003_003.jpg",
    "width": 960,
    "height": 540,
    "annotations": [
        {
            "id": 1,
            "category_id": 1133,
            "bbox": [
                353,
                160,
                607,
                383
            ],
            "bbox_mode": 0,
            "segmentation": {
                "size": [
                    540,
                    960
                ],
                "counts": [
                    154062,
                    1,
                    156001,
                    1,
                    156961,
                    1,
                    157889,
                    3,
                    157920,
                    2,
                    161735,
                    1,
                    161741,
                    3,
                    161767,
                    1,
                    161783,
                    1,
                    162690,
                    4,
                    162696,
                    4,
                    162703,
                    1,
                    162720,
                    2,
                    162730,
                    4,
                    162736,
                    5,
                    162742,
                    2,
                    163645,
                    4,
                    163651,
                    2,
                    163655,
                    3,
                    163662,
                    2,
                    163670,
                    2,
                    163683,
                    1,
                    163686,
                    4,
                    163693,
                    3,
                    163701,
                    3,
                    164610,
                    4,
                    164616,
                    4,
                    164625,
                    18,
                    164648,
                    3,
                    164656,
                    2,
                    165574,
                    2,
                    165579,
                    29,
                    165615,
                    1,
                    165619,
                    2,
                    166528,
                    3,
                    166532,
                    7,
                    166540,
                    34,
                    166576,
                    3,
                    166580,
                    4,
                    167484,
                    4,
                    167490,
                    49,
                    168442,
                    61,
                    168504,
                    1,
                    169376,
                    3,
                    169383,
                    2,
                    169389,
                    4,
                    169398,
                    5,
                    169404,
                    65,
                    169473,
                    2,
                    169478,
                    1,
                    170334,
                    1,
                    170338,
                    3,
                    170343,
                    6,
                    170350,
                    2,
                    170354,
                    4,
                    170359,
                    74,
                    170436,
                    4,
                    170445,
                    3,
                    171292,
                    1,
                    171301,
                    2,
                    171304,
                    1,
                    171309,
                    2,
                    171312,
                    78,
                    171391,
                    4,
                    171396,
                    2,
                    171399,
                    2,
                    171407,
                    2,
                    171422,
                    2,
                    172250,
                    2,
                    172256,
                    2,
                    172261,
                    4,
                    172268,
                    2,
                    172271,
                    86,
                    172359,
                    7,
                    172369,
                    1,
                    173208,
                    4,
                    173217,
                    2,
                    173224,
                    1,
                    173226,
                    94,
                    173326,
                    2,
                    173329,
                    1,
                    174160,
                    1,
                    174168,
                    2,
                    174177,
                    1,
                    174181,
                    102,
                    175129,
                    2,
                    175136,
                    2,
                    175139,
                    1,
                    175141,
                    1,
                    175143,
                    104,
                    176098,
                    109,
                    177047,
                    1,
                    177056,
                    110,
                    177167,
                    4,
                    177183,
                    1,
                    178010,
                    1,
                    178014,
                    114,
                    178130,
                    2,
                    178136,
                    2,
                    178141,
                    1,
                    178968,
                    1,
                    178970,
                    1,
                    178972,
                    2,
                    178975,
                    119,
                    179096,
                    1,
                    179098,
                    3,
                    179921,
                    2,
                    179928,
                    4,
                    179933,
                    120,
                    180054,
                    2,
                    180880,
                    3,
                    180886,
                    129,
                    181016,
                    2,
                    181019,
                    1,
                    181841,
                    1,
                    181844,
                    137,
                    181983,
                    1,
                    182800,
                    1,
                    182804,
                    137,
                    182943,
                    1,
                    183763,
                    141,
                    184715,
                    1,
                    184719,
                    2,
                    184722,
                    140,
                    184863,
                    1,
                    184867,
                    2,
                    184871,
                    1,
                    184874,
                    2,
                    185674,
                    4,
                    185679,
                    1,
                    185681,
                    146,
                    185828,
                    4,
                    185834,
                    2,
                    186631,
                    2,
                    186635,
                    2,
                    186639,
                    146,
                    186786,
                    2,
                    186790,
                    1,
                    187589,
                    6,
                    187597,
                    152,
                    187751,
                    1,
                    188548,
                    3,
                    188552,
                    4,
                    188557,
                    1,
                    188559,
                    152,
                    189508,
                    3,
                    189515,
                    157,
                    190467,
                    1,
                    190470,
                    1,
                    190472,
                    159,
                    191432,
                    162,
                    192392,
                    1,
                    192394,
                    165,
                    192560,
                    2,
                    193344,
                    2,
                    193350,
                    167,
                    193518,
                    2,
                    193527,
                    1,
                    194305,
                    3,
                    194309,
                    1,
                    194311,
                    168,
                    194480,
                    1,
                    194482,
                    3,
                    195264,
                    1,
                    195266,
                    3,
                    195270,
                    171,
                    195443,
                    2,
                    196224,
                    2,
                    196227,
                    1,
                    196229,
                    172,
                    196405,
                    1,
                    197185,
                    179,
                    197366,
                    2,
                    198145,
                    176,
                    198322,
                    2,
                    198326,
                    1,
                    199104,
                    180,
                    199285,
                    2,
                    200053,
                    1,
                    200055,
                    2,
                    200062,
                    182,
                    200246,
                    2,
                    200249,
                    2,
                    200253,
                    2,
                    201013,
                    4,
                    201019,
                    1,
                    201024,
                    184,
                    201211,
                    2,
                    201215,
                    1,
                    201975,
                    1,
                    201978,
                    4,
                    201983,
                    185,
                    202170,
                    2,
                    202175,
                    1,
                    202931,
                    1,
                    202937,
                    2,
                    202940,
                    187,
                    203128,
                    1,
                    203131,
                    2,
                    203893,
                    1,
                    203898,
                    190,
                    204089,
                    2,
                    204093,
                    1,
                    204095,
                    1,
                    204852,
                    1,
                    204856,
                    195,
                    205053,
                    3,
                    205818,
                    193,
                    206014,
                    1,
                    206777,
                    195,
                    206973,
                    3,
                    207729,
                    1,
                    207731,
                    5,
                    207737,
                    197,
                    208689,
                    2,
                    208695,
                    199,
                    208895,
                    1,
                    209648,
                    1,
                    209650,
                    2,
                    209655,
                    200,
                    210609,
                    1,
                    210611,
                    1,
                    210613,
                    200,
                    210814,
                    2,
                    211572,
                    204,
                    212532,
                    204,
                    213489,
                    1,
                    213491,
                    205,
                    214451,
                    206,
                    215411,
                    1,
                    215413,
                    205,
                    215621,
                    3,
                    215626,
                    2,
                    216355,
                    1,
                    216363,
                    2,
                    216368,
                    1,
                    216370,
                    209,
                    216580,
                    1,
                    216582,
                    1,
                    216586,
                    2,
                    217323,
                    2,
                    217328,
                    1,
                    217330,
                    210,
                    217541,
                    1,
                    217543,
                    1,
                    217545,
                    4,
                    218283,
                    2,
                    218290,
                    213,
                    218505,
                    1,
                    218508,
                    2,
                    219242,
                    3,
                    219249,
                    212,
                    219462,
                    2,
                    219465,
                    1,
                    219468,
                    2,
                    220201,
                    1,
                    220203,
                    1,
                    220205,
                    1,
                    220209,
                    213,
                    220423,
                    1,
                    220425,
                    1,
                    221162,
                    3,
                    221167,
                    2,
                    221170,
                    213,
                    222128,
                    214,
                    222347,
                    1,
                    223082,
                    2,
                    223085,
                    218,
                    223304,
                    3,
                    224045,
                    1,
                    224047,
                    218,
                    224268,
                    1,
                    225003,
                    1,
                    225006,
                    217,
                    225228,
                    2,
                    225962,
                    3,
                    225966,
                    220,
                    226188,
                    1,
                    226191,
                    1,
                    226921,
                    1,
                    226925,
                    1,
                    226927,
                    217,
                    227145,
                    2,
                    227151,
                    1,
                    227879,
                    1,
                    227881,
                    1,
                    227884,
                    221,
                    228106,
                    1,
                    228838,
                    2,
                    228844,
                    1,
                    228846,
                    221,
                    229800,
                    1,
                    229802,
                    1,
                    229804,
                    223,
                    230029,
                    2,
                    230763,
                    223,
                    230990,
                    2,
                    231723,
                    1,
                    231725,
                    223,
                    231951,
                    1,
                    232684,
                    224,
                    232909,
                    1,
                    232911,
                    1,
                    233643,
                    226,
                    233870,
                    2,
                    234601,
                    230,
                    235563,
                    226,
                    235790,
                    1,
                    236523,
                    227,
                    237483,
                    229,
                    238440,
                    230,
                    239400,
                    231,
                    240360,
                    1,
                    240362,
                    230,
                    241320,
                    231,
                    242280,
                    233,
                    243236,
                    1,
                    243240,
                    232,
                    244196,
                    1,
                    244200,
                    232,
                    245160,
                    231,
                    245392,
                    1,
                    246114,
                    3,
                    246119,
                    1,
                    246121,
                    232,
                    246354,
                    1,
                    246356,
                    1,
                    246359,
                    1,
                    247075,
                    1,
                    247079,
                    234,
                    247316,
                    1,
                    248038,
                    234,
                    248278,
                    1,
                    248997,
                    236,
                    249234,
                    1,
                    249238,
                    1,
                    249957,
                    2,
                    249960,
                    233,
                    250194,
                    1,
                    250198,
                    1,
                    250913,
                    1,
                    250917,
                    1,
                    250919,
                    236,
                    251158,
                    2,
                    251873,
                    1,
                    251877,
                    1,
                    251879,
                    235,
                    252115,
                    1,
                    252118,
                    2,
                    252833,
                    2,
                    252837,
                    1,
                    252839,
                    235,
                    253075,
                    2,
                    253078,
                    1,
                    253795,
                    1,
                    253797,
                    1,
                    253799,
                    235,
                    254035,
                    2,
                    254039,
                    1,
                    254755,
                    1,
                    254757,
                    1,
                    254759,
                    235,
                    254995,
                    2,
                    254998,
                    2,
                    255715,
                    1,
                    255717,
                    1,
                    255719,
                    235,
                    255955,
                    2,
                    255959,
                    1,
                    256675,
                    1,
                    256677,
                    1,
                    256679,
                    235,
                    256915,
                    2,
                    256919,
                    1,
                    257635,
                    1,
                    257637,
                    1,
                    257639,
                    235,
                    257875,
                    2,
                    257879,
                    1,
                    258595,
                    1,
                    258597,
                    1,
                    258599,
                    238,
                    258839,
                    1,
                    259555,
                    1,
                    259557,
                    1,
                    259559,
                    236,
                    259796,
                    1,
                    259799,
                    1,
                    260515,
                    1,
                    260517,
                    1,
                    260519,
                    236,
                    260756,
                    1,
                    260759,
                    1,
                    261473,
                    2,
                    261477,
                    1,
                    261480,
                    238,
                    261719,
                    1,
                    262433,
                    2,
                    262437,
                    2,
                    262440,
                    236,
                    263393,
                    2,
                    263397,
                    2,
                    263400,
                    235,
                    264353,
                    2,
                    264357,
                    2,
                    264360,
                    235,
                    264597,
                    1,
                    265313,
                    2,
                    265317,
                    2,
                    265320,
                    235,
                    265557,
                    1,
                    266274,
                    1,
                    266277,
                    2,
                    266280,
                    235,
                    266517,
                    1,
                    267234,
                    1,
                    267237,
                    2,
                    267240,
                    235,
                    267477,
                    1,
                    268194,
                    1,
                    268197,
                    2,
                    268200,
                    1,
                    268202,
                    233,
                    268437,
                    1,
                    268440,
                    1,
                    269158,
                    4,
                    269163,
                    230,
                    269394,
                    6,
                    270118,
                    235,
                    270354,
                    6,
                    271079,
                    1,
                    271081,
                    233,
                    271315,
                    2,
                    271319,
                    1,
                    272038,
                    236,
                    272276,
                    1,
                    272279,
                    1,
                    272999,
                    4,
                    273004,
                    228,
                    273236,
                    1,
                    273239,
                    1,
                    273960,
                    232,
                    274199,
                    1,
                    274920,
                    233,
                    275158,
                    2,
                    275880,
                    233,
                    276115,
                    1,
                    276118,
                    2,
                    276842,
                    230,
                    277802,
                    230,
                    278762,
                    230,
                    279721,
                    230,
                    280681,
                    4,
                    280686,
                    225,
                    281641,
                    1,
                    281643,
                    229,
                    282601,
                    1,
                    282603,
                    229,
                    283561,
                    1,
                    283563,
                    229,
                    283794,
                    1,
                    283807,
                    1,
                    284522,
                    4,
                    284527,
                    6,
                    284534,
                    217,
                    284754,
                    2,
                    284759,
                    1,
                    284766,
                    2,
                    285482,
                    11,
                    285494,
                    216,
                    285714,
                    2,
                    285719,
                    1,
                    285727,
                    1,
                    286440,
                    1,
                    286443,
                    4,
                    286448,
                    2,
                    286452,
                    1,
                    286455,
                    214,
                    286670,
                    1,
                    286675,
                    1,
                    286679,
                    1,
                    286687,
                    1,
                    287400,
                    1,
                    287403,
                    7,
                    287412,
                    2,
                    287415,
                    217,
                    287647,
                    1,
                    288360,
                    1,
                    288363,
                    11,
                    288375,
                    217,
                    288598,
                    1,
                    288607,
                    1,
                    289320,
                    1,
                    289323,
                    6,
                    289330,
                    3,
                    289335,
                    217,
                    289558,
                    1,
                    289567,
                    1,
                    290276,
                    1,
                    290283,
                    1,
                    290285,
                    9,
                    290297,
                    216,
                    290518,
                    1,
                    290527,
                    1,
                    291245,
                    5,
                    291252,
                    222,
                    291478,
                    1,
                    291487,
                    1,
                    292204,
                    8,
                    292214,
                    1,
                    292216,
                    1,
                    292218,
                    214,
                    293165,
                    6,
                    293172,
                    1,
                    293175,
                    2,
                    293178,
                    214,
                    294125,
                    8,
                    294135,
                    1,
                    294137,
                    215,
                    295086,
                    8,
                    295095,
                    1,
                    295097,
                    1,
                    295099,
                    211,
                    296046,
                    6,
                    296053,
                    1,
                    296055,
                    1,
                    296057,
                    1,
                    296060,
                    210,
                    296271,
                    1,
                    297000,
                    1,
                    297007,
                    6,
                    297014,
                    2,
                    297017,
                    1,
                    297020,
                    210,
                    297231,
                    1,
                    297963,
                    2,
                    297967,
                    9,
                    297978,
                    1,
                    297980,
                    210,
                    298923,
                    2,
                    298929,
                    5,
                    298935,
                    1,
                    298938,
                    1,
                    298940,
                    209,
                    299150,
                    1,
                    299889,
                    7,
                    299897,
                    2,
                    299901,
                    194,
                    300096,
                    1,
                    300098,
                    11,
                    300111,
                    1,
                    300849,
                    6,
                    300856,
                    1,
                    300859,
                    1,
                    300862,
                    196,
                    301059,
                    10,
                    301071,
                    1,
                    301809,
                    8,
                    301819,
                    2,
                    301822,
                    7,
                    301834,
                    180,
                    302015,
                    14,
                    302031,
                    1,
                    302770,
                    6,
                    302778,
                    5,
                    302784,
                    3,
                    302789,
                    2,
                    302792,
                    1,
                    302794,
                    183,
                    302978,
                    3,
                    302983,
                    5,
                    302991,
                    1,
                    303731,
                    5,
                    303737,
                    2,
                    303740,
                    5,
                    303746,
                    1,
                    303749,
                    2,
                    303752,
                    1,
                    303755,
                    182,
                    303939,
                    10,
                    303951,
                    1,
                    304691,
                    14,
                    304706,
                    1,
                    304709,
                    2,
                    304715,
                    193,
                    305648,
                    2,
                    305652,
                    15,
                    305669,
                    1,
                    305672,
                    1,
                    305676,
                    191,
                    305869,
                    2,
                    306608,
                    2,
                    306612,
                    14,
                    306627,
                    3,
                    306631,
                    1,
                    306633,
                    1,
                    306636,
                    175,
                    306812,
                    7,
                    306820,
                    7,
                    306828,
                    3,
                    307568,
                    1,
                    307573,
                    14,
                    307588,
                    2,
                    307591,
                    1,
                    307597,
                    177,
                    307775,
                    11,
                    307788,
                    1,
                    307791,
                    1,
                    308528,
                    1,
                    308533,
                    15,
                    308549,
                    2,
                    308555,
                    1,
                    308557,
                    173,
                    308731,
                    6,
                    308738,
                    8,
                    308748,
                    1,
                    308751,
                    1,
                    309493,
                    18,
                    309512,
                    1,
                    309517,
                    188,
                    309708,
                    1,
                    309711,
                    1,
                    310451,
                    1,
                    310454,
                    15,
                    310470,
                    5,
                    310476,
                    1,
                    310478,
                    187,
                    310668,
                    1,
                    311411,
                    1,
                    311414,
                    16,
                    311431,
                    3,
                    311439,
                    169,
                    311609,
                    6,
                    311616,
                    8,
                    311628,
                    1,
                    312371,
                    1,
                    312375,
                    19,
                    312400,
                    183,
                    313328,
                    1,
                    313331,
                    1,
                    313335,
                    19,
                    313357,
                    2,
                    313361,
                    154,
                    313516,
                    27,
                    314288,
                    1,
                    314295,
                    1,
                    314297,
                    16,
                    314318,
                    156,
                    314475,
                    2,
                    314480,
                    13,
                    314494,
                    8,
                    315258,
                    15,
                    315274,
                    1,
                    315277,
                    4,
                    315282,
                    151,
                    315434,
                    3,
                    315438,
                    3,
                    315442,
                    4,
                    315447,
                    5,
                    315453,
                    8,
                    315463,
                    1,
                    316218,
                    18,
                    316237,
                    3,
                    316243,
                    149,
                    316393,
                    4,
                    316400,
                    2,
                    316403,
                    1,
                    316405,
                    16,
                    317177,
                    1,
                    317180,
                    17,
                    317200,
                    151,
                    317352,
                    2,
                    317360,
                    10,
                    317371,
                    9,
                    318137,
                    1,
                    318140,
                    15,
                    318156,
                    2,
                    318159,
                    4,
                    318164,
                    5,
                    318171,
                    6,
                    318178,
                    3,
                    318184,
                    130,
                    318317,
                    2,
                    318321,
                    9,
                    318331,
                    8,
                    318340,
                    1,
                    319102,
                    16,
                    319120,
                    18,
                    319139,
                    133,
                    319277,
                    1,
                    319281,
                    18,
                    319303,
                    1,
                    320059,
                    1,
                    320061,
                    29,
                    320091,
                    2,
                    320096,
                    1,
                    320099,
                    5,
                    320106,
                    125,
                    320241,
                    17,
                    320260,
                    1,
                    320263,
                    1,
                    321018,
                    2,
                    321022,
                    37,
                    321060,
                    128,
                    321189,
                    2,
                    321193,
                    3,
                    321198,
                    20,
                    321977,
                    2,
                    321981,
                    49,
                    322031,
                    1,
                    322033,
                    116,
                    322151,
                    1,
                    322153,
                    3,
                    322158,
                    18,
                    322177,
                    2,
                    322181,
                    2,
                    322945,
                    25,
                    322971,
                    9,
                    322981,
                    10,
                    322992,
                    114,
                    323112,
                    4,
                    323118,
                    18,
                    323905,
                    26,
                    323933,
                    8,
                    323942,
                    124,
                    324067,
                    1,
                    324071,
                    4,
                    324077,
                    18,
                    324866,
                    26,
                    324893,
                    9,
                    324903,
                    93,
                    325002,
                    23,
                    325027,
                    1,
                    325030,
                    5,
                    325036,
                    18,
                    325824,
                    1,
                    325827,
                    31,
                    325859,
                    96,
                    325957,
                    1,
                    325962,
                    1,
                    325966,
                    23,
                    325993,
                    21,
                    326788,
                    126,
                    326917,
                    1,
                    326920,
                    2,
                    326928,
                    5,
                    326934,
                    1,
                    326936,
                    13,
                    326954,
                    20,
                    327748,
                    36,
                    327785,
                    89,
                    327880,
                    7,
                    327888,
                    10,
                    327899,
                    4,
                    327906,
                    6,
                    327914,
                    18,
                    327935,
                    1,
                    328709,
                    36,
                    328746,
                    88,
                    328838,
                    1,
                    328843,
                    3,
                    328847,
                    20,
                    328869,
                    2,
                    328872,
                    20,
                    329672,
                    33,
                    329706,
                    86,
                    329798,
                    1,
                    329800,
                    5,
                    329806,
                    20,
                    329832,
                    18,
                    329852,
                    1,
                    329855,
                    1,
                    330632,
                    26,
                    330659,
                    8,
                    330668,
                    8,
                    330677,
                    76,
                    330756,
                    3,
                    330760,
                    3,
                    330765,
                    24,
                    330790,
                    18,
                    331593,
                    34,
                    331628,
                    85,
                    331718,
                    2,
                    331721,
                    2,
                    331724,
                    44,
                    332554,
                    27,
                    332582,
                    2,
                    332587,
                    83,
                    332672,
                    2,
                    332678,
                    2,
                    332681,
                    2,
                    332684,
                    43,
                    333512,
                    1,
                    333516,
                    63,
                    333584,
                    46,
                    333631,
                    1,
                    333638,
                    2,
                    333643,
                    43,
                    333687,
                    1,
                    334472,
                    2,
                    334477,
                    77,
                    334557,
                    32,
                    334591,
                    1,
                    334598,
                    2,
                    334602,
                    43,
                    334647,
                    1,
                    335434,
                    2,
                    335438,
                    111,
                    335550,
                    2,
                    335558,
                    1,
                    335561,
                    45,
                    336394,
                    2,
                    336400,
                    110,
                    336513,
                    5,
                    336520,
                    43,
                    336565,
                    1,
                    337352,
                    2,
                    337356,
                    2,
                    337361,
                    102,
                    337464,
                    7,
                    337472,
                    5,
                    337480,
                    43,
                    337527,
                    1,
                    338322,
                    108,
                    338432,
                    5,
                    338438,
                    42,
                    339280,
                    1,
                    339283,
                    156,
                    340245,
                    153,
                    341202,
                    1,
                    341206,
                    151,
                    342161,
                    4,
                    342168,
                    147,
                    342318,
                    2,
                    343120,
                    1,
                    343125,
                    2,
                    343129,
                    145,
                    343277,
                    2,
                    344086,
                    2,
                    344090,
                    142,
                    345042,
                    2,
                    345048,
                    1,
                    345052,
                    138,
                    345191,
                    1,
                    345193,
                    3,
                    345199,
                    1,
                    346012,
                    137,
                    346972,
                    136,
                    347111,
                    1,
                    347933,
                    3,
                    347938,
                    127,
                    348070,
                    2,
                    348894,
                    2,
                    348900,
                    124,
                    349030,
                    2,
                    349856,
                    2,
                    349861,
                    121,
                    349984,
                    6,
                    350824,
                    116,
                    350943,
                    1,
                    351779,
                    2,
                    351785,
                    114,
                    351903,
                    1,
                    352743,
                    1,
                    352747,
                    110,
                    352859,
                    3,
                    353709,
                    105,
                    354669,
                    103,
                    355624,
                    2,
                    355631,
                    1,
                    355635,
                    94,
                    355734,
                    2,
                    356584,
                    2,
                    356592,
                    1,
                    356598,
                    88,
                    356688,
                    1,
                    356694,
                    2,
                    357560,
                    82,
                    357646,
                    2,
                    358515,
                    3,
                    358525,
                    75,
                    358607,
                    1,
                    359472,
                    4,
                    359480,
                    1,
                    359489,
                    69,
                    359560,
                    5,
                    359572,
                    2,
                    360444,
                    4,
                    360452,
                    62,
                    360526,
                    2,
                    361416,
                    48,
                    362379,
                    44,
                    363336,
                    1,
                    363348,
                    26,
                    364296,
                    6,
                    364304,
                    3,
                    364336,
                    8,
                    365267,
                    5,
                    365280,
                    9,
                    366229,
                    3,
                    367192,
                    8,
                    367213,
                    3,
                    367222,
                    2,
                    368150,
                    2,
                    368168,
                    3,
                    368176,
                    2
                ]
            }
        }
    ]
}