{
    "image_id": 13,
    "file_name": "Wheat_002_001_001_000.jpg",
    "width": 960,
    "height": 540,
    "annotations": [
        {
            "id": 1,
            "category_id": 2110,
            "bbox": [
                346,
                185,
                588,
                375
            ],
            "bbox_mode": 0,
            "segmentation": {
                "size": [
                    540,
                    960
                ],
                "counts": [
                    178056,
                    1,
                    178072,
                    8,
                    179024,
                    8,
                    179981,
                    3,
                    180936,
                    16,
                    180957,
                    3,
                    182856,
                    8,
                    182872,
                    6,
                    183816,
                    24,
                    184736,
                    2,
                    184743,
                    4,
                    184748,
                    2,
                    184757,
                    2,
                    184762,
                    42,
                    184805,
                    4,
                    184810,
                    6,
                    184817,
                    1,
                    184828,
                    2,
                    184831,
                    5,
                    184837,
                    1,
                    184839,
                    1,
                    185697,
                    1,
                    185699,
                    3,
                    185704,
                    3,
                    185711,
                    1,
                    185714,
                    1,
                    185719,
                    3,
                    185723,
                    53,
                    185784,
                    3,
                    185790,
                    3,
                    185796,
                    4,
                    186657,
                    9,
                    186668,
                    5,
                    186675,
                    59,
                    186735,
                    4,
                    186742,
                    4,
                    186752,
                    2,
                    186757,
                    2,
                    187620,
                    3,
                    187624,
                    1,
                    187626,
                    1,
                    187630,
                    73,
                    187704,
                    4,
                    187712,
                    3,
                    187719,
                    1,
                    187726,
                    2,
                    188576,
                    9,
                    188587,
                    85,
                    188673,
                    1,
                    188675,
                    2,
                    188686,
                    2,
                    189536,
                    3,
                    189541,
                    87,
                    189629,
                    2,
                    189632,
                    1,
                    189634,
                    1,
                    189636,
                    1,
                    190496,
                    3,
                    190500,
                    1,
                    190502,
                    93,
                    190598,
                    1,
                    191456,
                    3,
                    191460,
                    96,
                    191558,
                    3,
                    192407,
                    3,
                    192411,
                    1,
                    192413,
                    2,
                    192416,
                    104,
                    192522,
                    2,
                    192527,
                    3,
                    192533,
                    2,
                    193361,
                    4,
                    193368,
                    1,
                    193370,
                    112,
                    193486,
                    3,
                    193490,
                    6,
                    194320,
                    4,
                    194325,
                    2,
                    194328,
                    1,
                    194330,
                    111,
                    194442,
                    1,
                    194444,
                    6,
                    194451,
                    1,
                    194453,
                    2,
                    195280,
                    1,
                    195284,
                    2,
                    195288,
                    1,
                    195290,
                    116,
                    195407,
                    2,
                    195410,
                    2,
                    196240,
                    4,
                    196246,
                    123,
                    196370,
                    1,
                    196373,
                    1,
                    196375,
                    1,
                    197201,
                    130,
                    197333,
                    2,
                    198160,
                    134,
                    198295,
                    1,
                    199120,
                    136,
                    200060,
                    2,
                    200067,
                    3,
                    200072,
                    147,
                    200220,
                    1,
                    200229,
                    2,
                    200238,
                    2,
                    201019,
                    2,
                    201025,
                    1,
                    201027,
                    6,
                    201036,
                    143,
                    201180,
                    1,
                    201183,
                    4,
                    201190,
                    1,
                    201198,
                    2,
                    201987,
                    3,
                    201991,
                    2,
                    201994,
                    145,
                    202141,
                    2,
                    202146,
                    2,
                    202151,
                    1,
                    202944,
                    2,
                    202947,
                    6,
                    202955,
                    148,
                    203107,
                    2,
                    203904,
                    1,
                    203909,
                    1,
                    203911,
                    154,
                    204068,
                    2,
                    204865,
                    3,
                    204869,
                    154,
                    205024,
                    2,
                    205029,
                    2,
                    205825,
                    3,
                    205829,
                    158,
                    205988,
                    1,
                    205990,
                    1,
                    205998,
                    2,
                    206784,
                    2,
                    206787,
                    160,
                    206948,
                    1,
                    206958,
                    2,
                    207736,
                    2,
                    207739,
                    1,
                    207741,
                    1,
                    207745,
                    164,
                    207910,
                    2,
                    207914,
                    2,
                    207917,
                    1,
                    208697,
                    1,
                    208699,
                    4,
                    208704,
                    165,
                    208872,
                    1,
                    208877,
                    2,
                    209658,
                    2,
                    209662,
                    169,
                    209832,
                    3,
                    209838,
                    2,
                    210609,
                    1,
                    210616,
                    176,
                    210794,
                    3,
                    210799,
                    1,
                    211568,
                    2,
                    211576,
                    1,
                    211579,
                    176,
                    211756,
                    1,
                    211758,
                    2,
                    212528,
                    1,
                    212536,
                    2,
                    212539,
                    175,
                    212715,
                    2,
                    212718,
                    1,
                    213497,
                    2,
                    213500,
                    175,
                    213676,
                    3,
                    214456,
                    1,
                    214458,
                    178,
                    214637,
                    1,
                    215408,
                    2,
                    215411,
                    186,
                    215598,
                    1,
                    215600,
                    1,
                    215602,
                    2,
                    215607,
                    1,
                    216368,
                    5,
                    216374,
                    185,
                    216560,
                    1,
                    216562,
                    1,
                    216564,
                    1,
                    217331,
                    1,
                    217334,
                    186,
                    217521,
                    4,
                    217526,
                    1,
                    218288,
                    4,
                    218293,
                    1,
                    218295,
                    185,
                    218487,
                    1,
                    219249,
                    1,
                    219251,
                    190,
                    219442,
                    3,
                    219446,
                    2,
                    220208,
                    2,
                    220211,
                    190,
                    220402,
                    1,
                    220404,
                    4,
                    221168,
                    3,
                    221172,
                    191,
                    221364,
                    4,
                    222129,
                    196,
                    222327,
                    1,
                    223080,
                    3,
                    223086,
                    198,
                    223286,
                    1,
                    224042,
                    5,
                    224048,
                    199,
                    225004,
                    202,
                    225960,
                    1,
                    225962,
                    205,
                    226168,
                    1,
                    226921,
                    3,
                    226926,
                    201,
                    227128,
                    2,
                    227880,
                    2,
                    227885,
                    205,
                    228840,
                    5,
                    228846,
                    202,
                    229049,
                    2,
                    229800,
                    1,
                    229802,
                    207,
                    230010,
                    1,
                    230760,
                    1,
                    230765,
                    208,
                    230974,
                    1,
                    231721,
                    212,
                    231934,
                    1,
                    232680,
                    212,
                    232895,
                    1,
                    233641,
                    1,
                    233643,
                    209,
                    234599,
                    215,
                    235558,
                    1,
                    235560,
                    212,
                    235773,
                    1,
                    235775,
                    1,
                    236517,
                    2,
                    236520,
                    216,
                    237477,
                    2,
                    237480,
                    215,
                    238433,
                    1,
                    238437,
                    219,
                    239393,
                    1,
                    239395,
                    2,
                    239398,
                    217,
                    240352,
                    1,
                    240355,
                    2,
                    240358,
                    217,
                    241312,
                    1,
                    241316,
                    220,
                    242273,
                    222,
                    243233,
                    2,
                    243236,
                    1,
                    243238,
                    218,
                    244194,
                    222,
                    245152,
                    2,
                    245155,
                    221,
                    246113,
                    2,
                    246116,
                    225,
                    246343,
                    1,
                    247073,
                    1,
                    247075,
                    222,
                    247298,
                    2,
                    247302,
                    1,
                    248035,
                    223,
                    248259,
                    4,
                    248992,
                    2,
                    248995,
                    223,
                    249219,
                    1,
                    249222,
                    1,
                    249952,
                    1,
                    249954,
                    228,
                    250913,
                    1,
                    250915,
                    225,
                    251141,
                    1,
                    251873,
                    227,
                    252101,
                    1,
                    252103,
                    1,
                    252832,
                    1,
                    252834,
                    230,
                    253793,
                    230,
                    254026,
                    2,
                    254754,
                    229,
                    254986,
                    3,
                    255713,
                    228,
                    255943,
                    1,
                    255946,
                    1,
                    256673,
                    228,
                    256903,
                    1,
                    256906,
                    1,
                    257633,
                    229,
                    257866,
                    1,
                    258592,
                    228,
                    258821,
                    1,
                    258827,
                    1,
                    259552,
                    229,
                    259787,
                    1,
                    260512,
                    231,
                    260747,
                    1,
                    261466,
                    1,
                    261472,
                    230,
                    261703,
                    1,
                    262432,
                    232,
                    263392,
                    232,
                    264352,
                    232,
                    265310,
                    233,
                    266270,
                    232,
                    267230,
                    233,
                    268190,
                    233,
                    269152,
                    231,
                    270112,
                    231,
                    271072,
                    231,
                    272032,
                    231,
                    272992,
                    230,
                    273223,
                    1,
                    273952,
                    229,
                    274913,
                    228,
                    275142,
                    1,
                    275873,
                    230,
                    276832,
                    231,
                    277792,
                    231,
                    278752,
                    230,
                    279712,
                    228,
                    279941,
                    1,
                    279943,
                    1,
                    280672,
                    228,
                    280903,
                    1,
                    281634,
                    227,
                    281863,
                    1,
                    282594,
                    227,
                    282822,
                    1,
                    283554,
                    227,
                    283782,
                    1,
                    284513,
                    228,
                    284742,
                    1,
                    285473,
                    228,
                    285702,
                    1,
                    286436,
                    225,
                    286662,
                    1,
                    287392,
                    1,
                    287394,
                    223,
                    287618,
                    1,
                    287620,
                    1,
                    288352,
                    229,
                    289312,
                    5,
                    289318,
                    217,
                    289536,
                    4,
                    289543,
                    1,
                    290272,
                    1,
                    290274,
                    1,
                    290276,
                    222,
                    290502,
                    2,
                    291234,
                    1,
                    291236,
                    224,
                    291461,
                    1,
                    292192,
                    2,
                    292195,
                    1,
                    292197,
                    217,
                    292415,
                    3,
                    292420,
                    1,
                    293154,
                    2,
                    293157,
                    221,
                    293380,
                    1,
                    293383,
                    1,
                    294115,
                    1,
                    294117,
                    2,
                    294120,
                    217,
                    294340,
                    1,
                    294343,
                    1,
                    295074,
                    1,
                    295077,
                    220,
                    295299,
                    1,
                    295303,
                    1,
                    296034,
                    2,
                    296037,
                    219,
                    296259,
                    1,
                    296263,
                    1,
                    296995,
                    1,
                    296998,
                    2,
                    297001,
                    211,
                    297213,
                    3,
                    297218,
                    2,
                    297955,
                    2,
                    297958,
                    218,
                    298181,
                    1,
                    298916,
                    1,
                    298919,
                    216,
                    299140,
                    3,
                    299880,
                    214,
                    300095,
                    1,
                    300840,
                    214,
                    301055,
                    1,
                    301800,
                    210,
                    302011,
                    2,
                    302015,
                    1,
                    302761,
                    2,
                    302765,
                    208,
                    302974,
                    1,
                    303721,
                    212,
                    303934,
                    2,
                    304680,
                    17,
                    304698,
                    185,
                    304884,
                    8,
                    304894,
                    1,
                    305640,
                    212,
                    305853,
                    3,
                    306600,
                    3,
                    306604,
                    14,
                    306619,
                    191,
                    306811,
                    1,
                    306813,
                    2,
                    307561,
                    1,
                    307564,
                    206,
                    307775,
                    1,
                    308521,
                    2,
                    308524,
                    195,
                    308720,
                    10,
                    308732,
                    1,
                    309481,
                    2,
                    309485,
                    204,
                    309692,
                    1,
                    310440,
                    1,
                    310443,
                    1,
                    310446,
                    202,
                    310651,
                    1,
                    311400,
                    1,
                    311403,
                    2,
                    311406,
                    191,
                    311598,
                    10,
                    311609,
                    2,
                    311615,
                    1,
                    312360,
                    1,
                    312363,
                    2,
                    312367,
                    200,
                    312569,
                    2,
                    312574,
                    2,
                    313324,
                    1,
                    313328,
                    198,
                    313529,
                    2,
                    313533,
                    2,
                    314282,
                    1,
                    314289,
                    186,
                    314476,
                    9,
                    314487,
                    1,
                    314493,
                    2,
                    315249,
                    196,
                    315446,
                    2,
                    316209,
                    15,
                    316225,
                    179,
                    316405,
                    2,
                    317170,
                    8,
                    317179,
                    174,
                    317354,
                    9,
                    317365,
                    1,
                    318128,
                    1,
                    318131,
                    10,
                    318143,
                    179,
                    318325,
                    1,
                    319092,
                    190,
                    320053,
                    26,
                    320080,
                    146,
                    320231,
                    9,
                    320247,
                    1,
                    321014,
                    162,
                    321179,
                    21,
                    321203,
                    1,
                    321207,
                    1,
                    321971,
                    2,
                    321976,
                    182,
                    322160,
                    1,
                    322164,
                    1,
                    322936,
                    181,
                    323119,
                    1,
                    323897,
                    26,
                    323924,
                    121,
                    324046,
                    31,
                    324859,
                    176,
                    325037,
                    1,
                    325816,
                    1,
                    325820,
                    174,
                    326776,
                    2,
                    326780,
                    174,
                    327737,
                    2,
                    327742,
                    170,
                    327919,
                    1,
                    328698,
                    1,
                    328703,
                    24,
                    328728,
                    143,
                    328874,
                    2,
                    329659,
                    2,
                    329664,
                    166,
                    329832,
                    4,
                    330625,
                    163,
                    330791,
                    1,
                    331586,
                    162,
                    332544,
                    1,
                    332549,
                    158,
                    332709,
                    1,
                    333510,
                    155,
                    334466,
                    2,
                    334472,
                    51,
                    334528,
                    56,
                    334585,
                    38,
                    334631,
                    1,
                    335433,
                    148,
                    335586,
                    2,
                    335591,
                    1,
                    336384,
                    1,
                    336390,
                    1,
                    336394,
                    146,
                    336546,
                    1,
                    337344,
                    1,
                    337348,
                    2,
                    337352,
                    1,
                    337356,
                    142,
                    337501,
                    2,
                    337504,
                    1,
                    337508,
                    2,
                    338312,
                    1,
                    338317,
                    139,
                    339272,
                    1,
                    339277,
                    138,
                    340241,
                    133,
                    341202,
                    130,
                    342164,
                    126,
                    343116,
                    3,
                    343121,
                    3,
                    343126,
                    122,
                    344081,
                    3,
                    344090,
                    115,
                    344207,
                    1,
                    344212,
                    2,
                    345047,
                    1,
                    345052,
                    110,
                    345166,
                    2,
                    345172,
                    2,
                    346016,
                    103,
                    346976,
                    104,
                    347939,
                    96,
                    348039,
                    1,
                    348896,
                    1,
                    348901,
                    91,
                    349856,
                    2,
                    349864,
                    86,
                    349955,
                    3,
                    350828,
                    79,
                    350918,
                    2,
                    351781,
                    7,
                    351793,
                    68,
                    351871,
                    1,
                    351879,
                    1,
                    352736,
                    3,
                    352747,
                    2,
                    352752,
                    1,
                    352757,
                    59,
                    352821,
                    3,
                    352827,
                    1,
                    352835,
                    3,
                    353722,
                    50,
                    354684,
                    48,
                    355660,
                    4,
                    355672,
                    8,
                    355693,
                    3,
                    356600,
                    3,
                    356653,
                    3,
                    357576,
                    16,
                    358560,
                    2,
                    359480,
                    5,
                    359494,
                    2,
                    359504,
                    8,
                    359520,
                    3,
                    359525,
                    3,
                    360486,
                    2
                ]
            }
        }
    ]
}