{
    "image_id": 32,
    "file_name": "Wheat_003_001_002_003.jpg",
    "width": 960,
    "height": 540,
    "annotations": [
        {
            "id": 1,
            "category_id": 3123,
            "bbox": [
                408,
                144,
                591,
                381
            ],
            "bbox_mode": 0,
            "segmentation": {
                "size": [
                    540,
                    960
                ],
                "counts": [
                    138720,
                    1,
                    138723,
                    1,
                    138729,
                    5,
                    138736,
                    2,
                    138740,
                    2,
                    138745,
                    2,
                    138749,
                    1,
                    138752,
                    1,
                    138759,
                    1,
                    138766,
                    2,
                    138769,
                    1,
                    138771,
                    2,
                    138775,
                    1,
                    139678,
                    1,
                    139680,
                    1,
                    139687,
                    3,
                    139691,
                    1,
                    139694,
                    3,
                    139702,
                    3,
                    139706,
                    3,
                    139711,
                    1,
                    139714,
                    5,
                    139720,
                    1,
                    139723,
                    2,
                    139727,
                    6,
                    139734,
                    2,
                    140638,
                    1,
                    140642,
                    3,
                    140647,
                    1,
                    140653,
                    2,
                    140657,
                    1,
                    140662,
                    1,
                    140664,
                    5,
                    140670,
                    1,
                    140672,
                    5,
                    140678,
                    1,
                    140681,
                    3,
                    140685,
                    3,
                    140689,
                    5,
                    140695,
                    1,
                    141600,
                    2,
                    141603,
                    1,
                    141606,
                    2,
                    141609,
                    2,
                    141615,
                    20,
                    141636,
                    1,
                    141638,
                    1,
                    141640,
                    1,
                    141646,
                    5,
                    141655,
                    1,
                    142564,
                    7,
                    142572,
                    28,
                    142601,
                    3,
                    142607,
                    6,
                    143520,
                    1,
                    143523,
                    2,
                    143527,
                    1,
                    143529,
                    38,
                    143568,
                    7,
                    143582,
                    2,
                    144465,
                    1,
                    144480,
                    53,
                    145424,
                    1,
                    145440,
                    1,
                    145442,
                    54,
                    146385,
                    6,
                    146398,
                    2,
                    146401,
                    57,
                    146460,
                    4,
                    146469,
                    2,
                    147344,
                    1,
                    147347,
                    2,
                    147350,
                    2,
                    147353,
                    3,
                    147357,
                    1,
                    147359,
                    61,
                    147421,
                    1,
                    147424,
                    8,
                    148304,
                    1,
                    148308,
                    1,
                    148310,
                    2,
                    148315,
                    63,
                    148379,
                    5,
                    148385,
                    2,
                    148391,
                    1,
                    149264,
                    1,
                    149268,
                    2,
                    149271,
                    69,
                    149342,
                    1,
                    149345,
                    2,
                    149349,
                    2,
                    150227,
                    1,
                    150230,
                    70,
                    150301,
                    8,
                    151184,
                    2,
                    151187,
                    78,
                    151266,
                    1,
                    151268,
                    1,
                    151271,
                    1,
                    152144,
                    2,
                    152148,
                    79,
                    152229,
                    1,
                    153104,
                    1,
                    153106,
                    83,
                    153190,
                    1,
                    154057,
                    1,
                    154060,
                    1,
                    154062,
                    2,
                    154065,
                    1,
                    154067,
                    82,
                    154151,
                    8,
                    155016,
                    1,
                    155018,
                    1,
                    155020,
                    1,
                    155022,
                    91,
                    155114,
                    6,
                    155128,
                    1,
                    155977,
                    1,
                    155979,
                    4,
                    155984,
                    92,
                    156077,
                    2,
                    156936,
                    4,
                    156941,
                    91,
                    157033,
                    2,
                    157036,
                    1,
                    157039,
                    1,
                    157047,
                    1,
                    157896,
                    1,
                    157899,
                    1,
                    157901,
                    96,
                    157998,
                    2,
                    158856,
                    1,
                    158858,
                    98,
                    158958,
                    2,
                    159816,
                    99,
                    159916,
                    1,
                    160776,
                    102,
                    160879,
                    1,
                    160894,
                    1,
                    161731,
                    1,
                    161734,
                    106,
                    161841,
                    2,
                    162689,
                    1,
                    162693,
                    106,
                    162800,
                    1,
                    162802,
                    1,
                    162804,
                    1,
                    162806,
                    2,
                    163648,
                    1,
                    163651,
                    113,
                    164609,
                    113,
                    164723,
                    2,
                    164727,
                    1,
                    165568,
                    2,
                    165571,
                    115,
                    166528,
                    118,
                    167488,
                    1,
                    167490,
                    115,
                    167607,
                    1,
                    168448,
                    117,
                    168566,
                    2,
                    169402,
                    4,
                    169407,
                    119,
                    169533,
                    3,
                    170361,
                    2,
                    170364,
                    1,
                    170366,
                    123,
                    170491,
                    1,
                    170494,
                    1,
                    171320,
                    3,
                    171324,
                    125,
                    171451,
                    1,
                    171455,
                    1,
                    172280,
                    3,
                    172284,
                    125,
                    172412,
                    1,
                    172415,
                    1,
                    173240,
                    4,
                    173245,
                    126,
                    173372,
                    2,
                    173375,
                    1,
                    174200,
                    1,
                    174202,
                    130,
                    175161,
                    130,
                    176121,
                    131,
                    176253,
                    1,
                    176255,
                    1,
                    177072,
                    1,
                    177074,
                    1,
                    177076,
                    136,
                    177213,
                    1,
                    178032,
                    2,
                    178035,
                    141,
                    178993,
                    1,
                    178996,
                    138,
                    179135,
                    1,
                    179952,
                    2,
                    179955,
                    1,
                    179958,
                    136,
                    180912,
                    1,
                    180915,
                    3,
                    180919,
                    136,
                    181874,
                    1,
                    181877,
                    139,
                    182833,
                    2,
                    182836,
                    140,
                    183793,
                    2,
                    183796,
                    138,
                    183935,
                    1,
                    184753,
                    143,
                    184897,
                    2,
                    185703,
                    1,
                    185713,
                    1,
                    185715,
                    143,
                    185859,
                    1,
                    185863,
                    1,
                    186672,
                    147,
                    186820,
                    1,
                    187634,
                    146,
                    188591,
                    1,
                    188593,
                    145,
                    188739,
                    4,
                    189553,
                    145,
                    189699,
                    4,
                    190513,
                    147,
                    190661,
                    1,
                    191460,
                    1,
                    191472,
                    146,
                    191619,
                    1,
                    191622,
                    1,
                    192419,
                    3,
                    192425,
                    4,
                    192430,
                    151,
                    192582,
                    1,
                    193379,
                    1,
                    193381,
                    1,
                    193384,
                    1,
                    193386,
                    1,
                    193388,
                    1,
                    193390,
                    151,
                    193542,
                    1,
                    194338,
                    1,
                    194340,
                    2,
                    194344,
                    1,
                    194346,
                    1,
                    194350,
                    151,
                    194502,
                    1,
                    195298,
                    3,
                    195304,
                    1,
                    195307,
                    156,
                    196258,
                    2,
                    196265,
                    157,
                    196423,
                    1,
                    197218,
                    1,
                    197225,
                    156,
                    197383,
                    1,
                    198185,
                    1,
                    198189,
                    153,
                    198343,
                    1,
                    199145,
                    1,
                    199148,
                    154,
                    200104,
                    160,
                    200265,
                    2,
                    200269,
                    2,
                    201064,
                    1,
                    201066,
                    158,
                    201225,
                    2,
                    202024,
                    1,
                    202026,
                    158,
                    202187,
                    1,
                    202191,
                    1,
                    202985,
                    160,
                    203148,
                    1,
                    203151,
                    1,
                    203944,
                    161,
                    204108,
                    2,
                    204899,
                    1,
                    204905,
                    161,
                    205069,
                    1,
                    205864,
                    161,
                    206026,
                    1,
                    206029,
                    2,
                    206825,
                    162,
                    206989,
                    2,
                    207777,
                    1,
                    207782,
                    166,
                    207949,
                    1,
                    208739,
                    1,
                    208742,
                    163,
                    208907,
                    1,
                    209696,
                    1,
                    209698,
                    3,
                    209702,
                    165,
                    209870,
                    1,
                    210656,
                    1,
                    210659,
                    1,
                    210662,
                    165,
                    210828,
                    3,
                    211617,
                    2,
                    211620,
                    171,
                    212577,
                    2,
                    212580,
                    167,
                    213541,
                    166,
                    213709,
                    1,
                    214496,
                    1,
                    214499,
                    168,
                    214669,
                    1,
                    214671,
                    1,
                    215456,
                    172,
                    215629,
                    3,
                    216419,
                    2,
                    216422,
                    166,
                    216589,
                    2,
                    217377,
                    2,
                    217380,
                    169,
                    217551,
                    1,
                    218337,
                    174,
                    219296,
                    3,
                    219301,
                    168,
                    219470,
                    1,
                    220256,
                    173,
                    221216,
                    1,
                    221218,
                    170,
                    221389,
                    1,
                    222179,
                    171,
                    223137,
                    1,
                    223139,
                    170,
                    223310,
                    1,
                    224097,
                    1,
                    224099,
                    170,
                    224270,
                    1,
                    225056,
                    1,
                    225058,
                    171,
                    226016,
                    1,
                    226018,
                    172,
                    226978,
                    171,
                    227937,
                    1,
                    227939,
                    171,
                    228897,
                    173,
                    229071,
                    1,
                    229856,
                    174,
                    230031,
                    1,
                    230817,
                    175,
                    231778,
                    174,
                    232737,
                    174,
                    233696,
                    174,
                    234656,
                    175,
                    235616,
                    175,
                    236577,
                    174,
                    237536,
                    175,
                    238488,
                    1,
                    238497,
                    174,
                    239457,
                    175,
                    240415,
                    177,
                    241375,
                    177,
                    242334,
                    178,
                    243294,
                    178,
                    244254,
                    178,
                    245214,
                    1,
                    245216,
                    175,
                    246176,
                    176,
                    247136,
                    176,
                    248096,
                    176,
                    249056,
                    176,
                    250016,
                    176,
                    250976,
                    176,
                    251936,
                    175,
                    252896,
                    175,
                    253848,
                    1,
                    253851,
                    1,
                    253854,
                    1,
                    253856,
                    176,
                    254808,
                    1,
                    254811,
                    1,
                    254814,
                    1,
                    254816,
                    176,
                    255771,
                    1,
                    255774,
                    178,
                    256728,
                    1,
                    256731,
                    1,
                    256735,
                    175,
                    256911,
                    1,
                    257693,
                    1,
                    257695,
                    175,
                    257871,
                    1,
                    258653,
                    1,
                    258655,
                    176,
                    259610,
                    1,
                    259613,
                    1,
                    259615,
                    176,
                    260570,
                    1,
                    260573,
                    1,
                    260575,
                    176,
                    261536,
                    175,
                    262496,
                    173,
                    262670,
                    1,
                    263456,
                    173,
                    263630,
                    1,
                    264416,
                    173,
                    264590,
                    1,
                    265376,
                    173,
                    265551,
                    1,
                    266336,
                    173,
                    266511,
                    1,
                    267296,
                    173,
                    267471,
                    1,
                    268256,
                    1,
                    268258,
                    173,
                    269216,
                    174,
                    269391,
                    1,
                    270177,
                    173,
                    271137,
                    171,
                    271309,
                    2,
                    272096,
                    172,
                    272269,
                    1,
                    272271,
                    1,
                    273056,
                    172,
                    273229,
                    1,
                    273231,
                    1,
                    274016,
                    173,
                    274977,
                    170,
                    275148,
                    1,
                    275937,
                    169,
                    276108,
                    1,
                    276110,
                    1,
                    276896,
                    171,
                    277068,
                    1,
                    277856,
                    171,
                    278816,
                    171,
                    279776,
                    1,
                    279778,
                    168,
                    280736,
                    1,
                    280739,
                    167,
                    281697,
                    169,
                    282657,
                    168,
                    282826,
                    1,
                    283617,
                    168,
                    283786,
                    1,
                    284577,
                    2,
                    284580,
                    163,
                    284744,
                    2,
                    284749,
                    1,
                    285536,
                    1,
                    285538,
                    168,
                    285709,
                    1,
                    286496,
                    170,
                    286669,
                    1,
                    287458,
                    168,
                    288419,
                    166,
                    289377,
                    1,
                    289379,
                    165,
                    290336,
                    1,
                    290338,
                    1,
                    290340,
                    164,
                    291296,
                    3,
                    291300,
                    163,
                    292259,
                    164,
                    293220,
                    162,
                    294180,
                    5,
                    294186,
                    152,
                    294339,
                    5,
                    295140,
                    162,
                    295303,
                    1,
                    296100,
                    6,
                    296107,
                    155,
                    297061,
                    162,
                    298021,
                    160,
                    298182,
                    2,
                    298981,
                    162,
                    299936,
                    1,
                    299939,
                    1,
                    299942,
                    158,
                    300896,
                    1,
                    300899,
                    1,
                    300902,
                    158,
                    301859,
                    1,
                    301862,
                    158,
                    302819,
                    1,
                    302823,
                    156,
                    303779,
                    1,
                    303783,
                    5,
                    303789,
                    150,
                    304744,
                    155,
                    305704,
                    148,
                    305853,
                    5,
                    305860,
                    1,
                    306665,
                    152,
                    306820,
                    1,
                    307624,
                    152,
                    308585,
                    151,
                    309544,
                    5,
                    309550,
                    146,
                    310504,
                    152,
                    311465,
                    1,
                    311467,
                    148,
                    312424,
                    2,
                    312427,
                    147,
                    313388,
                    146,
                    314346,
                    147,
                    314494,
                    2,
                    315305,
                    1,
                    315308,
                    145,
                    316265,
                    1,
                    316268,
                    144,
                    317225,
                    2,
                    317229,
                    143,
                    318184,
                    1,
                    318190,
                    8,
                    318199,
                    122,
                    318322,
                    9,
                    318333,
                    2,
                    319144,
                    1,
                    319147,
                    2,
                    319150,
                    9,
                    319160,
                    130,
                    319293,
                    1,
                    320104,
                    1,
                    320107,
                    2,
                    320111,
                    127,
                    320239,
                    11,
                    321072,
                    138,
                    321211,
                    2,
                    322026,
                    1,
                    322030,
                    1,
                    322032,
                    136,
                    322171,
                    2,
                    322175,
                    1,
                    322992,
                    115,
                    323108,
                    20,
                    323953,
                    17,
                    323971,
                    117,
                    324912,
                    1,
                    324914,
                    18,
                    324933,
                    93,
                    325027,
                    20,
                    325872,
                    1,
                    325875,
                    131,
                    326836,
                    129,
                    327793,
                    2,
                    327796,
                    108,
                    327905,
                    19,
                    327926,
                    2,
                    328753,
                    2,
                    328757,
                    127,
                    328886,
                    2,
                    329715,
                    1,
                    329718,
                    16,
                    329735,
                    110,
                    329847,
                    1,
                    330674,
                    1,
                    330678,
                    104,
                    330783,
                    19,
                    330805,
                    2,
                    331633,
                    2,
                    331638,
                    103,
                    331742,
                    20,
                    331764,
                    2,
                    332593,
                    2,
                    332599,
                    121,
                    332724,
                    1,
                    333554,
                    1,
                    333560,
                    100,
                    333661,
                    19,
                    334521,
                    98,
                    334620,
                    19,
                    334642,
                    1,
                    335482,
                    116,
                    335600,
                    3,
                    336437,
                    1,
                    336440,
                    1,
                    336442,
                    15,
                    336458,
                    64,
                    336523,
                    15,
                    336539,
                    18,
                    337392,
                    1,
                    337397,
                    1,
                    337400,
                    1,
                    337403,
                    92,
                    337496,
                    1,
                    337498,
                    18,
                    337518,
                    2,
                    338364,
                    73,
                    338438,
                    8,
                    338447,
                    28,
                    339324,
                    38,
                    339363,
                    36,
                    339400,
                    35,
                    339437,
                    1,
                    340285,
                    30,
                    340316,
                    48,
                    340365,
                    29,
                    340397,
                    1,
                    341247,
                    76,
                    341324,
                    28,
                    342202,
                    1,
                    342209,
                    41,
                    342251,
                    61,
                    343162,
                    1,
                    343170,
                    55,
                    343226,
                    6,
                    343233,
                    37,
                    343272,
                    1,
                    344127,
                    2,
                    344131,
                    53,
                    344185,
                    8,
                    344194,
                    35,
                    344234,
                    1,
                    345087,
                    2,
                    345092,
                    40,
                    345133,
                    25,
                    345159,
                    28,
                    345190,
                    2,
                    345194,
                    3,
                    346049,
                    2,
                    346054,
                    93,
                    347009,
                    3,
                    347014,
                    39,
                    347054,
                    2,
                    347057,
                    49,
                    347111,
                    1,
                    347969,
                    3,
                    347976,
                    87,
                    348070,
                    2,
                    348932,
                    2,
                    348937,
                    85,
                    349029,
                    3,
                    349893,
                    3,
                    349898,
                    83,
                    349983,
                    1,
                    349987,
                    2,
                    350848,
                    2,
                    350854,
                    3,
                    350859,
                    80,
                    350941,
                    2,
                    351808,
                    2,
                    351815,
                    2,
                    351821,
                    77,
                    351901,
                    2,
                    352775,
                    1,
                    352777,
                    3,
                    352782,
                    75,
                    352858,
                    2,
                    352863,
                    1,
                    353744,
                    71,
                    354705,
                    69,
                    355667,
                    64,
                    356624,
                    2,
                    356630,
                    58,
                    357591,
                    1,
                    357593,
                    53,
                    357651,
                    2,
                    358551,
                    1,
                    358556,
                    47,
                    359505,
                    3,
                    359512,
                    2,
                    359518,
                    41,
                    359566,
                    3,
                    360471,
                    1,
                    360481,
                    35,
                    360530,
                    3,
                    361440,
                    1,
                    361444,
                    28,
                    362400,
                    1,
                    362406,
                    2,
                    362424,
                    8,
                    363360,
                    1,
                    363370,
                    6,
                    364336,
                    8,
                    364349,
                    3,
                    365283,
                    4,
                    366248,
                    16
                ]
            }
        }
    ]
}