{
    "image_id": 57,
    "file_name": "Wheat_005_001_003_000.jpg",
    "width": 960,
    "height": 540,
    "annotations": [
        {
            "id": 1,
            "category_id": 5130,
            "bbox": [
                384,
                132,
                631,
                375
            ],
            "bbox_mode": 0,
            "segmentation": {
                "size": [
                    540,
                    960
                ],
                "counts": [
                    127260,
                    3,
                    128220,
                    3,
                    131034,
                    1,
                    131036,
                    2,
                    131039,
                    1,
                    131049,
                    4,
                    131058,
                    3,
                    131063,
                    1,
                    131065,
                    1,
                    131072,
                    1,
                    131077,
                    4,
                    131084,
                    1,
                    131097,
                    1,
                    131099,
                    2,
                    131992,
                    1,
                    131994,
                    1,
                    131996,
                    3,
                    132006,
                    3,
                    132013,
                    6,
                    132022,
                    16,
                    132040,
                    1,
                    132046,
                    8,
                    132055,
                    3,
                    132059,
                    2,
                    132063,
                    1,
                    132960,
                    3,
                    132971,
                    4,
                    132976,
                    5,
                    132982,
                    12,
                    132995,
                    5,
                    133002,
                    3,
                    133014,
                    3,
                    133023,
                    1,
                    133912,
                    3,
                    133918,
                    2,
                    133921,
                    6,
                    133928,
                    44,
                    133976,
                    1,
                    133978,
                    4,
                    134864,
                    2,
                    134876,
                    2,
                    134879,
                    7,
                    134887,
                    41,
                    134929,
                    10,
                    134940,
                    1,
                    135824,
                    2,
                    135834,
                    4,
                    135839,
                    55,
                    135895,
                    9,
                    136788,
                    72,
                    136861,
                    2,
                    137747,
                    77,
                    138696,
                    1,
                    138698,
                    1,
                    138701,
                    2,
                    138704,
                    81,
                    138786,
                    2,
                    138790,
                    1,
                    138799,
                    2,
                    138803,
                    1,
                    138807,
                    1,
                    139651,
                    6,
                    139658,
                    2,
                    139663,
                    2,
                    139666,
                    84,
                    139753,
                    1,
                    139757,
                    3,
                    139763,
                    2,
                    139767,
                    1,
                    140608,
                    1,
                    140611,
                    2,
                    140617,
                    4,
                    140622,
                    90,
                    140713,
                    2,
                    140719,
                    1,
                    140723,
                    2,
                    141574,
                    5,
                    141581,
                    91,
                    141673,
                    2,
                    141677,
                    2,
                    142528,
                    4,
                    142536,
                    100,
                    142639,
                    3,
                    142655,
                    1,
                    143488,
                    2,
                    143491,
                    1,
                    143493,
                    2,
                    143496,
                    104,
                    143601,
                    2,
                    144452,
                    109,
                    144562,
                    2,
                    144575,
                    1,
                    145410,
                    2,
                    145413,
                    108,
                    145522,
                    2,
                    145526,
                    1,
                    145534,
                    1,
                    146361,
                    2,
                    146369,
                    117,
                    146488,
                    8,
                    147320,
                    5,
                    147327,
                    124,
                    147452,
                    3,
                    148281,
                    2,
                    148285,
                    124,
                    148410,
                    1,
                    149241,
                    2,
                    149244,
                    125,
                    149370,
                    2,
                    149373,
                    2,
                    150201,
                    132,
                    150335,
                    1,
                    151160,
                    2,
                    151163,
                    131,
                    152121,
                    135,
                    153077,
                    140,
                    154024,
                    2,
                    154029,
                    2,
                    154032,
                    2,
                    154035,
                    142,
                    154179,
                    2,
                    154987,
                    1,
                    154989,
                    1,
                    154991,
                    1,
                    154993,
                    144,
                    155138,
                    1,
                    155140,
                    4,
                    155944,
                    2,
                    155948,
                    152,
                    156102,
                    2,
                    156904,
                    2,
                    156911,
                    153,
                    157867,
                    1,
                    157869,
                    1,
                    157871,
                    153,
                    158825,
                    157,
                    158983,
                    2,
                    159785,
                    161,
                    160744,
                    2,
                    160747,
                    159,
                    161697,
                    1,
                    161700,
                    1,
                    161702,
                    3,
                    161706,
                    161,
                    161868,
                    2,
                    161873,
                    2,
                    161877,
                    2,
                    162656,
                    3,
                    162660,
                    1,
                    162663,
                    1,
                    162665,
                    1,
                    162667,
                    161,
                    162829,
                    2,
                    162838,
                    2,
                    163618,
                    2,
                    163621,
                    169,
                    163791,
                    5,
                    163799,
                    1,
                    164576,
                    2,
                    164579,
                    1,
                    164581,
                    2,
                    164585,
                    166,
                    164752,
                    1,
                    164755,
                    2,
                    165536,
                    1,
                    165538,
                    1,
                    165540,
                    1,
                    165542,
                    169,
                    165714,
                    1,
                    165716,
                    1,
                    166498,
                    1,
                    166500,
                    174,
                    166677,
                    2,
                    167456,
                    1,
                    167459,
                    173,
                    167633,
                    3,
                    167637,
                    2,
                    168417,
                    179,
                    168597,
                    2,
                    169368,
                    2,
                    169372,
                    2,
                    169376,
                    3,
                    169380,
                    176,
                    169557,
                    3,
                    170321,
                    1,
                    170329,
                    1,
                    170336,
                    2,
                    170339,
                    176,
                    170516,
                    3,
                    171291,
                    3,
                    171295,
                    1,
                    171297,
                    179,
                    171478,
                    2,
                    172250,
                    2,
                    172254,
                    184,
                    172439,
                    1,
                    173210,
                    3,
                    173214,
                    185,
                    174168,
                    1,
                    174170,
                    1,
                    174172,
                    3,
                    174176,
                    183,
                    175133,
                    1,
                    175135,
                    187,
                    176088,
                    1,
                    176090,
                    2,
                    176093,
                    190,
                    177048,
                    2,
                    177051,
                    190,
                    177243,
                    1,
                    177245,
                    2,
                    178008,
                    196,
                    178206,
                    1,
                    178970,
                    192,
                    179163,
                    3,
                    179930,
                    195,
                    180126,
                    1,
                    180888,
                    197,
                    181848,
                    196,
                    182045,
                    3,
                    182808,
                    200,
                    183768,
                    199,
                    184720,
                    210,
                    185680,
                    3,
                    185686,
                    202,
                    185892,
                    1,
                    185895,
                    1,
                    186640,
                    3,
                    186645,
                    202,
                    186848,
                    1,
                    186852,
                    1,
                    186854,
                    2,
                    187600,
                    1,
                    187603,
                    1,
                    187605,
                    205,
                    187812,
                    1,
                    187815,
                    1,
                    188560,
                    2,
                    188563,
                    208,
                    188773,
                    2,
                    189522,
                    1,
                    189524,
                    207,
                    189733,
                    2,
                    190482,
                    1,
                    190484,
                    206,
                    190691,
                    2,
                    191440,
                    2,
                    191443,
                    210,
                    191655,
                    1,
                    192398,
                    3,
                    192402,
                    210,
                    192613,
                    1,
                    193361,
                    1,
                    193363,
                    210,
                    193574,
                    1,
                    194312,
                    3,
                    194321,
                    212,
                    194534,
                    1,
                    195272,
                    1,
                    195280,
                    215,
                    196239,
                    215,
                    197197,
                    217,
                    197415,
                    1,
                    198159,
                    217,
                    199112,
                    2,
                    199119,
                    216,
                    200074,
                    2,
                    200077,
                    219,
                    200298,
                    1,
                    200302,
                    1,
                    201033,
                    1,
                    201037,
                    1,
                    201039,
                    216,
                    201258,
                    1,
                    201262,
                    1,
                    201993,
                    2,
                    201997,
                    220,
                    202952,
                    1,
                    202956,
                    220,
                    203180,
                    1,
                    203183,
                    1,
                    203912,
                    3,
                    203917,
                    220,
                    204140,
                    1,
                    204143,
                    1,
                    204872,
                    4,
                    204877,
                    222,
                    205100,
                    1,
                    205103,
                    1,
                    205835,
                    1,
                    205837,
                    222,
                    206060,
                    2,
                    206063,
                    1,
                    206792,
                    4,
                    206797,
                    222,
                    207020,
                    2,
                    207756,
                    222,
                    207980,
                    1,
                    208713,
                    1,
                    208715,
                    224,
                    208941,
                    1,
                    209673,
                    226,
                    209901,
                    2,
                    210633,
                    227,
                    210861,
                    3,
                    211594,
                    225,
                    211821,
                    1,
                    211823,
                    1,
                    212554,
                    227,
                    212783,
                    1,
                    213513,
                    228,
                    214473,
                    228,
                    215424,
                    2,
                    215432,
                    229,
                    216384,
                    2,
                    216392,
                    229,
                    217344,
                    2,
                    217353,
                    230,
                    218304,
                    1,
                    218313,
                    230,
                    219264,
                    1,
                    219271,
                    232,
                    220224,
                    1,
                    220231,
                    230,
                    220462,
                    2,
                    221191,
                    231,
                    221423,
                    1,
                    222152,
                    232,
                    223105,
                    1,
                    223107,
                    1,
                    223110,
                    233,
                    224065,
                    1,
                    224067,
                    1,
                    224070,
                    233,
                    225025,
                    1,
                    225027,
                    1,
                    225031,
                    231,
                    225985,
                    1,
                    225991,
                    233,
                    226945,
                    1,
                    226948,
                    2,
                    226951,
                    233,
                    227905,
                    1,
                    227908,
                    235,
                    228865,
                    1,
                    228868,
                    235,
                    229825,
                    1,
                    229828,
                    235,
                    230787,
                    1,
                    230789,
                    236,
                    231747,
                    1,
                    231749,
                    236,
                    232705,
                    1,
                    232707,
                    1,
                    232710,
                    235,
                    233665,
                    1,
                    233667,
                    237,
                    234625,
                    1,
                    234627,
                    237,
                    235585,
                    1,
                    235587,
                    1,
                    235590,
                    234,
                    236547,
                    1,
                    236549,
                    235,
                    236788,
                    1,
                    237507,
                    1,
                    237509,
                    235,
                    237748,
                    1,
                    238464,
                    2,
                    238470,
                    236,
                    238708,
                    2,
                    238711,
                    1,
                    239430,
                    236,
                    239668,
                    2,
                    239671,
                    1,
                    240390,
                    235,
                    240626,
                    1,
                    240628,
                    1,
                    240631,
                    1,
                    241346,
                    1,
                    241349,
                    236,
                    241586,
                    1,
                    241588,
                    1,
                    241591,
                    1,
                    242306,
                    2,
                    242309,
                    236,
                    242546,
                    1,
                    242548,
                    1,
                    242551,
                    1,
                    243264,
                    1,
                    243267,
                    1,
                    243269,
                    236,
                    243506,
                    1,
                    243508,
                    1,
                    243511,
                    1,
                    244224,
                    1,
                    244227,
                    1,
                    244229,
                    236,
                    244466,
                    1,
                    244468,
                    1,
                    244471,
                    1,
                    245187,
                    238,
                    245426,
                    1,
                    245428,
                    1,
                    245431,
                    1,
                    246149,
                    236,
                    246386,
                    1,
                    247109,
                    236,
                    247346,
                    1,
                    247349,
                    1,
                    248069,
                    236,
                    248308,
                    2,
                    248311,
                    1,
                    249029,
                    236,
                    249268,
                    2,
                    249271,
                    1,
                    249989,
                    236,
                    250228,
                    2,
                    250231,
                    1,
                    250949,
                    235,
                    251185,
                    1,
                    251188,
                    1,
                    251909,
                    235,
                    252145,
                    1,
                    252148,
                    1,
                    252151,
                    1,
                    252869,
                    237,
                    253111,
                    1,
                    253825,
                    1,
                    253827,
                    1,
                    253831,
                    232,
                    254785,
                    1,
                    254787,
                    2,
                    254791,
                    233,
                    255745,
                    1,
                    255748,
                    2,
                    255751,
                    233,
                    256705,
                    1,
                    256708,
                    236,
                    257665,
                    1,
                    257668,
                    236,
                    258625,
                    1,
                    258628,
                    236,
                    259585,
                    1,
                    259589,
                    235,
                    260544,
                    2,
                    260549,
                    235,
                    261507,
                    1,
                    261510,
                    234,
                    262467,
                    1,
                    262470,
                    2,
                    262473,
                    231,
                    263430,
                    234,
                    264390,
                    234,
                    265350,
                    233,
                    266310,
                    233,
                    267270,
                    233,
                    268230,
                    1,
                    268232,
                    231,
                    269192,
                    2,
                    269195,
                    226,
                    269422,
                    1,
                    270152,
                    6,
                    270159,
                    224,
                    271112,
                    227,
                    271340,
                    3,
                    272072,
                    226,
                    272299,
                    4,
                    273032,
                    225,
                    273258,
                    4,
                    273993,
                    228,
                    274953,
                    228,
                    275912,
                    7,
                    275920,
                    216,
                    276139,
                    3,
                    276873,
                    223,
                    277097,
                    1,
                    277099,
                    1,
                    277833,
                    221,
                    278057,
                    4,
                    278794,
                    221,
                    279017,
                    4,
                    279754,
                    219,
                    279974,
                    1,
                    279979,
                    1,
                    279983,
                    1,
                    280714,
                    219,
                    280943,
                    1,
                    281675,
                    5,
                    281681,
                    212,
                    281894,
                    5,
                    282635,
                    5,
                    282641,
                    218,
                    282861,
                    1,
                    283595,
                    223,
                    283819,
                    1,
                    283821,
                    1,
                    283823,
                    1,
                    284553,
                    1,
                    284556,
                    222,
                    284781,
                    1,
                    285513,
                    1,
                    285516,
                    222,
                    285741,
                    1,
                    286473,
                    2,
                    286476,
                    5,
                    286482,
                    216,
                    286701,
                    1,
                    287434,
                    1,
                    287437,
                    4,
                    287442,
                    208,
                    287651,
                    5,
                    287661,
                    1,
                    288397,
                    219,
                    289358,
                    218,
                    290312,
                    1,
                    290315,
                    1,
                    290318,
                    218,
                    291272,
                    1,
                    291275,
                    1,
                    291277,
                    1,
                    291279,
                    215,
                    291495,
                    1,
                    291497,
                    2,
                    291503,
                    1,
                    292240,
                    198,
                    292439,
                    17,
                    293200,
                    198,
                    293399,
                    8,
                    293408,
                    6,
                    293415,
                    1,
                    294160,
                    9,
                    294170,
                    187,
                    294360,
                    13,
                    294375,
                    1,
                    295120,
                    196,
                    295318,
                    1,
                    295320,
                    6,
                    295327,
                    6,
                    296081,
                    194,
                    296277,
                    15,
                    296294,
                    1,
                    297041,
                    195,
                    297237,
                    4,
                    297242,
                    13,
                    298002,
                    12,
                    298015,
                    178,
                    298194,
                    2,
                    298197,
                    4,
                    298202,
                    2,
                    298205,
                    7,
                    298213,
                    1,
                    298960,
                    1,
                    298963,
                    191,
                    299158,
                    13,
                    299172,
                    1,
                    299174,
                    2,
                    299923,
                    16,
                    299940,
                    173,
                    300117,
                    3,
                    300121,
                    9,
                    300132,
                    1,
                    300884,
                    17,
                    300902,
                    171,
                    301078,
                    4,
                    301083,
                    7,
                    301092,
                    1,
                    301095,
                    1,
                    301841,
                    1,
                    301844,
                    190,
                    302038,
                    11,
                    302055,
                    1,
                    302801,
                    2,
                    302805,
                    21,
                    302827,
                    162,
                    302991,
                    2,
                    302996,
                    1,
                    302999,
                    10,
                    303015,
                    1,
                    303762,
                    1,
                    303766,
                    176,
                    303943,
                    3,
                    303948,
                    5,
                    303955,
                    2,
                    303959,
                    9,
                    303971,
                    1,
                    303975,
                    1,
                    304722,
                    2,
                    304726,
                    177,
                    304909,
                    4,
                    304915,
                    1,
                    304920,
                    8,
                    304930,
                    2,
                    304935,
                    1,
                    305680,
                    1,
                    305683,
                    1,
                    305687,
                    23,
                    305711,
                    2,
                    305714,
                    147,
                    305863,
                    5,
                    305871,
                    2,
                    305878,
                    9,
                    306640,
                    1,
                    306644,
                    1,
                    306647,
                    24,
                    306676,
                    2,
                    306679,
                    142,
                    306824,
                    1,
                    306828,
                    3,
                    306837,
                    10,
                    307609,
                    24,
                    307639,
                    1,
                    307643,
                    136,
                    307788,
                    4,
                    307796,
                    10,
                    308569,
                    22,
                    308593,
                    4,
                    308600,
                    1,
                    308604,
                    135,
                    308744,
                    1,
                    308748,
                    4,
                    308755,
                    11,
                    309528,
                    1,
                    309530,
                    25,
                    309556,
                    2,
                    309568,
                    132,
                    309704,
                    2,
                    309707,
                    4,
                    309712,
                    1,
                    309715,
                    10,
                    310488,
                    1,
                    310491,
                    24,
                    310516,
                    3,
                    310523,
                    137,
                    310667,
                    5,
                    310673,
                    11,
                    311451,
                    21,
                    311476,
                    3,
                    311489,
                    130,
                    311627,
                    4,
                    311632,
                    11,
                    311645,
                    2,
                    312409,
                    2,
                    312412,
                    21,
                    312434,
                    1,
                    312437,
                    2,
                    312440,
                    1,
                    312449,
                    129,
                    312586,
                    17,
                    312605,
                    2,
                    313372,
                    21,
                    313394,
                    1,
                    313398,
                    1,
                    313405,
                    133,
                    313540,
                    1,
                    313545,
                    2,
                    313549,
                    13,
                    313564,
                    2,
                    314328,
                    1,
                    314331,
                    24,
                    314358,
                    1,
                    314363,
                    2,
                    314370,
                    128,
                    314500,
                    1,
                    314509,
                    12,
                    314523,
                    2,
                    315288,
                    1,
                    315290,
                    2,
                    315294,
                    22,
                    315317,
                    2,
                    315328,
                    1,
                    315330,
                    128,
                    315464,
                    1,
                    315466,
                    14,
                    316250,
                    2,
                    316254,
                    20,
                    316288,
                    1,
                    316290,
                    126,
                    316418,
                    3,
                    316423,
                    1,
                    316426,
                    14,
                    317211,
                    1,
                    317215,
                    20,
                    317236,
                    1,
                    317239,
                    1,
                    317251,
                    125,
                    317384,
                    15,
                    318172,
                    1,
                    318176,
                    21,
                    318199,
                    1,
                    318211,
                    125,
                    318341,
                    19,
                    319128,
                    1,
                    319133,
                    2,
                    319136,
                    19,
                    319156,
                    1,
                    319159,
                    1,
                    319171,
                    124,
                    319297,
                    3,
                    319301,
                    19,
                    320088,
                    2,
                    320093,
                    3,
                    320097,
                    18,
                    320116,
                    1,
                    320119,
                    1,
                    320132,
                    105,
                    320238,
                    17,
                    320256,
                    2,
                    320259,
                    17,
                    320278,
                    1,
                    321049,
                    2,
                    321053,
                    2,
                    321058,
                    19,
                    321079,
                    1,
                    321089,
                    2,
                    321092,
                    99,
                    321192,
                    8,
                    321202,
                    12,
                    321216,
                    20,
                    322009,
                    2,
                    322019,
                    21,
                    322041,
                    1,
                    322049,
                    2,
                    322053,
                    99,
                    322153,
                    2,
                    322156,
                    9,
                    322166,
                    2,
                    322171,
                    23,
                    322196,
                    1,
                    322979,
                    26,
                    323006,
                    102,
                    323109,
                    5,
                    323116,
                    39,
                    323159,
                    1,
                    323941,
                    31,
                    323973,
                    41,
                    324020,
                    47,
                    324068,
                    6,
                    324075,
                    40,
                    324119,
                    1,
                    324897,
                    2,
                    324902,
                    32,
                    324935,
                    30,
                    324971,
                    6,
                    324979,
                    1,
                    324981,
                    44,
                    325026,
                    48,
                    325857,
                    2,
                    325863,
                    54,
                    325918,
                    1,
                    325921,
                    11,
                    325939,
                    1,
                    325941,
                    26,
                    325968,
                    1,
                    325970,
                    61,
                    326817,
                    2,
                    326825,
                    53,
                    326879,
                    5,
                    326896,
                    4,
                    326902,
                    22,
                    326925,
                    5,
                    326931,
                    59,
                    326996,
                    1,
                    327786,
                    53,
                    327840,
                    16,
                    327857,
                    2,
                    327861,
                    1,
                    327863,
                    28,
                    327892,
                    9,
                    327902,
                    47,
                    327951,
                    1,
                    328744,
                    1,
                    328747,
                    52,
                    328807,
                    7,
                    328820,
                    2,
                    328823,
                    29,
                    328853,
                    55,
                    328911,
                    1,
                    329704,
                    1,
                    329708,
                    52,
                    329761,
                    7,
                    329769,
                    13,
                    329784,
                    29,
                    329814,
                    53,
                    329872,
                    1,
                    330669,
                    52,
                    330722,
                    4,
                    330727,
                    1,
                    330731,
                    10,
                    330744,
                    10,
                    330755,
                    19,
                    330775,
                    2,
                    330778,
                    3,
                    330782,
                    45,
                    331630,
                    52,
                    331683,
                    3,
                    331687,
                    8,
                    331697,
                    7,
                    331705,
                    33,
                    331740,
                    46,
                    331791,
                    1,
                    332586,
                    1,
                    332592,
                    50,
                    332645,
                    1,
                    332651,
                    9,
                    332664,
                    5,
                    332670,
                    73,
                    332750,
                    2,
                    333546,
                    2,
                    333551,
                    1,
                    333553,
                    49,
                    333605,
                    2,
                    333611,
                    9,
                    333624,
                    37,
                    333662,
                    40,
                    333709,
                    3,
                    334505,
                    3,
                    334510,
                    3,
                    334514,
                    49,
                    334565,
                    2,
                    334568,
                    3,
                    334575,
                    1,
                    334578,
                    83,
                    334663,
                    1,
                    334667,
                    2,
                    335464,
                    2,
                    335475,
                    49,
                    335533,
                    86,
                    335621,
                    2,
                    336432,
                    1,
                    336436,
                    48,
                    336487,
                    1,
                    336490,
                    88,
                    336581,
                    2,
                    337387,
                    4,
                    337394,
                    1,
                    337398,
                    47,
                    337446,
                    93,
                    338360,
                    136,
                    339320,
                    135,
                    340281,
                    132,
                    341242,
                    129,
                    341375,
                    1,
                    342204,
                    126,
                    342334,
                    2,
                    343160,
                    1,
                    343165,
                    122,
                    343291,
                    3,
                    344120,
                    2,
                    344128,
                    117,
                    344251,
                    1,
                    345090,
                    113,
                    345207,
                    1,
                    346052,
                    108,
                    347013,
                    107,
                    347970,
                    1,
                    347976,
                    102,
                    348930,
                    3,
                    348939,
                    96,
                    349892,
                    6,
                    349901,
                    93,
                    349998,
                    2,
                    350855,
                    3,
                    350864,
                    88,
                    350956,
                    2,
                    351820,
                    1,
                    351826,
                    84,
                    351911,
                    1,
                    351915,
                    3,
                    352771,
                    3,
                    352784,
                    1,
                    352788,
                    79,
                    352870,
                    3,
                    353750,
                    73,
                    354711,
                    71,
                    355677,
                    59,
                    356632,
                    2,
                    356640,
                    1,
                    356643,
                    50,
                    357596,
                    4,
                    357608,
                    38,
                    358557,
                    6,
                    358575,
                    25,
                    358608,
                    2,
                    359504,
                    1,
                    359512,
                    2,
                    359527,
                    1,
                    359542,
                    6,
                    359565,
                    3,
                    359577,
                    7,
                    360464,
                    2,
                    360476,
                    6,
                    360488,
                    5,
                    360496,
                    5,
                    360512,
                    11
                ]
            }
        }
    ]
}