{
    "image_id": 54,
    "file_name": "Wheat_005_001_002_001.jpg",
    "width": 960,
    "height": 540,
    "annotations": [
        {
            "id": 1,
            "category_id": 5121,
            "bbox": [
                376,
                160,
                614,
                393
            ],
            "bbox_mode": 0,
            "segmentation": {
                "size": [
                    540,
                    960
                ],
                "counts": [
                    154058,
                    1,
                    154060,
                    1,
                    154062,
                    2,
                    154070,
                    2,
                    154086,
                    2,
                    154112,
                    1,
                    154120,
                    2,
                    155000,
                    2,
                    155016,
                    1,
                    155022,
                    1,
                    155027,
                    1,
                    155031,
                    2,
                    155035,
                    3,
                    155047,
                    1,
                    155064,
                    3,
                    155069,
                    5,
                    155080,
                    1,
                    155980,
                    6,
                    155990,
                    5,
                    156000,
                    24,
                    156026,
                    3,
                    156030,
                    5,
                    156038,
                    2,
                    156045,
                    3,
                    156938,
                    4,
                    156944,
                    2,
                    156947,
                    3,
                    156956,
                    5,
                    156962,
                    24,
                    156987,
                    6,
                    157000,
                    3,
                    157889,
                    1,
                    157897,
                    2,
                    157901,
                    4,
                    157912,
                    44,
                    157958,
                    2,
                    157962,
                    6,
                    158862,
                    4,
                    158867,
                    49,
                    158917,
                    3,
                    158921,
                    3,
                    158927,
                    1,
                    159819,
                    3,
                    159824,
                    2,
                    159827,
                    54,
                    159882,
                    6,
                    160776,
                    1,
                    160778,
                    3,
                    160782,
                    64,
                    160847,
                    2,
                    160850,
                    1,
                    161727,
                    5,
                    161733,
                    76,
                    161810,
                    2,
                    161815,
                    1,
                    161819,
                    1,
                    161823,
                    1,
                    161825,
                    2,
                    161828,
                    1,
                    161830,
                    2,
                    162680,
                    1,
                    162683,
                    3,
                    162687,
                    1,
                    162690,
                    2,
                    162694,
                    81,
                    162788,
                    3,
                    163642,
                    1,
                    163644,
                    7,
                    163652,
                    1,
                    163654,
                    85,
                    163741,
                    5,
                    163748,
                    2,
                    164601,
                    3,
                    164609,
                    2,
                    164612,
                    84,
                    164697,
                    3,
                    164703,
                    2,
                    164709,
                    1,
                    164711,
                    1,
                    165560,
                    2,
                    165565,
                    96,
                    165662,
                    4,
                    165667,
                    2,
                    166523,
                    103,
                    166628,
                    3,
                    167480,
                    107,
                    167589,
                    2,
                    168440,
                    108,
                    169385,
                    2,
                    169390,
                    1,
                    169395,
                    2,
                    169399,
                    109,
                    169509,
                    2,
                    169512,
                    1,
                    169515,
                    3,
                    169519,
                    1,
                    169524,
                    1,
                    170348,
                    2,
                    170352,
                    3,
                    170357,
                    113,
                    170471,
                    9,
                    170484,
                    1,
                    171304,
                    1,
                    171309,
                    4,
                    171314,
                    120,
                    171436,
                    2,
                    171439,
                    1,
                    172264,
                    1,
                    172271,
                    1,
                    172274,
                    122,
                    172398,
                    1,
                    173226,
                    2,
                    173229,
                    1,
                    173233,
                    124,
                    174185,
                    1,
                    174189,
                    3,
                    174193,
                    127,
                    175144,
                    2,
                    175147,
                    132,
                    176107,
                    2,
                    176110,
                    130,
                    177056,
                    1,
                    177063,
                    1,
                    177066,
                    134,
                    177204,
                    2,
                    177210,
                    3,
                    177214,
                    2,
                    178016,
                    3,
                    178021,
                    144,
                    178167,
                    1,
                    178170,
                    4,
                    178175,
                    1,
                    178977,
                    2,
                    178980,
                    1,
                    178982,
                    2,
                    178985,
                    138,
                    179124,
                    1,
                    179127,
                    1,
                    179129,
                    1,
                    179131,
                    3,
                    179936,
                    2,
                    179939,
                    1,
                    179941,
                    145,
                    180089,
                    2,
                    180095,
                    1,
                    180896,
                    3,
                    180900,
                    148,
                    181052,
                    4,
                    181858,
                    152,
                    182012,
                    1,
                    182015,
                    1,
                    182816,
                    1,
                    182818,
                    153,
                    182973,
                    1,
                    183777,
                    154,
                    183932,
                    1,
                    183934,
                    1,
                    184728,
                    5,
                    184734,
                    1,
                    184736,
                    156,
                    184894,
                    1,
                    184897,
                    4,
                    184902,
                    2,
                    185689,
                    5,
                    185695,
                    161,
                    185858,
                    4,
                    185863,
                    1,
                    186650,
                    1,
                    186652,
                    162,
                    186817,
                    1,
                    186819,
                    3,
                    187610,
                    165,
                    187777,
                    2,
                    187783,
                    1,
                    188569,
                    2,
                    188572,
                    164,
                    188740,
                    4,
                    189528,
                    170,
                    189700,
                    1,
                    189703,
                    1,
                    190488,
                    171,
                    190661,
                    1,
                    191440,
                    2,
                    191448,
                    171,
                    191620,
                    1,
                    191622,
                    1,
                    192401,
                    1,
                    192403,
                    2,
                    192408,
                    173,
                    192582,
                    2,
                    192588,
                    1,
                    193362,
                    2,
                    193365,
                    182,
                    193551,
                    1,
                    194320,
                    5,
                    194326,
                    177,
                    194505,
                    2,
                    194511,
                    1,
                    195280,
                    1,
                    195282,
                    1,
                    195285,
                    179,
                    195469,
                    1,
                    196241,
                    1,
                    196244,
                    181,
                    196429,
                    2,
                    197203,
                    1,
                    197205,
                    182,
                    197389,
                    2,
                    198162,
                    182,
                    198345,
                    2,
                    198350,
                    2,
                    199122,
                    186,
                    200073,
                    1,
                    200079,
                    1,
                    200081,
                    187,
                    200269,
                    2,
                    201036,
                    1,
                    201039,
                    188,
                    201228,
                    1,
                    201996,
                    1,
                    201999,
                    193,
                    202959,
                    189,
                    203149,
                    2,
                    203914,
                    3,
                    203918,
                    190,
                    204109,
                    2,
                    204874,
                    2,
                    204877,
                    195,
                    205832,
                    1,
                    205834,
                    2,
                    205837,
                    192,
                    206030,
                    2,
                    206792,
                    1,
                    206794,
                    1,
                    206797,
                    194,
                    207753,
                    1,
                    207755,
                    198,
                    207954,
                    3,
                    207958,
                    1,
                    207966,
                    1,
                    208712,
                    2,
                    208715,
                    1,
                    208717,
                    196,
                    208918,
                    1,
                    208926,
                    1,
                    209672,
                    1,
                    209674,
                    200,
                    209877,
                    1,
                    210634,
                    201,
                    211593,
                    1,
                    211595,
                    200,
                    212552,
                    202,
                    212755,
                    1,
                    212757,
                    1,
                    213512,
                    205,
                    213719,
                    1,
                    214472,
                    205,
                    215424,
                    1,
                    215426,
                    211,
                    215638,
                    1,
                    216386,
                    1,
                    216389,
                    2,
                    216392,
                    205,
                    216598,
                    1,
                    217345,
                    1,
                    217348,
                    1,
                    217350,
                    209,
                    218304,
                    1,
                    218308,
                    2,
                    218311,
                    207,
                    219264,
                    1,
                    219267,
                    1,
                    219269,
                    209,
                    220224,
                    1,
                    220226,
                    2,
                    220229,
                    209,
                    220439,
                    1,
                    221185,
                    215,
                    222145,
                    1,
                    222148,
                    211,
                    223104,
                    216,
                    223321,
                    1,
                    223324,
                    2,
                    224065,
                    1,
                    224067,
                    213,
                    224281,
                    1,
                    224284,
                    2,
                    225025,
                    1,
                    225027,
                    213,
                    225241,
                    1,
                    225245,
                    1,
                    225985,
                    218,
                    226944,
                    1,
                    226946,
                    215,
                    227162,
                    1,
                    227904,
                    1,
                    227906,
                    217,
                    228864,
                    1,
                    228866,
                    218,
                    229826,
                    217,
                    230776,
                    1,
                    230780,
                    1,
                    230783,
                    224,
                    231739,
                    2,
                    231744,
                    222,
                    232699,
                    1,
                    232704,
                    220,
                    232925,
                    1,
                    233658,
                    2,
                    233663,
                    222,
                    234617,
                    1,
                    234622,
                    225,
                    235576,
                    2,
                    235581,
                    223,
                    235806,
                    1,
                    236541,
                    1,
                    236543,
                    223,
                    237500,
                    228,
                    238456,
                    1,
                    238458,
                    1,
                    238462,
                    225,
                    239416,
                    1,
                    239418,
                    1,
                    239420,
                    1,
                    239422,
                    223,
                    240380,
                    1,
                    240382,
                    223,
                    241340,
                    1,
                    241342,
                    224,
                    241567,
                    1,
                    242299,
                    2,
                    242302,
                    224,
                    242527,
                    1,
                    243259,
                    1,
                    243262,
                    224,
                    243487,
                    1,
                    244219,
                    1,
                    244222,
                    225,
                    245178,
                    2,
                    245181,
                    226,
                    246136,
                    1,
                    246139,
                    229,
                    247096,
                    1,
                    247098,
                    230,
                    248056,
                    1,
                    248058,
                    1,
                    248060,
                    228,
                    249018,
                    1,
                    249021,
                    227,
                    249978,
                    1,
                    249981,
                    227,
                    250936,
                    1,
                    250938,
                    1,
                    250941,
                    226,
                    251896,
                    1,
                    251898,
                    1,
                    251901,
                    227,
                    252856,
                    1,
                    252858,
                    1,
                    252861,
                    227,
                    253816,
                    1,
                    253819,
                    230,
                    254052,
                    2,
                    254779,
                    230,
                    255739,
                    229,
                    256699,
                    230,
                    256930,
                    2,
                    257659,
                    230,
                    257890,
                    2,
                    258617,
                    232,
                    258850,
                    1,
                    258854,
                    1,
                    259577,
                    1,
                    259579,
                    230,
                    259810,
                    1,
                    259813,
                    2,
                    260537,
                    1,
                    260539,
                    230,
                    260770,
                    1,
                    260773,
                    2,
                    261499,
                    230,
                    262459,
                    230,
                    263419,
                    230,
                    264379,
                    230,
                    265340,
                    229,
                    266297,
                    1,
                    266300,
                    228,
                    267257,
                    1,
                    267260,
                    228,
                    268217,
                    1,
                    268220,
                    228,
                    269176,
                    1,
                    269180,
                    228,
                    270140,
                    228,
                    271099,
                    229,
                    272059,
                    229,
                    273017,
                    1,
                    273019,
                    1,
                    273021,
                    227,
                    273977,
                    1,
                    273979,
                    229,
                    274937,
                    1,
                    274939,
                    229,
                    275897,
                    1,
                    275899,
                    229,
                    276857,
                    1,
                    276860,
                    228,
                    277817,
                    1,
                    277819,
                    229,
                    278777,
                    1,
                    278779,
                    2,
                    278782,
                    226,
                    279739,
                    2,
                    279742,
                    226,
                    280699,
                    229,
                    281659,
                    1,
                    281661,
                    227,
                    282616,
                    1,
                    282621,
                    1,
                    282623,
                    225,
                    283576,
                    1,
                    283581,
                    1,
                    283583,
                    225,
                    284536,
                    2,
                    284540,
                    2,
                    284543,
                    224,
                    285497,
                    1,
                    285500,
                    2,
                    285503,
                    224,
                    286461,
                    2,
                    286464,
                    222,
                    286687,
                    1,
                    287418,
                    1,
                    287421,
                    225,
                    288381,
                    3,
                    288385,
                    222,
                    289342,
                    225,
                    290302,
                    3,
                    290306,
                    219,
                    291262,
                    218,
                    291481,
                    5,
                    292216,
                    1,
                    292219,
                    1,
                    292222,
                    219,
                    292442,
                    2,
                    292445,
                    1,
                    293176,
                    1,
                    293179,
                    1,
                    293182,
                    4,
                    293187,
                    214,
                    293402,
                    2,
                    293405,
                    1,
                    294136,
                    1,
                    294139,
                    1,
                    294142,
                    219,
                    294362,
                    3,
                    295096,
                    1,
                    295099,
                    1,
                    295102,
                    5,
                    295108,
                    215,
                    295324,
                    1,
                    295327,
                    1,
                    296062,
                    217,
                    296280,
                    5,
                    296287,
                    1,
                    297022,
                    6,
                    297029,
                    209,
                    297239,
                    1,
                    297241,
                    1,
                    297243,
                    2,
                    297982,
                    219,
                    298202,
                    3,
                    298206,
                    1,
                    298938,
                    1,
                    298944,
                    5,
                    298950,
                    209,
                    299160,
                    1,
                    299162,
                    2,
                    299166,
                    2,
                    299905,
                    215,
                    300121,
                    3,
                    300865,
                    215,
                    301081,
                    3,
                    301825,
                    219,
                    302046,
                    1,
                    302786,
                    217,
                    303746,
                    209,
                    303956,
                    7,
                    304704,
                    218,
                    305664,
                    1,
                    305667,
                    215,
                    305884,
                    1,
                    305887,
                    1,
                    306625,
                    1,
                    306627,
                    207,
                    306835,
                    6,
                    306844,
                    1,
                    306847,
                    1,
                    307585,
                    1,
                    307588,
                    212,
                    308545,
                    1,
                    308547,
                    213,
                    309506,
                    10,
                    309517,
                    196,
                    309714,
                    6,
                    310464,
                    1,
                    310466,
                    2,
                    310469,
                    211,
                    311424,
                    1,
                    311426,
                    2,
                    311429,
                    203,
                    311633,
                    6,
                    312384,
                    1,
                    312386,
                    1,
                    312389,
                    202,
                    312592,
                    7,
                    313348,
                    1,
                    313350,
                    9,
                    313360,
                    189,
                    313550,
                    9,
                    314305,
                    1,
                    314308,
                    1,
                    314311,
                    194,
                    314506,
                    3,
                    314510,
                    8,
                    315269,
                    193,
                    315464,
                    1,
                    315470,
                    7,
                    315479,
                    1,
                    316224,
                    1,
                    316230,
                    11,
                    316242,
                    179,
                    316422,
                    2,
                    316427,
                    2,
                    316430,
                    7,
                    317184,
                    2,
                    317192,
                    191,
                    317387,
                    1,
                    317390,
                    7,
                    318144,
                    3,
                    318152,
                    191,
                    318344,
                    2,
                    318350,
                    7,
                    319107,
                    2,
                    319113,
                    187,
                    319301,
                    2,
                    319308,
                    8,
                    319318,
                    1,
                    320073,
                    187,
                    320261,
                    1,
                    320266,
                    10,
                    320278,
                    1,
                    321034,
                    185,
                    321225,
                    10,
                    321992,
                    1,
                    321995,
                    184,
                    322180,
                    1,
                    322183,
                    12,
                    322196,
                    2,
                    322953,
                    1,
                    322956,
                    183,
                    323141,
                    11,
                    323913,
                    1,
                    323916,
                    196,
                    324872,
                    1,
                    324877,
                    13,
                    324891,
                    180,
                    325832,
                    1,
                    325838,
                    13,
                    325852,
                    179,
                    326795,
                    1,
                    326798,
                    14,
                    326813,
                    161,
                    326975,
                    16,
                    327755,
                    1,
                    327758,
                    15,
                    327774,
                    157,
                    327932,
                    18,
                    327951,
                    1,
                    328715,
                    1,
                    328719,
                    15,
                    328735,
                    153,
                    328890,
                    19,
                    328911,
                    1,
                    329672,
                    2,
                    329677,
                    1,
                    329680,
                    189,
                    330641,
                    15,
                    330657,
                    171,
                    330830,
                    1,
                    331601,
                    159,
                    331761,
                    26,
                    331789,
                    2,
                    332562,
                    157,
                    332720,
                    26,
                    332749,
                    1,
                    333522,
                    41,
                    333564,
                    115,
                    333680,
                    26,
                    333708,
                    1,
                    334481,
                    20,
                    334502,
                    22,
                    334526,
                    112,
                    334639,
                    27,
                    334667,
                    2,
                    334671,
                    1,
                    335441,
                    2,
                    335444,
                    19,
                    335464,
                    21,
                    335489,
                    109,
                    335599,
                    25,
                    335626,
                    2,
                    335631,
                    1,
                    336401,
                    1,
                    336405,
                    40,
                    336446,
                    2,
                    336451,
                    107,
                    336559,
                    25,
                    336586,
                    1,
                    337363,
                    1,
                    337366,
                    40,
                    337407,
                    136,
                    337545,
                    2,
                    337549,
                    2,
                    338328,
                    35,
                    338365,
                    11,
                    338377,
                    100,
                    338478,
                    24,
                    339288,
                    21,
                    339310,
                    13,
                    339324,
                    14,
                    339339,
                    123,
                    339463,
                    1,
                    340249,
                    34,
                    340284,
                    13,
                    340301,
                    120,
                    340423,
                    1,
                    341209,
                    23,
                    341233,
                    28,
                    341265,
                    114,
                    342170,
                    48,
                    342221,
                    3,
                    342225,
                    114,
                    343128,
                    1,
                    343131,
                    24,
                    343156,
                    22,
                    343181,
                    3,
                    343186,
                    7,
                    343194,
                    78,
                    343274,
                    24,
                    344092,
                    35,
                    344128,
                    8,
                    344137,
                    4,
                    344143,
                    5,
                    344149,
                    8,
                    344158,
                    70,
                    344229,
                    28,
                    345050,
                    1,
                    345053,
                    34,
                    345088,
                    10,
                    345101,
                    3,
                    345106,
                    15,
                    345122,
                    62,
                    345185,
                    30,
                    346016,
                    24,
                    346042,
                    9,
                    346054,
                    5,
                    346060,
                    25,
                    346086,
                    54,
                    346141,
                    33,
                    346976,
                    27,
                    347004,
                    3,
                    347009,
                    6,
                    347016,
                    7,
                    347024,
                    23,
                    347048,
                    5,
                    347055,
                    79,
                    347937,
                    29,
                    347967,
                    9,
                    347977,
                    5,
                    347983,
                    60,
                    348046,
                    46,
                    348095,
                    1,
                    348897,
                    31,
                    348930,
                    6,
                    348937,
                    6,
                    348944,
                    107,
                    349858,
                    37,
                    349896,
                    6,
                    349904,
                    106,
                    350819,
                    34,
                    350854,
                    6,
                    350863,
                    106,
                    350972,
                    2,
                    351780,
                    35,
                    351818,
                    3,
                    351822,
                    106,
                    352737,
                    2,
                    352742,
                    36,
                    352779,
                    3,
                    352783,
                    21,
                    352805,
                    83,
                    353704,
                    36,
                    353743,
                    102,
                    354665,
                    139,
                    354807,
                    1,
                    355626,
                    136,
                    355766,
                    1,
                    356584,
                    1,
                    356587,
                    134,
                    356724,
                    2,
                    357544,
                    3,
                    357549,
                    54,
                    357604,
                    76,
                    357683,
                    3,
                    358506,
                    2,
                    358510,
                    128,
                    358641,
                    3,
                    358647,
                    1,
                    359466,
                    2,
                    359472,
                    124,
                    359600,
                    3,
                    359607,
                    1,
                    360424,
                    1,
                    360429,
                    3,
                    360433,
                    122,
                    360557,
                    2,
                    361392,
                    1,
                    361395,
                    117,
                    362355,
                    117,
                    363314,
                    1,
                    363318,
                    112,
                    364279,
                    110,
                    365232,
                    1,
                    365236,
                    2,
                    365242,
                    105,
                    366192,
                    1,
                    366196,
                    2,
                    366205,
                    100,
                    366308,
                    2,
                    367157,
                    1,
                    367160,
                    1,
                    367166,
                    96,
                    367263,
                    1,
                    367268,
                    2,
                    368114,
                    1,
                    368122,
                    3,
                    368129,
                    90,
                    368223,
                    4,
                    368231,
                    1,
                    369088,
                    1,
                    369092,
                    84,
                    370052,
                    83,
                    371016,
                    76,
                    371978,
                    70,
                    372933,
                    5,
                    372942,
                    65,
                    373011,
                    1,
                    373888,
                    1,
                    373895,
                    1,
                    373906,
                    59,
                    373968,
                    2,
                    374860,
                    2,
                    374872,
                    46,
                    374925,
                    3,
                    374933,
                    3,
                    375816,
                    2,
                    375831,
                    1,
                    375836,
                    35,
                    375887,
                    1,
                    375891,
                    3,
                    376808,
                    16,
                    377768,
                    8
                ]
            }
        }
    ]
}