{
    "image_id": 35,
    "file_name": "Wheat_003_001_003_002.jpg",
    "width": 960,
    "height": 540,
    "annotations": [
        {
            "id": 1,
            "category_id": 3132,
            "bbox": [
                371,
                160,
                591,
                367
            ],
            "bbox_mode": 0,
            "segmentation": {
                "size": [
                    540,
                    960
                ],
                "counts": [
                    154065,
                    1,
                    154085,
                    2,
                    155040,
                    1,
                    155044,
                    2,
                    158833,
                    1,
                    159826,
                    1,
                    159834,
                    5,
                    159852,
                    2,
                    160759,
                    1,
                    160785,
                    2,
                    160811,
                    2,
                    160815,
                    1,
                    161713,
                    2,
                    161716,
                    2,
                    161719,
                    2,
                    161722,
                    6,
                    161730,
                    3,
                    161739,
                    2,
                    161743,
                    2,
                    161761,
                    3,
                    161769,
                    4,
                    162672,
                    1,
                    162674,
                    1,
                    162676,
                    2,
                    162679,
                    1,
                    162682,
                    3,
                    162687,
                    2,
                    162695,
                    2,
                    162701,
                    2,
                    162704,
                    2,
                    162707,
                    2,
                    162711,
                    1,
                    162718,
                    1,
                    162725,
                    4,
                    162730,
                    3,
                    162735,
                    1,
                    163636,
                    1,
                    163638,
                    4,
                    163644,
                    4,
                    163649,
                    12,
                    163662,
                    4,
                    163667,
                    10,
                    163679,
                    1,
                    163684,
                    2,
                    163690,
                    5,
                    163697,
                    2,
                    164587,
                    4,
                    164594,
                    3,
                    164598,
                    3,
                    164603,
                    43,
                    164647,
                    2,
                    164650,
                    2,
                    164654,
                    1,
                    165552,
                    4,
                    165557,
                    46,
                    165604,
                    4,
                    165609,
                    2,
                    165612,
                    2,
                    166504,
                    1,
                    166512,
                    56,
                    166569,
                    7,
                    167464,
                    1,
                    167470,
                    70,
                    168424,
                    1,
                    168428,
                    73,
                    169371,
                    1,
                    169373,
                    2,
                    169376,
                    1,
                    169378,
                    1,
                    169380,
                    1,
                    169383,
                    2,
                    169386,
                    78,
                    169466,
                    4,
                    169472,
                    4,
                    169477,
                    3,
                    170329,
                    1,
                    170332,
                    6,
                    170340,
                    1,
                    170343,
                    1,
                    170345,
                    1,
                    170347,
                    75,
                    170423,
                    2,
                    170426,
                    2,
                    170431,
                    3,
                    170435,
                    2,
                    170438,
                    2,
                    171290,
                    1,
                    171292,
                    1,
                    171295,
                    90,
                    171386,
                    7,
                    171394,
                    4,
                    172245,
                    1,
                    172250,
                    2,
                    172254,
                    3,
                    172258,
                    1,
                    172260,
                    92,
                    172354,
                    1,
                    172356,
                    2,
                    172359,
                    3,
                    173208,
                    1,
                    173211,
                    1,
                    173215,
                    99,
                    173316,
                    5,
                    174166,
                    2,
                    174170,
                    1,
                    174172,
                    103,
                    174276,
                    1,
                    174278,
                    2,
                    175128,
                    1,
                    175130,
                    109,
                    175246,
                    2,
                    176088,
                    2,
                    176092,
                    107,
                    176206,
                    2,
                    177041,
                    1,
                    177047,
                    2,
                    177050,
                    110,
                    177161,
                    1,
                    177164,
                    1,
                    177167,
                    1,
                    177172,
                    2,
                    178000,
                    2,
                    178003,
                    2,
                    178007,
                    1,
                    178009,
                    1,
                    178011,
                    110,
                    178122,
                    5,
                    178129,
                    3,
                    178133,
                    1,
                    178962,
                    2,
                    178966,
                    119,
                    179087,
                    2,
                    179091,
                    4,
                    179922,
                    1,
                    179924,
                    123,
                    180048,
                    3,
                    180052,
                    3,
                    180880,
                    1,
                    180882,
                    1,
                    180884,
                    125,
                    181011,
                    1,
                    181841,
                    1,
                    181843,
                    130,
                    181974,
                    1,
                    182800,
                    132,
                    182933,
                    3,
                    183760,
                    132,
                    183894,
                    1,
                    184713,
                    2,
                    184716,
                    1,
                    184718,
                    1,
                    184720,
                    134,
                    184856,
                    1,
                    184859,
                    1,
                    184862,
                    1,
                    185670,
                    1,
                    185672,
                    3,
                    185677,
                    139,
                    185818,
                    3,
                    185823,
                    1,
                    186627,
                    1,
                    186633,
                    1,
                    186635,
                    2,
                    186638,
                    140,
                    186779,
                    2,
                    186783,
                    1,
                    187588,
                    3,
                    187593,
                    2,
                    187597,
                    142,
                    187740,
                    2,
                    187743,
                    1,
                    188554,
                    146,
                    188701,
                    1,
                    189513,
                    1,
                    189516,
                    148,
                    190472,
                    154,
                    191432,
                    1,
                    191434,
                    1,
                    191436,
                    150,
                    192385,
                    4,
                    192390,
                    1,
                    192392,
                    1,
                    192394,
                    152,
                    192548,
                    1,
                    192551,
                    1,
                    192558,
                    2,
                    193345,
                    1,
                    193351,
                    1,
                    193353,
                    155,
                    193509,
                    1,
                    193511,
                    1,
                    193519,
                    1,
                    194306,
                    1,
                    194308,
                    1,
                    194310,
                    156,
                    194469,
                    3,
                    195264,
                    2,
                    195268,
                    164,
                    196224,
                    1,
                    196227,
                    2,
                    196230,
                    161,
                    197185,
                    2,
                    197189,
                    160,
                    197350,
                    2,
                    198145,
                    3,
                    198149,
                    162,
                    198312,
                    1,
                    199104,
                    3,
                    199108,
                    167,
                    200065,
                    1,
                    200068,
                    168,
                    200237,
                    3,
                    200248,
                    3,
                    201025,
                    1,
                    201027,
                    167,
                    201195,
                    5,
                    201209,
                    3,
                    201987,
                    171,
                    202159,
                    1,
                    202171,
                    1,
                    202944,
                    1,
                    202947,
                    172,
                    203130,
                    1,
                    203132,
                    1,
                    203904,
                    174,
                    204079,
                    2,
                    204091,
                    2,
                    204864,
                    176,
                    205053,
                    1,
                    205824,
                    1,
                    205826,
                    175,
                    206014,
                    2,
                    206786,
                    174,
                    206974,
                    2,
                    207736,
                    1,
                    207738,
                    1,
                    207744,
                    183,
                    207934,
                    2,
                    208703,
                    181,
                    208885,
                    3,
                    209660,
                    1,
                    209663,
                    181,
                    209845,
                    2,
                    210617,
                    1,
                    210620,
                    1,
                    210622,
                    181,
                    210805,
                    1,
                    210807,
                    1,
                    211577,
                    1,
                    211582,
                    184,
                    212537,
                    3,
                    212542,
                    182,
                    212725,
                    1,
                    213497,
                    3,
                    213502,
                    187,
                    214456,
                    1,
                    214458,
                    2,
                    214462,
                    186,
                    215416,
                    2,
                    215420,
                    188,
                    215609,
                    1,
                    215611,
                    5,
                    216379,
                    193,
                    216573,
                    3,
                    217336,
                    2,
                    217339,
                    1,
                    217341,
                    190,
                    217532,
                    4,
                    218297,
                    1,
                    218299,
                    191,
                    218494,
                    1,
                    219258,
                    1,
                    219260,
                    192,
                    219453,
                    3,
                    220218,
                    1,
                    220220,
                    193,
                    221177,
                    1,
                    221179,
                    196,
                    222137,
                    198,
                    223097,
                    196,
                    223295,
                    1,
                    224057,
                    197,
                    225017,
                    1,
                    225020,
                    195,
                    225977,
                    1,
                    225980,
                    195,
                    226937,
                    1,
                    226939,
                    199,
                    227899,
                    200,
                    228858,
                    198,
                    229057,
                    3,
                    229816,
                    1,
                    229818,
                    198,
                    230017,
                    3,
                    230772,
                    2,
                    230777,
                    200,
                    230978,
                    2,
                    230981,
                    3,
                    231732,
                    2,
                    231737,
                    205,
                    232692,
                    2,
                    232697,
                    201,
                    232899,
                    1,
                    232902,
                    2,
                    233652,
                    2,
                    233657,
                    205,
                    234612,
                    2,
                    234617,
                    202,
                    234820,
                    3,
                    235572,
                    1,
                    235578,
                    203,
                    236536,
                    1,
                    236538,
                    203,
                    236742,
                    2,
                    237496,
                    1,
                    237498,
                    203,
                    237702,
                    1,
                    238456,
                    205,
                    238663,
                    1,
                    239417,
                    1,
                    239419,
                    203,
                    240377,
                    205,
                    240583,
                    1,
                    240587,
                    1,
                    241336,
                    207,
                    242298,
                    206,
                    243259,
                    206,
                    244216,
                    1,
                    244219,
                    205,
                    245176,
                    1,
                    245180,
                    205,
                    246138,
                    205,
                    246344,
                    1,
                    246346,
                    1,
                    246349,
                    1,
                    247098,
                    207,
                    247309,
                    1,
                    248057,
                    2,
                    248060,
                    206,
                    248268,
                    1,
                    248271,
                    1,
                    249018,
                    1,
                    249020,
                    204,
                    249225,
                    1,
                    249228,
                    1,
                    249231,
                    1,
                    249980,
                    206,
                    250188,
                    1,
                    250939,
                    207,
                    251148,
                    1,
                    251899,
                    208,
                    252108,
                    1,
                    252110,
                    1,
                    252858,
                    209,
                    253068,
                    1,
                    253070,
                    1,
                    253821,
                    206,
                    254028,
                    2,
                    254031,
                    1,
                    254781,
                    206,
                    254988,
                    1,
                    255731,
                    1,
                    255740,
                    3,
                    255744,
                    203,
                    255948,
                    1,
                    256691,
                    1,
                    256697,
                    2,
                    256700,
                    2,
                    256704,
                    203,
                    256908,
                    2,
                    256911,
                    1,
                    257651,
                    1,
                    257657,
                    3,
                    257661,
                    2,
                    257665,
                    203,
                    257869,
                    3,
                    258611,
                    1,
                    258616,
                    1,
                    258623,
                    1,
                    258625,
                    203,
                    258829,
                    3,
                    259571,
                    1,
                    259585,
                    202,
                    259788,
                    1,
                    260536,
                    1,
                    260546,
                    205,
                    261504,
                    203,
                    261708,
                    2,
                    262465,
                    1,
                    262467,
                    203,
                    263422,
                    206,
                    263629,
                    1,
                    264376,
                    1,
                    264381,
                    4,
                    264386,
                    202,
                    264589,
                    1,
                    265336,
                    1,
                    265341,
                    3,
                    265345,
                    2,
                    265348,
                    200,
                    265549,
                    1,
                    266302,
                    207,
                    266511,
                    1,
                    267264,
                    2,
                    267267,
                    2,
                    267270,
                    199,
                    267471,
                    1,
                    268224,
                    3,
                    268229,
                    200,
                    268431,
                    1,
                    269184,
                    4,
                    269189,
                    1,
                    269191,
                    198,
                    269390,
                    1,
                    270145,
                    2,
                    270149,
                    2,
                    270152,
                    197,
                    270350,
                    1,
                    271105,
                    2,
                    271109,
                    200,
                    272065,
                    3,
                    272069,
                    201,
                    272271,
                    1,
                    273025,
                    8,
                    273034,
                    198,
                    273984,
                    1,
                    273986,
                    202,
                    274189,
                    3,
                    274944,
                    1,
                    274947,
                    201,
                    275149,
                    1,
                    275151,
                    1,
                    275904,
                    2,
                    275907,
                    6,
                    275914,
                    1,
                    275916,
                    192,
                    276109,
                    1,
                    276865,
                    1,
                    276868,
                    201,
                    277071,
                    1,
                    277825,
                    1,
                    277828,
                    201,
                    278785,
                    1,
                    278788,
                    200,
                    279745,
                    1,
                    279749,
                    200,
                    279950,
                    1,
                    280704,
                    2,
                    280709,
                    9,
                    280719,
                    190,
                    280910,
                    1,
                    281664,
                    2,
                    281670,
                    199,
                    281870,
                    1,
                    282624,
                    1,
                    282627,
                    1,
                    282630,
                    199,
                    283584,
                    1,
                    283587,
                    1,
                    283589,
                    1,
                    283591,
                    198,
                    284552,
                    196,
                    284750,
                    1,
                    285512,
                    11,
                    285524,
                    185,
                    285710,
                    1,
                    286473,
                    196,
                    287433,
                    196,
                    287631,
                    1,
                    288392,
                    1,
                    288394,
                    195,
                    288591,
                    1,
                    289352,
                    1,
                    289355,
                    192,
                    289548,
                    1,
                    289551,
                    1,
                    290312,
                    1,
                    290315,
                    13,
                    290329,
                    179,
                    290509,
                    1,
                    290511,
                    1,
                    291276,
                    190,
                    291467,
                    1,
                    291469,
                    1,
                    292233,
                    1,
                    292237,
                    190,
                    292428,
                    1,
                    292431,
                    1,
                    293197,
                    189,
                    293387,
                    2,
                    293391,
                    1,
                    294157,
                    191,
                    294350,
                    1,
                    295118,
                    188,
                    295309,
                    2,
                    296079,
                    15,
                    296095,
                    172,
                    296269,
                    2,
                    297040,
                    15,
                    297056,
                    172,
                    297229,
                    2,
                    297996,
                    2,
                    298001,
                    189,
                    298956,
                    4,
                    298961,
                    182,
                    299144,
                    1,
                    299148,
                    2,
                    299921,
                    1,
                    299923,
                    181,
                    300883,
                    181,
                    301840,
                    2,
                    301844,
                    177,
                    302022,
                    2,
                    302800,
                    2,
                    302804,
                    179,
                    303763,
                    1,
                    303766,
                    177,
                    304720,
                    1,
                    304723,
                    1,
                    304725,
                    178,
                    305682,
                    1,
                    305686,
                    177,
                    306641,
                    2,
                    306645,
                    2,
                    306648,
                    175,
                    307609,
                    20,
                    307630,
                    151,
                    308568,
                    22,
                    308591,
                    150,
                    308742,
                    1,
                    309528,
                    1,
                    309531,
                    169,
                    309701,
                    2,
                    310488,
                    1,
                    310490,
                    1,
                    310492,
                    167,
                    310661,
                    1,
                    311452,
                    167,
                    311620,
                    2,
                    311623,
                    1,
                    312409,
                    2,
                    312414,
                    23,
                    312438,
                    127,
                    312567,
                    11,
                    312580,
                    1,
                    312583,
                    1,
                    313370,
                    1,
                    313374,
                    25,
                    313400,
                    125,
                    313526,
                    12,
                    313543,
                    1,
                    314332,
                    2,
                    314336,
                    25,
                    314362,
                    120,
                    314483,
                    2,
                    314486,
                    11,
                    314498,
                    2,
                    314502,
                    1,
                    315297,
                    144,
                    315442,
                    4,
                    315447,
                    9,
                    316256,
                    28,
                    316285,
                    121,
                    316407,
                    9,
                    317216,
                    1,
                    317218,
                    35,
                    317255,
                    103,
                    317359,
                    7,
                    317367,
                    8,
                    318178,
                    1,
                    318180,
                    32,
                    318213,
                    3,
                    318217,
                    119,
                    319136,
                    4,
                    319142,
                    30,
                    319173,
                    102,
                    319276,
                    19,
                    320096,
                    2,
                    320102,
                    38,
                    320141,
                    96,
                    320238,
                    15,
                    321056,
                    1,
                    321060,
                    2,
                    321064,
                    128,
                    321193,
                    20,
                    321215,
                    1,
                    322018,
                    1,
                    322025,
                    147,
                    322986,
                    145,
                    323947,
                    53,
                    324001,
                    14,
                    324016,
                    48,
                    324065,
                    26,
                    324909,
                    40,
                    324950,
                    100,
                    325866,
                    1,
                    325870,
                    63,
                    325936,
                    32,
                    325969,
                    40,
                    326013,
                    1,
                    326825,
                    3,
                    326832,
                    40,
                    326873,
                    59,
                    326933,
                    34,
                    326972,
                    2,
                    327784,
                    1,
                    327790,
                    1,
                    327793,
                    91,
                    327885,
                    4,
                    327891,
                    35,
                    327931,
                    2,
                    328750,
                    2,
                    328754,
                    86,
                    328842,
                    43,
                    328887,
                    1,
                    329706,
                    1,
                    329712,
                    1,
                    329716,
                    82,
                    329799,
                    45,
                    329847,
                    1,
                    330677,
                    76,
                    330754,
                    49,
                    331633,
                    2,
                    331638,
                    76,
                    331715,
                    47,
                    331765,
                    2,
                    332594,
                    2,
                    332600,
                    120,
                    332724,
                    3,
                    333562,
                    117,
                    333684,
                    2,
                    334519,
                    1,
                    334525,
                    113,
                    334640,
                    1,
                    335472,
                    2,
                    335482,
                    1,
                    335486,
                    111,
                    335599,
                    2,
                    335606,
                    2,
                    336432,
                    2,
                    336441,
                    3,
                    336448,
                    107,
                    336559,
                    1,
                    336566,
                    2,
                    337396,
                    2,
                    337401,
                    2,
                    337406,
                    2,
                    337410,
                    104,
                    337522,
                    1,
                    338368,
                    1,
                    338372,
                    100,
                    339334,
                    97,
                    340297,
                    91,
                    341251,
                    3,
                    341259,
                    88,
                    342213,
                    5,
                    342221,
                    83,
                    342308,
                    3,
                    343176,
                    2,
                    343184,
                    77,
                    343271,
                    1,
                    344140,
                    2,
                    344146,
                    73,
                    344222,
                    4,
                    345092,
                    1,
                    345096,
                    3,
                    345110,
                    66,
                    345191,
                    1,
                    346074,
                    58,
                    347037,
                    54,
                    347992,
                    2,
                    348000,
                    46,
                    348952,
                    2,
                    348968,
                    32,
                    349010,
                    4,
                    349925,
                    3,
                    349939,
                    9,
                    349962,
                    14,
                    350887,
                    1,
                    350920,
                    4,
                    350934,
                    2,
                    351832,
                    5,
                    351852,
                    24,
                    352808,
                    3,
                    352816,
                    3,
                    352840,
                    2,
                    352848,
                    5
                ]
            }
        }
    ]
}