{
    "image_id": 40,
    "file_name": "Wheat_004_001_001_003.jpg",
    "width": 960,
    "height": 540,
    "annotations": [
        {
            "id": 1,
            "category_id": 4113,
            "bbox": [
                384,
                193,
                583,
                375
            ],
            "bbox_mode": 0,
            "segmentation": {
                "size": [
                    540,
                    960
                ],
                "counts": [
                    185710,
                    1,
                    187648,
                    4,
                    188641,
                    3,
                    190528,
                    8,
                    191484,
                    1,
                    191486,
                    1,
                    191488,
                    8,
                    192420,
                    3,
                    192424,
                    1,
                    192426,
                    2,
                    192430,
                    2,
                    192434,
                    3,
                    192438,
                    8,
                    192448,
                    10,
                    192459,
                    5,
                    192470,
                    2,
                    192474,
                    3,
                    192479,
                    1,
                    192485,
                    1,
                    192488,
                    2,
                    193377,
                    3,
                    193381,
                    1,
                    193383,
                    3,
                    193388,
                    1,
                    193392,
                    34,
                    193427,
                    8,
                    193442,
                    3,
                    193448,
                    1,
                    193451,
                    2,
                    194337,
                    2,
                    194340,
                    4,
                    194347,
                    46,
                    194395,
                    3,
                    194400,
                    1,
                    194410,
                    1,
                    194415,
                    1,
                    195296,
                    3,
                    195301,
                    1,
                    195303,
                    1,
                    195305,
                    51,
                    195357,
                    2,
                    195363,
                    4,
                    195368,
                    2,
                    195374,
                    2,
                    196258,
                    67,
                    196326,
                    2,
                    196332,
                    2,
                    197219,
                    2,
                    197222,
                    61,
                    197284,
                    2,
                    197287,
                    3,
                    198176,
                    70,
                    198247,
                    1,
                    198250,
                    1,
                    198255,
                    1,
                    199135,
                    75,
                    199211,
                    3,
                    200080,
                    1,
                    200084,
                    2,
                    200088,
                    1,
                    200092,
                    84,
                    200178,
                    1,
                    200181,
                    2,
                    201041,
                    3,
                    201045,
                    1,
                    201047,
                    4,
                    201052,
                    87,
                    201141,
                    2,
                    201148,
                    2,
                    201151,
                    1,
                    202004,
                    5,
                    202010,
                    91,
                    202103,
                    4,
                    202108,
                    1,
                    202110,
                    2,
                    202960,
                    1,
                    202965,
                    2,
                    202968,
                    2,
                    202971,
                    89,
                    203061,
                    4,
                    203066,
                    3,
                    203921,
                    2,
                    203924,
                    4,
                    203929,
                    97,
                    204028,
                    2,
                    204031,
                    1,
                    204883,
                    4,
                    204888,
                    97,
                    204986,
                    2,
                    204991,
                    1,
                    205840,
                    1,
                    205842,
                    3,
                    205846,
                    103,
                    206801,
                    108,
                    206910,
                    2,
                    207753,
                    2,
                    207759,
                    4,
                    207764,
                    110,
                    207876,
                    1,
                    207881,
                    2,
                    207884,
                    3,
                    208715,
                    2,
                    208721,
                    114,
                    208836,
                    3,
                    208846,
                    2,
                    209672,
                    1,
                    209675,
                    2,
                    209680,
                    1,
                    209682,
                    112,
                    209795,
                    2,
                    209802,
                    2,
                    209807,
                    1,
                    210632,
                    1,
                    210639,
                    119,
                    210763,
                    2,
                    211599,
                    121,
                    211727,
                    1,
                    212556,
                    2,
                    212559,
                    124,
                    213513,
                    2,
                    213516,
                    125,
                    213642,
                    2,
                    214473,
                    1,
                    214476,
                    1,
                    214478,
                    126,
                    214605,
                    2,
                    215435,
                    1,
                    215437,
                    126,
                    215564,
                    2,
                    215572,
                    3,
                    216390,
                    1,
                    216394,
                    131,
                    216526,
                    1,
                    216535,
                    1,
                    217352,
                    1,
                    217354,
                    135,
                    217491,
                    2,
                    217495,
                    1,
                    218313,
                    140,
                    219272,
                    1,
                    219274,
                    137,
                    219412,
                    2,
                    219421,
                    1,
                    220232,
                    141,
                    220379,
                    1,
                    220381,
                    1,
                    221192,
                    139,
                    221332,
                    2,
                    221335,
                    1,
                    222151,
                    143,
                    223104,
                    1,
                    223106,
                    3,
                    223110,
                    145,
                    223261,
                    1,
                    224066,
                    1,
                    224069,
                    1,
                    224071,
                    146,
                    224221,
                    1,
                    224223,
                    1,
                    225025,
                    2,
                    225029,
                    149,
                    225182,
                    2,
                    225988,
                    149,
                    226138,
                    1,
                    226140,
                    3,
                    226944,
                    1,
                    226947,
                    153,
                    227101,
                    1,
                    227103,
                    1,
                    227904,
                    1,
                    227907,
                    1,
                    227909,
                    150,
                    228060,
                    2,
                    228867,
                    1,
                    228869,
                    154,
                    229825,
                    1,
                    229827,
                    156,
                    230787,
                    158,
                    231747,
                    158,
                    231907,
                    2,
                    232708,
                    160,
                    232869,
                    2,
                    233665,
                    162,
                    233828,
                    1,
                    233830,
                    1,
                    234625,
                    162,
                    234788,
                    1,
                    234791,
                    1,
                    235585,
                    164,
                    235750,
                    2,
                    235754,
                    1,
                    236545,
                    164,
                    236711,
                    1,
                    236715,
                    1,
                    237505,
                    166,
                    238466,
                    166,
                    238636,
                    1,
                    238639,
                    1,
                    239424,
                    1,
                    239426,
                    166,
                    239593,
                    1,
                    239596,
                    2,
                    239599,
                    1,
                    240384,
                    1,
                    240386,
                    166,
                    240553,
                    3,
                    240557,
                    2,
                    241344,
                    1,
                    241346,
                    167,
                    241514,
                    6,
                    242306,
                    170,
                    242478,
                    2,
                    243267,
                    171,
                    244226,
                    172,
                    245186,
                    170,
                    245357,
                    1,
                    246146,
                    173,
                    246321,
                    2,
                    246324,
                    2,
                    247106,
                    172,
                    247279,
                    1,
                    247281,
                    2,
                    247284,
                    1,
                    247287,
                    1,
                    248066,
                    174,
                    248241,
                    1,
                    248244,
                    1,
                    248246,
                    2,
                    249026,
                    174,
                    249204,
                    1,
                    249206,
                    1,
                    249984,
                    1,
                    249986,
                    176,
                    250164,
                    2,
                    250944,
                    1,
                    250946,
                    176,
                    251123,
                    1,
                    251125,
                    1,
                    251904,
                    1,
                    251906,
                    175,
                    252082,
                    1,
                    252085,
                    1,
                    252864,
                    1,
                    252866,
                    178,
                    253045,
                    1,
                    253825,
                    181,
                    254785,
                    179,
                    254966,
                    1,
                    255745,
                    179,
                    255925,
                    2,
                    256705,
                    1,
                    256707,
                    177,
                    256886,
                    1,
                    257665,
                    2,
                    257668,
                    178,
                    258626,
                    2,
                    258629,
                    177,
                    258807,
                    1,
                    259586,
                    180,
                    259767,
                    1,
                    260544,
                    5,
                    260550,
                    177,
                    261506,
                    182,
                    261690,
                    3,
                    261694,
                    1,
                    262466,
                    183,
                    262651,
                    1,
                    263427,
                    183,
                    263612,
                    1,
                    263615,
                    1,
                    264387,
                    184,
                    264572,
                    2,
                    264575,
                    1,
                    265347,
                    3,
                    265351,
                    178,
                    265530,
                    1,
                    265533,
                    2,
                    266308,
                    183,
                    266493,
                    2,
                    267265,
                    1,
                    267268,
                    182,
                    267451,
                    1,
                    268225,
                    1,
                    268228,
                    184,
                    268413,
                    1,
                    269185,
                    1,
                    269188,
                    183,
                    269372,
                    1,
                    269375,
                    1,
                    270145,
                    1,
                    270148,
                    3,
                    270152,
                    179,
                    270332,
                    1,
                    270335,
                    1,
                    271105,
                    1,
                    271108,
                    183,
                    271293,
                    1,
                    272065,
                    1,
                    272069,
                    184,
                    272254,
                    1,
                    273030,
                    183,
                    273214,
                    1,
                    273989,
                    3,
                    273993,
                    179,
                    274174,
                    1,
                    274950,
                    5,
                    274956,
                    178,
                    275904,
                    1,
                    275910,
                    7,
                    275918,
                    177,
                    276872,
                    7,
                    276880,
                    174,
                    277832,
                    5,
                    277838,
                    1,
                    277840,
                    174,
                    278792,
                    184,
                    279752,
                    184,
                    280713,
                    5,
                    280720,
                    1,
                    280722,
                    174,
                    281673,
                    6,
                    281680,
                    1,
                    281682,
                    173,
                    282634,
                    182,
                    283584,
                    2,
                    283593,
                    9,
                    283603,
                    174,
                    284544,
                    2,
                    284552,
                    1,
                    284554,
                    9,
                    284564,
                    172,
                    284737,
                    1,
                    284740,
                    1,
                    285505,
                    1,
                    285514,
                    9,
                    285524,
                    172,
                    285697,
                    1,
                    285700,
                    1,
                    285702,
                    1,
                    286475,
                    9,
                    286485,
                    173,
                    286660,
                    1,
                    286662,
                    2,
                    287436,
                    8,
                    287445,
                    173,
                    287620,
                    1,
                    287622,
                    1,
                    288393,
                    1,
                    288396,
                    6,
                    288403,
                    1,
                    288406,
                    171,
                    288582,
                    1,
                    289352,
                    2,
                    289356,
                    181,
                    289542,
                    1,
                    290312,
                    1,
                    290317,
                    6,
                    290324,
                    2,
                    290328,
                    169,
                    290502,
                    1,
                    291275,
                    1,
                    291278,
                    6,
                    291285,
                    173,
                    291462,
                    1,
                    292237,
                    180,
                    292420,
                    1,
                    293192,
                    1,
                    293198,
                    12,
                    293211,
                    166,
                    293378,
                    1,
                    293380,
                    1,
                    294152,
                    2,
                    294160,
                    177,
                    294338,
                    1,
                    294340,
                    1,
                    295112,
                    3,
                    295120,
                    177,
                    295298,
                    1,
                    295300,
                    1,
                    296075,
                    2,
                    296081,
                    176,
                    296258,
                    1,
                    296260,
                    1,
                    297041,
                    176,
                    297218,
                    1,
                    297220,
                    1,
                    298002,
                    175,
                    298178,
                    1,
                    298180,
                    1,
                    298960,
                    1,
                    298963,
                    174,
                    299138,
                    1,
                    299140,
                    1,
                    299921,
                    1,
                    299924,
                    173,
                    300098,
                    1,
                    300102,
                    1,
                    300881,
                    1,
                    300884,
                    173,
                    301058,
                    1,
                    301062,
                    1,
                    301840,
                    1,
                    301845,
                    172,
                    302018,
                    1,
                    302022,
                    1,
                    302800,
                    1,
                    302806,
                    171,
                    302978,
                    1,
                    302982,
                    1,
                    303763,
                    1,
                    303766,
                    19,
                    303786,
                    1,
                    303788,
                    151,
                    304723,
                    1,
                    304726,
                    13,
                    304740,
                    8,
                    304749,
                    150,
                    305687,
                    15,
                    305704,
                    155,
                    306645,
                    1,
                    306649,
                    12,
                    306662,
                    8,
                    306671,
                    147,
                    307609,
                    168,
                    307783,
                    1,
                    308569,
                    23,
                    308593,
                    145,
                    309528,
                    1,
                    309531,
                    22,
                    309554,
                    144,
                    310492,
                    166,
                    310660,
                    2,
                    311453,
                    165,
                    311620,
                    2,
                    312410,
                    1,
                    312413,
                    165,
                    312580,
                    2,
                    312583,
                    1,
                    313369,
                    2,
                    313374,
                    164,
                    313543,
                    1,
                    314328,
                    1,
                    314336,
                    16,
                    314353,
                    145,
                    314499,
                    1,
                    315297,
                    159,
                    316257,
                    159,
                    317218,
                    155,
                    317374,
                    2,
                    318179,
                    25,
                    318205,
                    131,
                    319140,
                    156,
                    320097,
                    1,
                    320101,
                    154,
                    321057,
                    2,
                    321061,
                    146,
                    321208,
                    4,
                    321213,
                    2,
                    322023,
                    143,
                    322167,
                    3,
                    322171,
                    4,
                    322985,
                    140,
                    323126,
                    8,
                    323945,
                    43,
                    323989,
                    105,
                    324095,
                    1,
                    324907,
                    40,
                    324948,
                    2,
                    324952,
                    101,
                    325055,
                    1,
                    325868,
                    39,
                    325912,
                    101,
                    326014,
                    1,
                    326829,
                    35,
                    326875,
                    97,
                    326974,
                    1,
                    327786,
                    1,
                    327790,
                    34,
                    327834,
                    1,
                    327836,
                    87,
                    327924,
                    8,
                    327933,
                    2,
                    328746,
                    1,
                    328751,
                    32,
                    328792,
                    1,
                    328798,
                    93,
                    328893,
                    1,
                    329708,
                    2,
                    329713,
                    27,
                    329741,
                    2,
                    329752,
                    2,
                    329761,
                    72,
                    329834,
                    8,
                    329843,
                    8,
                    329852,
                    1,
                    329855,
                    1,
                    330672,
                    1,
                    330674,
                    29,
                    330709,
                    1,
                    330711,
                    1,
                    330722,
                    79,
                    330802,
                    8,
                    331635,
                    29,
                    331666,
                    1,
                    331668,
                    2,
                    331671,
                    1,
                    331684,
                    86,
                    331772,
                    1,
                    332596,
                    30,
                    332627,
                    1,
                    332645,
                    29,
                    332677,
                    52,
                    332732,
                    1,
                    333553,
                    2,
                    333558,
                    30,
                    333589,
                    1,
                    333591,
                    1,
                    333606,
                    29,
                    333638,
                    50,
                    333695,
                    1,
                    334513,
                    3,
                    334519,
                    31,
                    334551,
                    1,
                    334560,
                    1,
                    334565,
                    83,
                    334650,
                    1,
                    335475,
                    3,
                    335481,
                    31,
                    335520,
                    1,
                    335524,
                    9,
                    335534,
                    72,
                    335607,
                    1,
                    335609,
                    2,
                    336435,
                    3,
                    336442,
                    32,
                    336480,
                    1,
                    336482,
                    1,
                    336484,
                    43,
                    336529,
                    18,
                    336548,
                    17,
                    336569,
                    2,
                    337394,
                    1,
                    337399,
                    2,
                    337404,
                    31,
                    337442,
                    54,
                    337497,
                    28,
                    337533,
                    1,
                    338365,
                    32,
                    338398,
                    1,
                    338401,
                    19,
                    338421,
                    45,
                    338467,
                    17,
                    338487,
                    1,
                    339325,
                    34,
                    339360,
                    32,
                    339394,
                    6,
                    339401,
                    2,
                    339404,
                    40,
                    340289,
                    55,
                    340346,
                    21,
                    340368,
                    35,
                    340405,
                    1,
                    341250,
                    60,
                    341311,
                    51,
                    342212,
                    60,
                    342274,
                    7,
                    342283,
                    2,
                    342286,
                    34,
                    343163,
                    3,
                    343168,
                    2,
                    343173,
                    63,
                    343237,
                    42,
                    343280,
                    1,
                    343282,
                    2,
                    344129,
                    2,
                    344135,
                    65,
                    344201,
                    37,
                    344239,
                    1,
                    345080,
                    1,
                    345095,
                    1,
                    345097,
                    100,
                    345199,
                    2,
                    345205,
                    1,
                    346060,
                    96,
                    347020,
                    95,
                    347985,
                    87,
                    348944,
                    1,
                    348947,
                    83,
                    349901,
                    3,
                    349910,
                    79,
                    349992,
                    2,
                    350863,
                    1,
                    350871,
                    76,
                    350951,
                    2,
                    351830,
                    3,
                    351834,
                    71,
                    351910,
                    2,
                    351919,
                    1,
                    352779,
                    2,
                    352792,
                    2,
                    352798,
                    65,
                    352867,
                    2,
                    352874,
                    4,
                    353761,
                    61,
                    353823,
                    1,
                    354724,
                    55,
                    355680,
                    1,
                    355690,
                    44,
                    355743,
                    1,
                    356640,
                    2,
                    356647,
                    1,
                    356656,
                    32,
                    356694,
                    2,
                    356700,
                    4,
                    357608,
                    4,
                    357618,
                    24,
                    358572,
                    4,
                    358608,
                    2,
                    359520,
                    6,
                    359540,
                    4,
                    359560,
                    6,
                    359572,
                    4,
                    359579,
                    5,
                    360488,
                    3
                ]
            }
        }
    ]
}