{
    "image_id": 19,
    "file_name": "Wheat_002_001_002_002.jpg",
    "width": 960,
    "height": 540,
    "annotations": [
        {
            "id": 1,
            "category_id": 2122,
            "bbox": [
                406,
                152,
                591,
                383
            ],
            "bbox_mode": 0,
            "segmentation": {
                "size": [
                    540,
                    960
                ],
                "counts": [
                    146400,
                    1,
                    146409,
                    3,
                    146413,
                    1,
                    146415,
                    1,
                    146417,
                    1,
                    146422,
                    1,
                    146425,
                    1,
                    146427,
                    2,
                    146430,
                    2,
                    146436,
                    4,
                    146450,
                    1,
                    146452,
                    3,
                    147368,
                    2,
                    147371,
                    2,
                    147374,
                    1,
                    147376,
                    2,
                    147379,
                    2,
                    147382,
                    1,
                    147385,
                    2,
                    147390,
                    1,
                    147392,
                    3,
                    147399,
                    1,
                    147406,
                    2,
                    147411,
                    2,
                    148328,
                    1,
                    148331,
                    3,
                    148335,
                    1,
                    148337,
                    1,
                    148341,
                    2,
                    148344,
                    3,
                    148349,
                    11,
                    148361,
                    4,
                    148371,
                    8,
                    149288,
                    3,
                    149292,
                    2,
                    149295,
                    1,
                    149297,
                    4,
                    149302,
                    1,
                    149304,
                    24,
                    149329,
                    2,
                    149332,
                    2,
                    149335,
                    2,
                    150250,
                    1,
                    150252,
                    1,
                    150254,
                    2,
                    150257,
                    1,
                    150259,
                    3,
                    150263,
                    32,
                    151208,
                    1,
                    151211,
                    2,
                    151214,
                    41,
                    152160,
                    1,
                    152165,
                    55,
                    153125,
                    56,
                    154064,
                    1,
                    154074,
                    3,
                    154078,
                    3,
                    154082,
                    60,
                    154143,
                    1,
                    154145,
                    2,
                    154149,
                    1,
                    154152,
                    1,
                    154159,
                    1,
                    155032,
                    2,
                    155038,
                    2,
                    155041,
                    60,
                    155102,
                    3,
                    155106,
                    1,
                    155108,
                    1,
                    155110,
                    3,
                    155115,
                    2,
                    155119,
                    1,
                    155992,
                    2,
                    155998,
                    69,
                    156068,
                    2,
                    156075,
                    3,
                    156952,
                    2,
                    156955,
                    4,
                    156960,
                    68,
                    157030,
                    2,
                    157039,
                    1,
                    157912,
                    3,
                    157916,
                    1,
                    157918,
                    76,
                    157999,
                    1,
                    158864,
                    1,
                    158872,
                    83,
                    158959,
                    1,
                    159824,
                    1,
                    159829,
                    82,
                    159913,
                    2,
                    159918,
                    1,
                    160789,
                    84,
                    160874,
                    2,
                    160877,
                    2,
                    161736,
                    1,
                    161738,
                    3,
                    161742,
                    3,
                    161746,
                    88,
                    161835,
                    3,
                    161840,
                    7,
                    162696,
                    1,
                    162698,
                    4,
                    162703,
                    3,
                    162707,
                    92,
                    162800,
                    1,
                    162802,
                    2,
                    162807,
                    1,
                    163656,
                    3,
                    163660,
                    1,
                    163662,
                    96,
                    163762,
                    4,
                    164617,
                    1,
                    164620,
                    3,
                    164624,
                    1,
                    164626,
                    95,
                    164722,
                    1,
                    164725,
                    1,
                    165576,
                    110,
                    165687,
                    1,
                    166538,
                    4,
                    166543,
                    101,
                    166646,
                    2,
                    167496,
                    2,
                    167499,
                    104,
                    167604,
                    4,
                    168459,
                    106,
                    168566,
                    2,
                    169408,
                    2,
                    169413,
                    2,
                    169417,
                    110,
                    169534,
                    2,
                    170368,
                    1,
                    170370,
                    2,
                    170375,
                    1,
                    170377,
                    108,
                    170486,
                    2,
                    170490,
                    2,
                    171329,
                    117,
                    171447,
                    1,
                    171451,
                    2,
                    172289,
                    2,
                    172292,
                    115,
                    172413,
                    3,
                    173248,
                    6,
                    173255,
                    114,
                    173375,
                    1,
                    174208,
                    1,
                    174210,
                    120,
                    175168,
                    120,
                    175289,
                    2,
                    176117,
                    1,
                    176128,
                    121,
                    176251,
                    2,
                    177077,
                    1,
                    177081,
                    1,
                    177084,
                    2,
                    177087,
                    129,
                    178040,
                    1,
                    178042,
                    1,
                    178045,
                    125,
                    178171,
                    2,
                    178174,
                    2,
                    179000,
                    3,
                    179004,
                    1,
                    179006,
                    127,
                    179961,
                    4,
                    179966,
                    126,
                    180093,
                    3,
                    180922,
                    130,
                    181054,
                    1,
                    181880,
                    3,
                    181884,
                    131,
                    182840,
                    1,
                    182845,
                    130,
                    183803,
                    133,
                    184752,
                    1,
                    184755,
                    1,
                    184760,
                    1,
                    184762,
                    136,
                    184900,
                    1,
                    184902,
                    2,
                    185716,
                    3,
                    185720,
                    137,
                    185861,
                    2,
                    186673,
                    1,
                    186676,
                    2,
                    186680,
                    140,
                    186822,
                    1,
                    187633,
                    2,
                    187636,
                    1,
                    187638,
                    140,
                    187779,
                    1,
                    187781,
                    2,
                    188594,
                    2,
                    188598,
                    141,
                    188741,
                    3,
                    189552,
                    1,
                    189557,
                    142,
                    189700,
                    4,
                    190512,
                    1,
                    190514,
                    1,
                    190517,
                    141,
                    190659,
                    1,
                    190661,
                    1,
                    190663,
                    1,
                    191474,
                    1,
                    191476,
                    145,
                    191622,
                    1,
                    192432,
                    1,
                    192436,
                    147,
                    193393,
                    1,
                    193395,
                    145,
                    193541,
                    1,
                    193543,
                    1,
                    194353,
                    149,
                    194503,
                    1,
                    195315,
                    146,
                    196270,
                    1,
                    196274,
                    148,
                    197229,
                    153,
                    197383,
                    1,
                    198188,
                    3,
                    198193,
                    149,
                    198343,
                    1,
                    199148,
                    3,
                    199152,
                    151,
                    200105,
                    1,
                    200108,
                    2,
                    200111,
                    154,
                    200267,
                    1,
                    200271,
                    1,
                    201065,
                    1,
                    201067,
                    1,
                    201070,
                    154,
                    201227,
                    2,
                    202025,
                    1,
                    202027,
                    1,
                    202029,
                    154,
                    202985,
                    1,
                    202988,
                    157,
                    203149,
                    1,
                    203948,
                    157,
                    204110,
                    1,
                    204904,
                    1,
                    204906,
                    158,
                    205066,
                    1,
                    205070,
                    2,
                    205864,
                    1,
                    205866,
                    1,
                    205868,
                    157,
                    206026,
                    1,
                    206824,
                    2,
                    206827,
                    160,
                    207784,
                    1,
                    207786,
                    162,
                    207950,
                    2,
                    208742,
                    2,
                    208745,
                    160,
                    208907,
                    1,
                    208910,
                    1,
                    209704,
                    162,
                    210664,
                    163,
                    210828,
                    2,
                    210831,
                    1,
                    211616,
                    1,
                    211622,
                    2,
                    211625,
                    162,
                    211788,
                    4,
                    212581,
                    166,
                    212748,
                    4,
                    213539,
                    3,
                    213544,
                    162,
                    213709,
                    1,
                    213711,
                    1,
                    214499,
                    1,
                    214502,
                    165,
                    214669,
                    1,
                    214671,
                    1,
                    215457,
                    2,
                    215460,
                    167,
                    215629,
                    1,
                    216417,
                    2,
                    216420,
                    167,
                    216589,
                    1,
                    217381,
                    166,
                    218337,
                    172,
                    218510,
                    1,
                    219297,
                    3,
                    219301,
                    168,
                    219470,
                    1,
                    220258,
                    1,
                    220260,
                    169,
                    220430,
                    1,
                    221218,
                    171,
                    221390,
                    1,
                    222177,
                    171,
                    222349,
                    1,
                    223137,
                    1,
                    223139,
                    169,
                    223309,
                    1,
                    224096,
                    172,
                    224269,
                    1,
                    225056,
                    174,
                    226017,
                    1,
                    226019,
                    171,
                    226976,
                    174,
                    227937,
                    173,
                    228896,
                    174,
                    229856,
                    174,
                    230031,
                    1,
                    230808,
                    1,
                    230810,
                    2,
                    230813,
                    1,
                    230816,
                    173,
                    230991,
                    1,
                    231768,
                    1,
                    231776,
                    173,
                    231951,
                    1,
                    232728,
                    2,
                    232732,
                    1,
                    232735,
                    174,
                    233689,
                    1,
                    233692,
                    1,
                    233694,
                    176,
                    234648,
                    2,
                    234654,
                    176,
                    235608,
                    2,
                    235611,
                    1,
                    235614,
                    176,
                    235791,
                    1,
                    236569,
                    1,
                    236571,
                    1,
                    236573,
                    177,
                    237528,
                    4,
                    237533,
                    1,
                    237535,
                    175,
                    238489,
                    1,
                    238492,
                    179,
                    239449,
                    1,
                    239452,
                    179,
                    240409,
                    1,
                    240412,
                    179,
                    241369,
                    2,
                    241372,
                    1,
                    241374,
                    175,
                    241550,
                    1,
                    242330,
                    180,
                    243290,
                    180,
                    244248,
                    1,
                    244250,
                    1,
                    244252,
                    177,
                    244431,
                    1,
                    245208,
                    2,
                    245212,
                    177,
                    245391,
                    1,
                    246170,
                    1,
                    246172,
                    177,
                    246350,
                    1,
                    247130,
                    1,
                    247132,
                    179,
                    248092,
                    179,
                    249050,
                    1,
                    249052,
                    179,
                    250010,
                    179,
                    250970,
                    179,
                    251930,
                    179,
                    252890,
                    180,
                    253850,
                    181,
                    254811,
                    178,
                    254990,
                    1,
                    255769,
                    179,
                    255949,
                    2,
                    256728,
                    1,
                    256730,
                    178,
                    256909,
                    2,
                    257688,
                    180,
                    258648,
                    180,
                    258831,
                    1,
                    259609,
                    178,
                    259791,
                    1,
                    260569,
                    178,
                    260748,
                    1,
                    260751,
                    1,
                    261526,
                    1,
                    261528,
                    179,
                    261710,
                    1,
                    262486,
                    1,
                    262490,
                    177,
                    262668,
                    1,
                    262670,
                    1,
                    263446,
                    1,
                    263448,
                    181,
                    263630,
                    1,
                    264406,
                    1,
                    264408,
                    181,
                    265366,
                    1,
                    265368,
                    180,
                    266326,
                    1,
                    266328,
                    179,
                    267286,
                    1,
                    267288,
                    179,
                    268246,
                    1,
                    268248,
                    178,
                    268428,
                    2,
                    269206,
                    1,
                    269208,
                    179,
                    270168,
                    179,
                    271128,
                    178,
                    271308,
                    1,
                    272088,
                    178,
                    272267,
                    2,
                    273048,
                    178,
                    273227,
                    2,
                    273231,
                    1,
                    274008,
                    175,
                    274184,
                    2,
                    274188,
                    1,
                    274191,
                    1,
                    274968,
                    178,
                    275928,
                    176,
                    276105,
                    1,
                    276110,
                    1,
                    276889,
                    175,
                    277850,
                    174,
                    278810,
                    174,
                    279770,
                    173,
                    280729,
                    175,
                    281690,
                    171,
                    281862,
                    2,
                    282648,
                    1,
                    282650,
                    174,
                    283608,
                    1,
                    283610,
                    172,
                    284569,
                    173,
                    284743,
                    1,
                    285528,
                    174,
                    285703,
                    1,
                    286488,
                    176,
                    287449,
                    175,
                    288409,
                    172,
                    288583,
                    1,
                    289369,
                    171,
                    290328,
                    1,
                    290331,
                    169,
                    290502,
                    1,
                    291288,
                    172,
                    291462,
                    1,
                    292249,
                    167,
                    292417,
                    2,
                    292421,
                    1,
                    292423,
                    1,
                    293209,
                    1,
                    293211,
                    168,
                    293381,
                    1,
                    294168,
                    1,
                    294170,
                    1,
                    294172,
                    167,
                    294341,
                    2,
                    295128,
                    1,
                    295130,
                    168,
                    295299,
                    1,
                    295301,
                    2,
                    296088,
                    1,
                    296091,
                    166,
                    296259,
                    1,
                    296262,
                    1,
                    297049,
                    164,
                    297214,
                    3,
                    297219,
                    1,
                    298009,
                    1,
                    298011,
                    165,
                    298177,
                    1,
                    298183,
                    1,
                    298970,
                    1,
                    298972,
                    164,
                    299137,
                    1,
                    299139,
                    3,
                    299143,
                    1,
                    299929,
                    1,
                    299933,
                    163,
                    300889,
                    1,
                    300893,
                    1,
                    300895,
                    160,
                    301851,
                    1,
                    301853,
                    162,
                    302811,
                    1,
                    302814,
                    161,
                    303768,
                    1,
                    303771,
                    1,
                    303774,
                    160,
                    304728,
                    1,
                    304731,
                    1,
                    304733,
                    161,
                    305691,
                    1,
                    305693,
                    160,
                    305855,
                    1,
                    306649,
                    4,
                    306654,
                    158,
                    306815,
                    1,
                    307609,
                    1,
                    307612,
                    3,
                    307616,
                    156,
                    308569,
                    1,
                    308573,
                    150,
                    308724,
                    7,
                    308734,
                    1,
                    309529,
                    2,
                    309533,
                    158,
                    309693,
                    1,
                    310490,
                    1,
                    310494,
                    148,
                    310643,
                    7,
                    310652,
                    1,
                    311454,
                    156,
                    311611,
                    2,
                    312408,
                    1,
                    312414,
                    147,
                    312562,
                    7,
                    312571,
                    2,
                    313368,
                    1,
                    313372,
                    1,
                    313377,
                    151,
                    313533,
                    1,
                    314328,
                    1,
                    314332,
                    1,
                    314336,
                    151,
                    314489,
                    1,
                    314491,
                    1,
                    314493,
                    2,
                    315296,
                    152,
                    316256,
                    151,
                    317217,
                    2,
                    317220,
                    138,
                    317359,
                    7,
                    318177,
                    140,
                    318318,
                    7,
                    319137,
                    147,
                    320096,
                    1,
                    320098,
                    146,
                    320247,
                    1,
                    321058,
                    147,
                    321207,
                    1,
                    322017,
                    145,
                    322164,
                    1,
                    322167,
                    1,
                    322979,
                    144,
                    323125,
                    1,
                    323936,
                    1,
                    323939,
                    143,
                    324085,
                    1,
                    324896,
                    1,
                    324900,
                    128,
                    325029,
                    12,
                    325045,
                    1,
                    325860,
                    140,
                    326818,
                    1,
                    326821,
                    138,
                    326964,
                    1,
                    327776,
                    1,
                    327781,
                    137,
                    327922,
                    3,
                    328736,
                    1,
                    328742,
                    136,
                    329699,
                    2,
                    329703,
                    116,
                    329820,
                    17,
                    329838,
                    1,
                    329847,
                    1,
                    330664,
                    7,
                    330672,
                    111,
                    330784,
                    12,
                    331624,
                    118,
                    331743,
                    12,
                    332585,
                    109,
                    332695,
                    5,
                    332701,
                    13,
                    333545,
                    128,
                    334506,
                    105,
                    334612,
                    20,
                    335466,
                    126,
                    336424,
                    1,
                    336427,
                    101,
                    336529,
                    21,
                    336554,
                    2,
                    337384,
                    2,
                    337388,
                    99,
                    337488,
                    21,
                    337511,
                    1,
                    338344,
                    1,
                    338348,
                    120,
                    339306,
                    1,
                    339309,
                    95,
                    339405,
                    23,
                    340266,
                    1,
                    340270,
                    93,
                    340364,
                    22,
                    340388,
                    3,
                    341226,
                    1,
                    341230,
                    23,
                    341254,
                    67,
                    341322,
                    24,
                    341349,
                    2,
                    342191,
                    21,
                    342213,
                    91,
                    342306,
                    1,
                    342311,
                    1,
                    343144,
                    1,
                    343149,
                    1,
                    343152,
                    30,
                    343183,
                    80,
                    343266,
                    2,
                    343271,
                    1,
                    344112,
                    20,
                    344134,
                    9,
                    344144,
                    79,
                    344226,
                    2,
                    345066,
                    2,
                    345071,
                    1,
                    345074,
                    31,
                    345106,
                    75,
                    345183,
                    1,
                    345188,
                    2,
                    346032,
                    1,
                    346035,
                    31,
                    346067,
                    74,
                    346995,
                    31,
                    347027,
                    72,
                    347953,
                    2,
                    347957,
                    29,
                    347987,
                    70,
                    348062,
                    2,
                    348913,
                    2,
                    348918,
                    99,
                    349021,
                    2,
                    349872,
                    2,
                    349878,
                    63,
                    349942,
                    32,
                    349976,
                    2,
                    349979,
                    3,
                    350832,
                    1,
                    350836,
                    2,
                    350840,
                    27,
                    350868,
                    30,
                    350899,
                    34,
                    350940,
                    2,
                    351792,
                    1,
                    351796,
                    2,
                    351801,
                    26,
                    351828,
                    64,
                    351894,
                    2,
                    352763,
                    87,
                    352853,
                    1,
                    352856,
                    1,
                    353723,
                    85,
                    354680,
                    1,
                    354684,
                    25,
                    354712,
                    55,
                    355640,
                    2,
                    355647,
                    79,
                    356600,
                    2,
                    356608,
                    76,
                    357562,
                    6,
                    357570,
                    72,
                    358532,
                    68,
                    359488,
                    1,
                    359494,
                    64,
                    359559,
                    1,
                    359564,
                    2,
                    360450,
                    2,
                    360457,
                    58,
                    360518,
                    2,
                    360524,
                    2,
                    361418,
                    54,
                    362379,
                    51,
                    363341,
                    46,
                    363391,
                    1,
                    364296,
                    2,
                    364303,
                    1,
                    364306,
                    38,
                    364351,
                    1,
                    365256,
                    2,
                    365263,
                    1,
                    365270,
                    29,
                    365306,
                    3,
                    366223,
                    2,
                    366235,
                    15,
                    366264,
                    3,
                    366271,
                    1,
                    367188,
                    4,
                    367216,
                    5,
                    367229,
                    3,
                    368136,
                    2,
                    368152,
                    2,
                    368164,
                    4,
                    368187,
                    2
                ]
            }
        }
    ]
}