{
    "image_id": 9,
    "file_name": "Wheat_001_001_003_000.jpg",
    "width": 960,
    "height": 540,
    "annotations": [
        {
            "id": 1,
            "category_id": 1130,
            "bbox": [
                400,
                130,
                607,
                374
            ],
            "bbox_mode": 0,
            "segmentation": {
                "size": [
                    540,
                    960
                ],
                "counts": [
                    125282,
                    1,
                    125284,
                    1,
                    127231,
                    1,
                    128186,
                    3,
                    128191,
                    1,
                    131040,
                    1,
                    131049,
                    1,
                    131059,
                    4,
                    131066,
                    2,
                    131071,
                    1,
                    132000,
                    1,
                    132003,
                    15,
                    132022,
                    5,
                    132030,
                    2,
                    132960,
                    2,
                    132967,
                    1,
                    132976,
                    1,
                    132979,
                    2,
                    132983,
                    1,
                    132990,
                    1,
                    132992,
                    3,
                    133926,
                    2,
                    133936,
                    1,
                    133943,
                    7,
                    134892,
                    3,
                    134899,
                    3,
                    135842,
                    3,
                    135846,
                    2,
                    135852,
                    2,
                    135856,
                    13,
                    136800,
                    1,
                    136802,
                    13,
                    136817,
                    6,
                    136824,
                    5,
                    136832,
                    4,
                    137756,
                    41,
                    138695,
                    2,
                    138698,
                    1,
                    138700,
                    3,
                    138713,
                    5,
                    138719,
                    41,
                    138766,
                    3,
                    138771,
                    3,
                    138784,
                    4,
                    139657,
                    3,
                    139661,
                    1,
                    139663,
                    1,
                    139668,
                    58,
                    139727,
                    1,
                    139735,
                    1,
                    139745,
                    1,
                    139755,
                    1,
                    140617,
                    2,
                    140620,
                    2,
                    140623,
                    1,
                    140627,
                    3,
                    140631,
                    57,
                    140689,
                    4,
                    141577,
                    2,
                    141580,
                    1,
                    141584,
                    65,
                    141651,
                    2,
                    141655,
                    1,
                    141659,
                    1,
                    142541,
                    73,
                    142615,
                    1,
                    142617,
                    1,
                    143500,
                    77,
                    144456,
                    80,
                    144553,
                    1,
                    145415,
                    84,
                    145500,
                    2,
                    145510,
                    1,
                    145513,
                    1,
                    146363,
                    1,
                    146374,
                    84,
                    146459,
                    2,
                    146464,
                    1,
                    146467,
                    3,
                    146473,
                    1,
                    147320,
                    1,
                    147328,
                    3,
                    147332,
                    88,
                    147421,
                    2,
                    147428,
                    2,
                    147431,
                    1,
                    148285,
                    2,
                    148291,
                    91,
                    148383,
                    2,
                    148386,
                    3,
                    149242,
                    1,
                    149246,
                    1,
                    149248,
                    3,
                    149252,
                    95,
                    149351,
                    1,
                    149358,
                    1,
                    150201,
                    2,
                    150206,
                    3,
                    150210,
                    99,
                    151161,
                    2,
                    151164,
                    108,
                    152123,
                    110,
                    153083,
                    111,
                    154022,
                    1,
                    154032,
                    3,
                    154036,
                    1,
                    154039,
                    1,
                    154042,
                    113,
                    154156,
                    2,
                    154161,
                    2,
                    154165,
                    1,
                    154167,
                    1,
                    154992,
                    3,
                    154997,
                    3,
                    155001,
                    1,
                    155003,
                    113,
                    155117,
                    3,
                    155121,
                    1,
                    155125,
                    3,
                    155954,
                    1,
                    155957,
                    127,
                    156087,
                    1,
                    156912,
                    1,
                    156916,
                    1,
                    156918,
                    120,
                    157043,
                    2,
                    157046,
                    2,
                    157054,
                    2,
                    157857,
                    1,
                    157868,
                    4,
                    157873,
                    5,
                    157879,
                    121,
                    158001,
                    2,
                    158004,
                    2,
                    158014,
                    2,
                    158828,
                    2,
                    158832,
                    1,
                    158835,
                    127,
                    158965,
                    2,
                    158970,
                    2,
                    159776,
                    1,
                    159792,
                    1,
                    159795,
                    125,
                    159921,
                    2,
                    159924,
                    1,
                    159931,
                    1,
                    160745,
                    1,
                    160753,
                    128,
                    160882,
                    1,
                    160884,
                    3,
                    161706,
                    2,
                    161712,
                    132,
                    161845,
                    2,
                    161848,
                    3,
                    161853,
                    1,
                    161855,
                    1,
                    162663,
                    1,
                    162666,
                    1,
                    162668,
                    1,
                    162672,
                    134,
                    162807,
                    1,
                    163623,
                    2,
                    163627,
                    1,
                    163630,
                    142,
                    163775,
                    1,
                    164584,
                    1,
                    164588,
                    140,
                    164731,
                    2,
                    165540,
                    2,
                    165544,
                    4,
                    165549,
                    139,
                    165695,
                    1,
                    166500,
                    2,
                    166506,
                    145,
                    167460,
                    1,
                    167464,
                    2,
                    167467,
                    144,
                    167612,
                    1,
                    167614,
                    1,
                    168420,
                    1,
                    168424,
                    147,
                    168573,
                    2,
                    169376,
                    1,
                    169380,
                    2,
                    169385,
                    148,
                    169541,
                    2,
                    169544,
                    4,
                    170336,
                    1,
                    170343,
                    150,
                    170494,
                    2,
                    170497,
                    3,
                    170504,
                    4,
                    171298,
                    1,
                    171303,
                    153,
                    171458,
                    2,
                    171463,
                    1,
                    171466,
                    1,
                    172257,
                    2,
                    172262,
                    153,
                    172420,
                    1,
                    172423,
                    1,
                    173217,
                    2,
                    173221,
                    156,
                    173380,
                    2,
                    174177,
                    1,
                    174180,
                    159,
                    174341,
                    2,
                    174348,
                    2,
                    175137,
                    1,
                    175140,
                    157,
                    175298,
                    1,
                    175301,
                    2,
                    175309,
                    1,
                    176097,
                    1,
                    176100,
                    1,
                    176102,
                    157,
                    176261,
                    2,
                    176269,
                    1,
                    177057,
                    163,
                    177221,
                    1,
                    177223,
                    1,
                    178017,
                    163,
                    178181,
                    1,
                    178183,
                    2,
                    178976,
                    1,
                    178978,
                    162,
                    179141,
                    3,
                    179145,
                    1,
                    179937,
                    166,
                    180897,
                    163,
                    181061,
                    1,
                    181065,
                    1,
                    181855,
                    167,
                    182816,
                    168,
                    183775,
                    167,
                    183947,
                    1,
                    184728,
                    2,
                    184731,
                    1,
                    184734,
                    171,
                    184907,
                    1,
                    184910,
                    1,
                    185682,
                    2,
                    185688,
                    1,
                    185691,
                    1,
                    185694,
                    171,
                    185867,
                    2,
                    186650,
                    1,
                    186653,
                    1,
                    186655,
                    169,
                    186828,
                    1,
                    186831,
                    1,
                    187609,
                    2,
                    187613,
                    174,
                    187789,
                    1,
                    187791,
                    1,
                    188564,
                    1,
                    188568,
                    3,
                    188572,
                    173,
                    188746,
                    1,
                    188749,
                    2,
                    189524,
                    1,
                    189529,
                    178,
                    189709,
                    2,
                    190489,
                    1,
                    190491,
                    1,
                    190493,
                    174,
                    190670,
                    1,
                    191448,
                    2,
                    191451,
                    1,
                    191453,
                    176,
                    191631,
                    1,
                    192406,
                    2,
                    192409,
                    179,
                    192589,
                    3,
                    193366,
                    2,
                    193370,
                    1,
                    193372,
                    176,
                    193549,
                    1,
                    194326,
                    2,
                    194329,
                    181,
                    194511,
                    1,
                    195287,
                    1,
                    195290,
                    179,
                    195471,
                    1,
                    196248,
                    184,
                    197208,
                    184,
                    198168,
                    185,
                    199128,
                    185,
                    200083,
                    2,
                    200086,
                    187,
                    200275,
                    1,
                    200277,
                    2,
                    201043,
                    2,
                    201047,
                    1,
                    201049,
                    183,
                    201235,
                    2,
                    202007,
                    188,
                    202962,
                    2,
                    202967,
                    193,
                    203925,
                    188,
                    204114,
                    3,
                    204119,
                    1,
                    204882,
                    2,
                    204885,
                    1,
                    204887,
                    188,
                    205079,
                    1,
                    205087,
                    1,
                    205840,
                    2,
                    205843,
                    1,
                    205845,
                    1,
                    205847,
                    187,
                    206035,
                    1,
                    206047,
                    1,
                    206800,
                    2,
                    206803,
                    1,
                    206805,
                    1,
                    206807,
                    189,
                    206997,
                    1,
                    207000,
                    2,
                    207006,
                    2,
                    207762,
                    1,
                    207765,
                    1,
                    207767,
                    189,
                    207957,
                    2,
                    207960,
                    2,
                    208724,
                    191,
                    208918,
                    1,
                    209684,
                    1,
                    209686,
                    191,
                    209878,
                    1,
                    210644,
                    193,
                    210838,
                    1,
                    210840,
                    2,
                    211603,
                    193,
                    211797,
                    2,
                    211800,
                    1,
                    212563,
                    1,
                    212565,
                    194,
                    213520,
                    1,
                    213523,
                    196,
                    214480,
                    1,
                    214482,
                    197,
                    215441,
                    1,
                    215444,
                    195,
                    216401,
                    1,
                    216404,
                    196,
                    217360,
                    2,
                    217364,
                    194,
                    218320,
                    1,
                    218324,
                    196,
                    219280,
                    1,
                    219282,
                    198,
                    220240,
                    1,
                    220242,
                    198,
                    220442,
                    1,
                    221202,
                    198,
                    221402,
                    1,
                    222162,
                    197,
                    222362,
                    1,
                    223122,
                    198,
                    223324,
                    1,
                    224081,
                    198,
                    224280,
                    1,
                    224284,
                    1,
                    225041,
                    200,
                    226001,
                    1,
                    226003,
                    200,
                    226206,
                    1,
                    226961,
                    199,
                    227161,
                    2,
                    227166,
                    1,
                    227921,
                    200,
                    228122,
                    1,
                    228125,
                    2,
                    228881,
                    200,
                    229082,
                    1,
                    229085,
                    2,
                    229840,
                    201,
                    230042,
                    1,
                    230045,
                    2,
                    230800,
                    1,
                    230802,
                    200,
                    231003,
                    2,
                    231007,
                    1,
                    231760,
                    1,
                    231762,
                    200,
                    231964,
                    1,
                    231967,
                    1,
                    232720,
                    1,
                    232722,
                    200,
                    232924,
                    1,
                    233680,
                    1,
                    233682,
                    200,
                    233884,
                    1,
                    234640,
                    1,
                    234642,
                    200,
                    234843,
                    3,
                    235600,
                    1,
                    235603,
                    200,
                    235805,
                    1,
                    235807,
                    1,
                    236562,
                    200,
                    236763,
                    1,
                    236765,
                    1,
                    236767,
                    1,
                    237522,
                    1,
                    237524,
                    198,
                    237723,
                    1,
                    237725,
                    1,
                    237727,
                    1,
                    238482,
                    200,
                    238683,
                    1,
                    238685,
                    2,
                    239440,
                    1,
                    239442,
                    200,
                    239646,
                    1,
                    240400,
                    1,
                    240402,
                    200,
                    241360,
                    1,
                    241362,
                    200,
                    242322,
                    200,
                    243282,
                    200,
                    244242,
                    200,
                    244447,
                    1,
                    245202,
                    1,
                    245204,
                    198,
                    245403,
                    2,
                    245407,
                    1,
                    246160,
                    1,
                    246162,
                    1,
                    246164,
                    200,
                    247120,
                    1,
                    247122,
                    1,
                    247124,
                    200,
                    247326,
                    1,
                    248080,
                    1,
                    248082,
                    1,
                    248084,
                    199,
                    248286,
                    1,
                    249040,
                    1,
                    249042,
                    201,
                    249245,
                    2,
                    250001,
                    202,
                    250205,
                    2,
                    250961,
                    202,
                    251166,
                    1,
                    251921,
                    203,
                    252126,
                    1,
                    252881,
                    203,
                    253840,
                    202,
                    254044,
                    2,
                    254802,
                    200,
                    255004,
                    1,
                    255007,
                    1,
                    255761,
                    200,
                    255962,
                    1,
                    255964,
                    1,
                    255967,
                    1,
                    256722,
                    2,
                    256725,
                    196,
                    256922,
                    1,
                    256927,
                    1,
                    257682,
                    201,
                    257887,
                    1,
                    258642,
                    198,
                    258841,
                    2,
                    258844,
                    1,
                    258847,
                    1,
                    259602,
                    1,
                    259604,
                    196,
                    259801,
                    2,
                    259804,
                    1,
                    260561,
                    1,
                    260563,
                    200,
                    260764,
                    2,
                    261520,
                    1,
                    261523,
                    197,
                    261721,
                    2,
                    262480,
                    1,
                    262483,
                    6,
                    262490,
                    190,
                    262682,
                    1,
                    263440,
                    1,
                    263443,
                    198,
                    263642,
                    1,
                    263644,
                    1,
                    263647,
                    1,
                    264403,
                    199,
                    264603,
                    2,
                    264607,
                    1,
                    265364,
                    7,
                    265372,
                    190,
                    265566,
                    2,
                    266321,
                    1,
                    266324,
                    7,
                    266334,
                    188,
                    267281,
                    1,
                    267284,
                    7,
                    267292,
                    2,
                    267295,
                    187,
                    268241,
                    1,
                    268245,
                    6,
                    268253,
                    190,
                    269204,
                    9,
                    269214,
                    1,
                    269216,
                    1,
                    269218,
                    181,
                    269400,
                    2,
                    269403,
                    1,
                    270164,
                    9,
                    270174,
                    1,
                    270179,
                    183,
                    270363,
                    1,
                    271124,
                    9,
                    271134,
                    1,
                    271137,
                    181,
                    271319,
                    3,
                    271323,
                    1,
                    272085,
                    7,
                    272094,
                    1,
                    272098,
                    1,
                    272100,
                    176,
                    272278,
                    4,
                    273046,
                    6,
                    273054,
                    1,
                    273056,
                    1,
                    273060,
                    174,
                    273236,
                    1,
                    273238,
                    3,
                    273246,
                    1,
                    274006,
                    7,
                    274014,
                    1,
                    274016,
                    1,
                    274019,
                    1,
                    274021,
                    173,
                    274198,
                    3,
                    274203,
                    1,
                    274206,
                    1,
                    274966,
                    7,
                    274974,
                    1,
                    274976,
                    1,
                    274979,
                    1,
                    274981,
                    172,
                    275154,
                    1,
                    275158,
                    3,
                    275163,
                    1,
                    275166,
                    1,
                    275926,
                    7,
                    275934,
                    1,
                    275936,
                    1,
                    275939,
                    1,
                    275941,
                    175,
                    276118,
                    3,
                    276122,
                    2,
                    276126,
                    1,
                    276888,
                    5,
                    276899,
                    1,
                    276901,
                    179,
                    277848,
                    5,
                    277859,
                    1,
                    277861,
                    173,
                    278035,
                    1,
                    278038,
                    2,
                    278808,
                    5,
                    278819,
                    1,
                    278821,
                    173,
                    278995,
                    1,
                    278997,
                    3,
                    279768,
                    5,
                    279775,
                    1,
                    279779,
                    1,
                    279781,
                    171,
                    279956,
                    4,
                    280729,
                    5,
                    280742,
                    171,
                    280915,
                    1,
                    280917,
                    2,
                    281689,
                    5,
                    281700,
                    1,
                    281702,
                    177,
                    282649,
                    5,
                    282662,
                    177,
                    283610,
                    5,
                    283617,
                    1,
                    283621,
                    177,
                    283799,
                    1,
                    284570,
                    6,
                    284580,
                    1,
                    284582,
                    177,
                    285530,
                    8,
                    285540,
                    2,
                    285543,
                    167,
                    285711,
                    7,
                    286488,
                    1,
                    286491,
                    8,
                    286501,
                    160,
                    286662,
                    16,
                    286679,
                    1,
                    287451,
                    10,
                    287462,
                    158,
                    287621,
                    3,
                    287625,
                    13,
                    287639,
                    1,
                    288411,
                    169,
                    288581,
                    3,
                    288585,
                    4,
                    288590,
                    8,
                    288599,
                    1,
                    289371,
                    168,
                    289541,
                    7,
                    289549,
                    8,
                    290332,
                    166,
                    290500,
                    5,
                    290506,
                    11,
                    291293,
                    13,
                    291307,
                    151,
                    291460,
                    5,
                    291466,
                    11,
                    291478,
                    1,
                    292253,
                    16,
                    292270,
                    146,
                    292419,
                    16,
                    292437,
                    2,
                    293213,
                    163,
                    293378,
                    8,
                    293387,
                    8,
                    293397,
                    2,
                    294174,
                    20,
                    294195,
                    141,
                    294338,
                    17,
                    295131,
                    1,
                    295134,
                    159,
                    295300,
                    5,
                    295306,
                    9,
                    295316,
                    1,
                    296091,
                    1,
                    296095,
                    22,
                    296118,
                    136,
                    296255,
                    1,
                    296263,
                    11,
                    296276,
                    1,
                    297051,
                    1,
                    297056,
                    23,
                    297082,
                    128,
                    297222,
                    1,
                    297225,
                    9,
                    298011,
                    2,
                    298016,
                    28,
                    298046,
                    123,
                    298170,
                    2,
                    298181,
                    1,
                    298183,
                    11,
                    298971,
                    2,
                    298975,
                    1,
                    298977,
                    22,
                    299002,
                    5,
                    299008,
                    1,
                    299010,
                    116,
                    299128,
                    1,
                    299140,
                    1,
                    299144,
                    8,
                    299158,
                    1,
                    299938,
                    21,
                    299960,
                    13,
                    299974,
                    111,
                    300096,
                    6,
                    300103,
                    8,
                    300898,
                    21,
                    300921,
                    12,
                    300934,
                    112,
                    301047,
                    1,
                    301062,
                    9,
                    301856,
                    1,
                    301859,
                    21,
                    301882,
                    2,
                    301890,
                    3,
                    301894,
                    112,
                    302007,
                    1,
                    302012,
                    3,
                    302016,
                    1,
                    302019,
                    1,
                    302021,
                    10,
                    302820,
                    20,
                    302843,
                    3,
                    302850,
                    3,
                    302855,
                    111,
                    302972,
                    3,
                    302979,
                    11,
                    302991,
                    1,
                    303777,
                    1,
                    303780,
                    20,
                    303803,
                    3,
                    303808,
                    2,
                    303811,
                    2,
                    303815,
                    112,
                    303939,
                    11,
                    303951,
                    1,
                    304737,
                    2,
                    304740,
                    22,
                    304764,
                    3,
                    304768,
                    2,
                    304771,
                    3,
                    304776,
                    107,
                    304885,
                    2,
                    304897,
                    1,
                    304899,
                    11,
                    304911,
                    1,
                    305701,
                    22,
                    305724,
                    3,
                    305728,
                    1,
                    305731,
                    3,
                    305736,
                    107,
                    305846,
                    1,
                    305858,
                    13,
                    306656,
                    1,
                    306662,
                    20,
                    306684,
                    3,
                    306688,
                    1,
                    306691,
                    3,
                    306696,
                    107,
                    306806,
                    1,
                    306816,
                    12,
                    306830,
                    1,
                    307616,
                    1,
                    307621,
                    21,
                    307645,
                    1,
                    307647,
                    116,
                    307775,
                    13,
                    307790,
                    1,
                    308576,
                    1,
                    308582,
                    20,
                    308604,
                    119,
                    308730,
                    1,
                    308732,
                    1,
                    308734,
                    14,
                    308749,
                    2,
                    309542,
                    21,
                    309568,
                    6,
                    309577,
                    108,
                    309693,
                    14,
                    309709,
                    2,
                    310502,
                    2,
                    310505,
                    19,
                    310525,
                    6,
                    310533,
                    3,
                    310537,
                    107,
                    310648,
                    1,
                    310650,
                    1,
                    310652,
                    14,
                    310671,
                    1,
                    311463,
                    1,
                    311465,
                    19,
                    311485,
                    4,
                    311492,
                    5,
                    311498,
                    84,
                    311584,
                    17,
                    311609,
                    1,
                    311611,
                    15,
                    311627,
                    2,
                    311631,
                    1,
                    312426,
                    18,
                    312448,
                    3,
                    312454,
                    3,
                    312458,
                    83,
                    312543,
                    2,
                    312546,
                    14,
                    312563,
                    1,
                    312565,
                    1,
                    312569,
                    16,
                    312587,
                    2,
                    312591,
                    1,
                    313384,
                    1,
                    313386,
                    21,
                    313408,
                    3,
                    313414,
                    3,
                    313419,
                    81,
                    313502,
                    3,
                    313506,
                    19,
                    313527,
                    17,
                    314344,
                    1,
                    314347,
                    24,
                    314379,
                    33,
                    314414,
                    2,
                    314417,
                    42,
                    314460,
                    2,
                    314466,
                    3,
                    314470,
                    10,
                    314481,
                    3,
                    314485,
                    18,
                    314509,
                    1,
                    315304,
                    1,
                    315308,
                    29,
                    315338,
                    27,
                    315368,
                    1,
                    315376,
                    1,
                    315378,
                    39,
                    315418,
                    2,
                    315423,
                    1,
                    315426,
                    15,
                    315442,
                    21,
                    316268,
                    49,
                    316338,
                    38,
                    316379,
                    1,
                    316385,
                    38,
                    317225,
                    2,
                    317230,
                    55,
                    317299,
                    22,
                    317322,
                    13,
                    317336,
                    1,
                    317339,
                    1,
                    317344,
                    38,
                    318185,
                    2,
                    318188,
                    1,
                    318190,
                    49,
                    318259,
                    18,
                    318278,
                    4,
                    318283,
                    11,
                    318295,
                    4,
                    318304,
                    38,
                    318343,
                    1,
                    319144,
                    4,
                    319151,
                    49,
                    319220,
                    15,
                    319236,
                    7,
                    319244,
                    8,
                    319254,
                    2,
                    319262,
                    39,
                    319302,
                    2,
                    320104,
                    1,
                    320106,
                    4,
                    320112,
                    48,
                    320180,
                    12,
                    320194,
                    10,
                    320205,
                    6,
                    320212,
                    4,
                    320222,
                    38,
                    321067,
                    3,
                    321073,
                    47,
                    321127,
                    1,
                    321141,
                    9,
                    321152,
                    13,
                    321166,
                    5,
                    321172,
                    3,
                    321180,
                    39,
                    322031,
                    1,
                    322034,
                    49,
                    322099,
                    1,
                    322101,
                    8,
                    322110,
                    20,
                    322136,
                    1,
                    322138,
                    1,
                    322140,
                    38,
                    322181,
                    3,
                    322992,
                    1,
                    322995,
                    47,
                    323047,
                    1,
                    323049,
                    2,
                    323056,
                    2,
                    323062,
                    4,
                    323068,
                    3,
                    323072,
                    14,
                    323087,
                    1,
                    323093,
                    1,
                    323098,
                    38,
                    323955,
                    47,
                    324004,
                    1,
                    324010,
                    3,
                    324015,
                    1,
                    324020,
                    2,
                    324023,
                    1,
                    324026,
                    24,
                    324053,
                    2,
                    324057,
                    39,
                    324913,
                    2,
                    324917,
                    46,
                    324965,
                    2,
                    324979,
                    31,
                    325014,
                    2,
                    325017,
                    38,
                    325873,
                    2,
                    325878,
                    45,
                    325926,
                    1,
                    325931,
                    2,
                    325935,
                    37,
                    325976,
                    39,
                    326832,
                    2,
                    326838,
                    48,
                    326891,
                    42,
                    326936,
                    37,
                    326975,
                    1,
                    327792,
                    1,
                    327796,
                    2,
                    327800,
                    44,
                    327845,
                    1,
                    327847,
                    86,
                    328752,
                    1,
                    328756,
                    2,
                    328761,
                    132,
                    329723,
                    127,
                    329852,
                    3,
                    330680,
                    1,
                    330684,
                    68,
                    330753,
                    55,
                    331644,
                    67,
                    331712,
                    55,
                    332602,
                    1,
                    332606,
                    120,
                    333562,
                    1,
                    333567,
                    118,
                    333687,
                    1,
                    334528,
                    115,
                    334647,
                    1,
                    335480,
                    1,
                    335484,
                    2,
                    335490,
                    113,
                    335605,
                    1,
                    336447,
                    1,
                    336451,
                    111,
                    336564,
                    2,
                    337401,
                    3,
                    337407,
                    1,
                    337409,
                    2,
                    337413,
                    106,
                    337520,
                    1,
                    338372,
                    107,
                    339332,
                    106,
                    340293,
                    3,
                    340297,
                    100,
                    341254,
                    2,
                    341259,
                    96,
                    342221,
                    93,
                    342317,
                    2,
                    343178,
                    1,
                    343182,
                    90,
                    343276,
                    2,
                    344138,
                    2,
                    344143,
                    87,
                    344234,
                    2,
                    345101,
                    1,
                    345104,
                    1,
                    345106,
                    81,
                    345191,
                    1,
                    345193,
                    2,
                    345199,
                    1,
                    346064,
                    1,
                    346068,
                    76,
                    347030,
                    74,
                    347993,
                    69,
                    348947,
                    3,
                    348956,
                    63,
                    349021,
                    3,
                    349909,
                    4,
                    349918,
                    58,
                    350874,
                    2,
                    350882,
                    50,
                    350937,
                    4,
                    351834,
                    4,
                    351840,
                    1,
                    351845,
                    42,
                    351900,
                    4,
                    352788,
                    1,
                    352792,
                    1,
                    352798,
                    2,
                    352804,
                    3,
                    352810,
                    32,
                    352847,
                    5,
                    352856,
                    1,
                    353784,
                    16,
                    354744,
                    12,
                    358599,
                    1,
                    359559,
                    1
                ]
            }
        }
    ]
}