{
    "image_id": 7,
    "file_name": "Wheat_001_001_002_002.jpg",
    "width": 960,
    "height": 540,
    "annotations": [
        {
            "id": 1,
            "category_id": 1122,
            "bbox": [
                400,
                144,
                607,
                383
            ],
            "bbox_mode": 0,
            "segmentation": {
                "size": [
                    540,
                    960
                ],
                "counts": [
                    138727,
                    3,
                    139686,
                    3,
                    141652,
                    2,
                    142560,
                    3,
                    142588,
                    7,
                    142596,
                    1,
                    143520,
                    4,
                    143533,
                    3,
                    143548,
                    4,
                    144494,
                    2,
                    144524,
                    1,
                    144526,
                    1,
                    146405,
                    8,
                    146420,
                    1,
                    146424,
                    1,
                    146432,
                    1,
                    146447,
                    2,
                    146452,
                    3,
                    146456,
                    1,
                    146460,
                    1,
                    146463,
                    1,
                    147362,
                    3,
                    147381,
                    6,
                    147395,
                    7,
                    147403,
                    1,
                    147408,
                    4,
                    147415,
                    1,
                    147419,
                    2,
                    147423,
                    1,
                    148320,
                    1,
                    148323,
                    3,
                    148327,
                    2,
                    148334,
                    3,
                    148346,
                    12,
                    148365,
                    1,
                    148374,
                    2,
                    148378,
                    3,
                    148383,
                    1,
                    149282,
                    4,
                    149296,
                    8,
                    149305,
                    13,
                    149319,
                    15,
                    149335,
                    1,
                    150240,
                    1,
                    150250,
                    7,
                    150258,
                    31,
                    150290,
                    2,
                    150293,
                    1,
                    150295,
                    2,
                    150301,
                    2,
                    151200,
                    1,
                    151205,
                    46,
                    151252,
                    3,
                    151256,
                    2,
                    151261,
                    2,
                    152160,
                    4,
                    152165,
                    49,
                    152215,
                    1,
                    152217,
                    3,
                    153118,
                    58,
                    153177,
                    3,
                    154057,
                    2,
                    154069,
                    1,
                    154073,
                    2,
                    154077,
                    66,
                    154144,
                    3,
                    154154,
                    3,
                    155024,
                    1,
                    155026,
                    2,
                    155032,
                    1,
                    155034,
                    72,
                    155108,
                    2,
                    155111,
                    1,
                    155986,
                    2,
                    155991,
                    1,
                    155993,
                    75,
                    156069,
                    1,
                    156071,
                    3,
                    156932,
                    3,
                    156942,
                    4,
                    156949,
                    78,
                    157028,
                    3,
                    157035,
                    3,
                    157053,
                    1,
                    157055,
                    1,
                    157892,
                    3,
                    157902,
                    3,
                    157907,
                    82,
                    157990,
                    2,
                    157998,
                    2,
                    158852,
                    3,
                    158861,
                    3,
                    158865,
                    91,
                    158957,
                    1,
                    158959,
                    1,
                    159812,
                    2,
                    159821,
                    1,
                    159824,
                    1,
                    159826,
                    88,
                    159915,
                    2,
                    160772,
                    1,
                    160774,
                    2,
                    160781,
                    97,
                    160880,
                    1,
                    161728,
                    1,
                    161732,
                    2,
                    161735,
                    1,
                    161737,
                    2,
                    161740,
                    2,
                    161743,
                    98,
                    161847,
                    1,
                    162688,
                    3,
                    162693,
                    4,
                    162698,
                    1,
                    162701,
                    102,
                    162804,
                    4,
                    163651,
                    1,
                    163653,
                    2,
                    163656,
                    105,
                    163762,
                    3,
                    163767,
                    1,
                    163772,
                    3,
                    164608,
                    1,
                    164610,
                    113,
                    164724,
                    1,
                    164726,
                    2,
                    164731,
                    4,
                    165568,
                    1,
                    165570,
                    2,
                    165573,
                    1,
                    165575,
                    107,
                    165683,
                    2,
                    165690,
                    1,
                    165692,
                    2,
                    166528,
                    118,
                    167488,
                    2,
                    167492,
                    116,
                    168450,
                    118,
                    169401,
                    2,
                    169408,
                    127,
                    169550,
                    2,
                    170360,
                    1,
                    170364,
                    1,
                    170367,
                    2,
                    170370,
                    118,
                    170489,
                    1,
                    170492,
                    4,
                    170510,
                    2,
                    171321,
                    3,
                    171325,
                    126,
                    171452,
                    2,
                    172281,
                    2,
                    172285,
                    1,
                    172287,
                    129,
                    173240,
                    1,
                    173242,
                    1,
                    173244,
                    128,
                    173373,
                    1,
                    174200,
                    1,
                    174202,
                    2,
                    174205,
                    130,
                    175155,
                    2,
                    175161,
                    2,
                    175164,
                    131,
                    176115,
                    2,
                    176121,
                    135,
                    177073,
                    1,
                    177075,
                    146,
                    177222,
                    1,
                    178035,
                    1,
                    178038,
                    140,
                    178180,
                    1,
                    178182,
                    1,
                    178187,
                    1,
                    178993,
                    146,
                    179140,
                    1,
                    179142,
                    2,
                    179146,
                    2,
                    179957,
                    143,
                    180103,
                    1,
                    180912,
                    1,
                    180915,
                    145,
                    181062,
                    2,
                    181875,
                    1,
                    181877,
                    146,
                    182834,
                    1,
                    182836,
                    147,
                    183793,
                    151,
                    184744,
                    3,
                    184748,
                    1,
                    184751,
                    1,
                    184753,
                    150,
                    184904,
                    1,
                    184908,
                    1,
                    185708,
                    2,
                    185712,
                    152,
                    185865,
                    1,
                    185868,
                    2,
                    185871,
                    1,
                    186664,
                    1,
                    186667,
                    1,
                    186669,
                    155,
                    186825,
                    1,
                    186828,
                    1,
                    186831,
                    1,
                    187619,
                    1,
                    187626,
                    3,
                    187630,
                    154,
                    187785,
                    2,
                    187789,
                    1,
                    187791,
                    1,
                    188578,
                    2,
                    188586,
                    1,
                    188589,
                    1,
                    188591,
                    153,
                    188745,
                    2,
                    189538,
                    2,
                    189544,
                    2,
                    189548,
                    157,
                    189706,
                    1,
                    190504,
                    2,
                    190508,
                    159,
                    190669,
                    1,
                    191465,
                    1,
                    191467,
                    159,
                    191627,
                    1,
                    191629,
                    1,
                    192416,
                    1,
                    192420,
                    1,
                    192422,
                    1,
                    192424,
                    1,
                    192426,
                    1,
                    192428,
                    160,
                    192589,
                    1,
                    193376,
                    1,
                    193379,
                    1,
                    193382,
                    1,
                    193384,
                    163,
                    193548,
                    1,
                    193551,
                    1,
                    194336,
                    2,
                    194339,
                    1,
                    194346,
                    164,
                    194511,
                    1,
                    195297,
                    1,
                    195299,
                    1,
                    195301,
                    1,
                    195304,
                    165,
                    196258,
                    3,
                    196262,
                    2,
                    196265,
                    165,
                    197218,
                    2,
                    197221,
                    169,
                    197391,
                    1,
                    198181,
                    1,
                    198183,
                    167,
                    199139,
                    1,
                    199141,
                    170,
                    200098,
                    176,
                    200276,
                    1,
                    200278,
                    1,
                    200281,
                    1,
                    201057,
                    1,
                    201059,
                    175,
                    201236,
                    1,
                    201238,
                    1,
                    201241,
                    1,
                    202017,
                    1,
                    202019,
                    173,
                    202193,
                    2,
                    202199,
                    1,
                    202201,
                    1,
                    202960,
                    2,
                    202977,
                    2,
                    202980,
                    175,
                    203159,
                    1,
                    203936,
                    1,
                    203938,
                    175,
                    204114,
                    1,
                    204119,
                    1,
                    204896,
                    1,
                    204898,
                    175,
                    205074,
                    1,
                    205078,
                    2,
                    205087,
                    1,
                    205856,
                    1,
                    205858,
                    177,
                    206816,
                    1,
                    206818,
                    177,
                    206998,
                    1,
                    207766,
                    1,
                    207768,
                    1,
                    207773,
                    2,
                    207776,
                    180,
                    207958,
                    1,
                    208728,
                    2,
                    208731,
                    1,
                    208734,
                    182,
                    208919,
                    1,
                    209689,
                    1,
                    209691,
                    1,
                    209693,
                    183,
                    209877,
                    1,
                    209879,
                    1,
                    210651,
                    1,
                    210654,
                    186,
                    211613,
                    182,
                    211796,
                    3,
                    212564,
                    1,
                    212570,
                    2,
                    212573,
                    185,
                    213525,
                    1,
                    213530,
                    1,
                    213532,
                    185,
                    214485,
                    1,
                    214488,
                    1,
                    214491,
                    2,
                    214494,
                    185,
                    215440,
                    1,
                    215448,
                    2,
                    215452,
                    184,
                    215637,
                    2,
                    216400,
                    1,
                    216407,
                    3,
                    216411,
                    1,
                    216413,
                    185,
                    216599,
                    1,
                    216603,
                    1,
                    217367,
                    2,
                    217371,
                    188,
                    218327,
                    2,
                    218331,
                    189,
                    219287,
                    1,
                    219289,
                    190,
                    220249,
                    190,
                    221209,
                    1,
                    221211,
                    188,
                    222168,
                    1,
                    222170,
                    188,
                    223124,
                    2,
                    223128,
                    192,
                    224085,
                    1,
                    224089,
                    191,
                    225044,
                    2,
                    225048,
                    191,
                    225240,
                    1,
                    225244,
                    1,
                    226008,
                    193,
                    226204,
                    1,
                    226965,
                    1,
                    226967,
                    1,
                    226969,
                    191,
                    227164,
                    1,
                    227927,
                    193,
                    228124,
                    1,
                    228883,
                    1,
                    228887,
                    193,
                    229084,
                    1,
                    229843,
                    1,
                    229846,
                    194,
                    230044,
                    1,
                    230803,
                    1,
                    230806,
                    194,
                    231004,
                    1,
                    231761,
                    1,
                    231763,
                    1,
                    231766,
                    194,
                    231964,
                    1,
                    232721,
                    1,
                    232725,
                    195,
                    232924,
                    1,
                    233681,
                    2,
                    233685,
                    197,
                    233884,
                    1,
                    234641,
                    2,
                    234644,
                    199,
                    234844,
                    2,
                    234847,
                    1,
                    235602,
                    1,
                    235604,
                    1,
                    235606,
                    197,
                    235804,
                    2,
                    235807,
                    1,
                    236562,
                    1,
                    236564,
                    1,
                    236566,
                    197,
                    236764,
                    2,
                    236767,
                    1,
                    237522,
                    1,
                    237524,
                    199,
                    237725,
                    1,
                    237727,
                    1,
                    238484,
                    198,
                    238684,
                    1,
                    238686,
                    1,
                    239444,
                    198,
                    239644,
                    1,
                    239646,
                    1,
                    240401,
                    3,
                    240405,
                    197,
                    240604,
                    1,
                    241361,
                    1,
                    241363,
                    199,
                    241564,
                    1,
                    242320,
                    2,
                    242323,
                    199,
                    242524,
                    1,
                    243280,
                    2,
                    243283,
                    199,
                    243484,
                    1,
                    244241,
                    1,
                    244243,
                    199,
                    244444,
                    1,
                    244446,
                    1,
                    245201,
                    1,
                    245203,
                    199,
                    245404,
                    1,
                    245406,
                    1,
                    246160,
                    1,
                    246162,
                    199,
                    246362,
                    1,
                    246365,
                    1,
                    246367,
                    1,
                    247122,
                    199,
                    247322,
                    1,
                    247325,
                    1,
                    247327,
                    1,
                    248082,
                    199,
                    248282,
                    1,
                    248285,
                    1,
                    248287,
                    1,
                    249042,
                    199,
                    249242,
                    1,
                    249245,
                    1,
                    250003,
                    198,
                    250202,
                    1,
                    250205,
                    1,
                    250963,
                    198,
                    251162,
                    1,
                    251921,
                    200,
                    252122,
                    1,
                    252881,
                    200,
                    253082,
                    1,
                    253841,
                    200,
                    254042,
                    1,
                    254800,
                    200,
                    255002,
                    1,
                    255760,
                    200,
                    255962,
                    1,
                    256720,
                    200,
                    256922,
                    1,
                    257681,
                    199,
                    257881,
                    2,
                    257885,
                    1,
                    258642,
                    201,
                    258845,
                    1,
                    259600,
                    1,
                    259602,
                    201,
                    259805,
                    1,
                    260560,
                    1,
                    260562,
                    197,
                    260760,
                    3,
                    260765,
                    1,
                    261521,
                    198,
                    261720,
                    2,
                    262481,
                    198,
                    262680,
                    2,
                    263440,
                    202,
                    264400,
                    198,
                    264599,
                    3,
                    265360,
                    1,
                    265362,
                    196,
                    265559,
                    2,
                    266320,
                    1,
                    266323,
                    195,
                    266519,
                    2,
                    267280,
                    1,
                    267283,
                    198,
                    267485,
                    1,
                    268240,
                    2,
                    268243,
                    198,
                    268445,
                    1,
                    269202,
                    199,
                    270161,
                    199,
                    271121,
                    196,
                    271318,
                    2,
                    272081,
                    199,
                    273041,
                    199,
                    274001,
                    198,
                    274962,
                    193,
                    275156,
                    3,
                    275922,
                    1,
                    275924,
                    190,
                    276116,
                    3,
                    276880,
                    3,
                    276884,
                    190,
                    277076,
                    3,
                    277841,
                    2,
                    277844,
                    190,
                    278037,
                    2,
                    278801,
                    2,
                    278804,
                    189,
                    278994,
                    4,
                    279761,
                    4,
                    279766,
                    189,
                    279956,
                    2,
                    280721,
                    4,
                    280727,
                    185,
                    280913,
                    2,
                    280916,
                    2,
                    281681,
                    1,
                    281683,
                    2,
                    281687,
                    184,
                    281873,
                    4,
                    282643,
                    3,
                    282647,
                    187,
                    282835,
                    2,
                    283604,
                    3,
                    283608,
                    182,
                    283791,
                    6,
                    283798,
                    1,
                    284561,
                    5,
                    284568,
                    181,
                    284750,
                    3,
                    284754,
                    3,
                    284758,
                    1,
                    285520,
                    1,
                    285522,
                    1,
                    285524,
                    2,
                    285528,
                    185,
                    285714,
                    3,
                    285718,
                    1,
                    286480,
                    1,
                    286482,
                    4,
                    286487,
                    181,
                    286669,
                    7,
                    286678,
                    1,
                    287441,
                    5,
                    287447,
                    181,
                    287629,
                    7,
                    287638,
                    1,
                    288400,
                    1,
                    288402,
                    3,
                    288407,
                    180,
                    288588,
                    8,
                    288597,
                    1,
                    289363,
                    2,
                    289366,
                    1,
                    289368,
                    179,
                    289548,
                    7,
                    289557,
                    1,
                    290323,
                    4,
                    290328,
                    179,
                    290508,
                    7,
                    290516,
                    2,
                    291281,
                    6,
                    291288,
                    178,
                    291467,
                    11,
                    291479,
                    1,
                    292243,
                    183,
                    292427,
                    7,
                    292436,
                    1,
                    292439,
                    1,
                    293203,
                    183,
                    293387,
                    7,
                    293396,
                    1,
                    293399,
                    1,
                    294161,
                    1,
                    294164,
                    3,
                    294168,
                    177,
                    294346,
                    8,
                    294356,
                    1,
                    295121,
                    1,
                    295123,
                    182,
                    295306,
                    7,
                    295316,
                    1,
                    296081,
                    1,
                    296083,
                    189,
                    296276,
                    1,
                    297041,
                    1,
                    297044,
                    4,
                    297049,
                    174,
                    297225,
                    7,
                    298001,
                    1,
                    298005,
                    178,
                    298185,
                    7,
                    298194,
                    1,
                    298960,
                    1,
                    298965,
                    4,
                    298970,
                    172,
                    299145,
                    7,
                    299153,
                    2,
                    299925,
                    5,
                    299931,
                    172,
                    300104,
                    1,
                    300106,
                    5,
                    300886,
                    175,
                    301065,
                    6,
                    301846,
                    6,
                    301853,
                    165,
                    302019,
                    1,
                    302022,
                    1,
                    302024,
                    8,
                    302806,
                    172,
                    302979,
                    2,
                    302982,
                    8,
                    302991,
                    1,
                    303766,
                    171,
                    303939,
                    11,
                    304723,
                    1,
                    304727,
                    7,
                    304735,
                    161,
                    304898,
                    11,
                    305683,
                    2,
                    305687,
                    167,
                    305856,
                    12,
                    306643,
                    2,
                    306647,
                    167,
                    306815,
                    13,
                    307608,
                    166,
                    307775,
                    12,
                    308568,
                    165,
                    308735,
                    12,
                    309529,
                    163,
                    309694,
                    12,
                    309709,
                    1,
                    310490,
                    162,
                    310653,
                    13,
                    310669,
                    2,
                    311450,
                    160,
                    311613,
                    12,
                    311629,
                    2,
                    312410,
                    12,
                    312423,
                    161,
                    312589,
                    2,
                    313371,
                    158,
                    313530,
                    13,
                    314331,
                    14,
                    314346,
                    138,
                    314485,
                    3,
                    314491,
                    13,
                    315291,
                    15,
                    315307,
                    135,
                    315446,
                    3,
                    315450,
                    12,
                    316251,
                    13,
                    316265,
                    2,
                    316268,
                    134,
                    316404,
                    2,
                    316408,
                    14,
                    317209,
                    1,
                    317212,
                    17,
                    317230,
                    131,
                    317363,
                    2,
                    317366,
                    2,
                    317369,
                    12,
                    318169,
                    2,
                    318172,
                    18,
                    318191,
                    128,
                    318320,
                    1,
                    318325,
                    15,
                    319129,
                    2,
                    319133,
                    14,
                    319148,
                    4,
                    319153,
                    125,
                    319280,
                    2,
                    319284,
                    3,
                    319288,
                    12,
                    319301,
                    2,
                    320089,
                    2,
                    320093,
                    7,
                    320101,
                    3,
                    320105,
                    3,
                    320109,
                    2,
                    320115,
                    121,
                    320239,
                    2,
                    320242,
                    17,
                    320261,
                    2,
                    321050,
                    1,
                    321053,
                    11,
                    321065,
                    6,
                    321073,
                    1,
                    321077,
                    118,
                    321201,
                    17,
                    321220,
                    2,
                    322010,
                    1,
                    322014,
                    9,
                    322024,
                    3,
                    322028,
                    3,
                    322034,
                    2,
                    322039,
                    115,
                    322155,
                    1,
                    322157,
                    2,
                    322160,
                    18,
                    322180,
                    1,
                    322976,
                    5,
                    322983,
                    2,
                    322988,
                    5,
                    322995,
                    1,
                    322997,
                    4,
                    323002,
                    109,
                    323115,
                    3,
                    323119,
                    17,
                    323936,
                    7,
                    323944,
                    6,
                    323956,
                    4,
                    323962,
                    109,
                    324075,
                    2,
                    324078,
                    18,
                    324897,
                    7,
                    324905,
                    6,
                    324912,
                    6,
                    324920,
                    1,
                    324926,
                    103,
                    325033,
                    3,
                    325037,
                    19,
                    325857,
                    9,
                    325867,
                    5,
                    325873,
                    3,
                    325880,
                    1,
                    325886,
                    101,
                    325992,
                    2,
                    325996,
                    19,
                    326818,
                    8,
                    326829,
                    3,
                    326834,
                    1,
                    326836,
                    1,
                    326847,
                    98,
                    326947,
                    1,
                    326950,
                    3,
                    326955,
                    19,
                    327778,
                    11,
                    327790,
                    2,
                    327794,
                    1,
                    327796,
                    1,
                    327804,
                    1,
                    327806,
                    96,
                    327903,
                    4,
                    327909,
                    3,
                    327913,
                    21,
                    328739,
                    11,
                    328751,
                    1,
                    328754,
                    5,
                    328760,
                    101,
                    328863,
                    4,
                    328869,
                    2,
                    328872,
                    21,
                    329696,
                    2,
                    329700,
                    12,
                    329715,
                    3,
                    329720,
                    1,
                    329722,
                    2,
                    329727,
                    92,
                    329820,
                    2,
                    329829,
                    1,
                    329832,
                    20,
                    329854,
                    1,
                    330661,
                    10,
                    330672,
                    1,
                    330674,
                    5,
                    330680,
                    3,
                    330685,
                    92,
                    330778,
                    3,
                    330784,
                    1,
                    330786,
                    1,
                    330790,
                    21,
                    330814,
                    1,
                    331621,
                    11,
                    331633,
                    2,
                    331638,
                    1,
                    331648,
                    87,
                    331736,
                    1,
                    331742,
                    3,
                    331748,
                    23,
                    332581,
                    18,
                    332603,
                    1,
                    332605,
                    88,
                    332695,
                    2,
                    332701,
                    2,
                    332707,
                    23,
                    333542,
                    13,
                    333556,
                    4,
                    333563,
                    88,
                    333653,
                    2,
                    333661,
                    1,
                    333665,
                    24,
                    333693,
                    1,
                    334504,
                    14,
                    334519,
                    3,
                    334528,
                    82,
                    334611,
                    3,
                    334624,
                    24,
                    334652,
                    2,
                    335464,
                    23,
                    335488,
                    77,
                    335567,
                    3,
                    335582,
                    25,
                    335611,
                    1,
                    336425,
                    17,
                    336444,
                    3,
                    336448,
                    75,
                    336524,
                    6,
                    336534,
                    2,
                    336539,
                    27,
                    336575,
                    1,
                    337376,
                    1,
                    337380,
                    3,
                    337384,
                    20,
                    337405,
                    2,
                    337408,
                    82,
                    337492,
                    2,
                    337499,
                    25,
                    337527,
                    1,
                    337534,
                    2,
                    338346,
                    20,
                    338367,
                    69,
                    338437,
                    13,
                    338453,
                    1,
                    338456,
                    1,
                    338458,
                    25,
                    339307,
                    21,
                    339329,
                    64,
                    339395,
                    16,
                    339416,
                    27,
                    339445,
                    1,
                    340267,
                    24,
                    340292,
                    59,
                    340352,
                    19,
                    340374,
                    28,
                    340405,
                    1,
                    341224,
                    2,
                    341228,
                    78,
                    341309,
                    21,
                    341333,
                    27,
                    342184,
                    3,
                    342188,
                    32,
                    342221,
                    39,
                    342262,
                    58,
                    343149,
                    36,
                    343186,
                    28,
                    343216,
                    62,
                    343280,
                    1,
                    344111,
                    49,
                    344169,
                    68,
                    344242,
                    1,
                    345064,
                    1,
                    345069,
                    2,
                    345073,
                    78,
                    345152,
                    44,
                    345199,
                    1,
                    345202,
                    3,
                    346034,
                    120,
                    346994,
                    120,
                    347117,
                    1,
                    347952,
                    1,
                    347956,
                    116,
                    348076,
                    2,
                    348917,
                    114,
                    349036,
                    2,
                    349874,
                    1,
                    349878,
                    112,
                    350834,
                    2,
                    350840,
                    108,
                    350951,
                    3,
                    350959,
                    1,
                    351794,
                    2,
                    351800,
                    107,
                    351911,
                    1,
                    351919,
                    1,
                    352758,
                    2,
                    352762,
                    102,
                    352868,
                    2,
                    353723,
                    99,
                    354680,
                    1,
                    354684,
                    97,
                    355640,
                    1,
                    355647,
                    92,
                    356609,
                    89,
                    357570,
                    85,
                    357660,
                    2,
                    358532,
                    82,
                    358615,
                    2,
                    359488,
                    2,
                    359494,
                    77,
                    359575,
                    3,
                    359583,
                    1,
                    360445,
                    3,
                    360457,
                    77,
                    360538,
                    1,
                    360542,
                    2,
                    361419,
                    69,
                    362380,
                    66,
                    363343,
                    60,
                    363406,
                    2,
                    364306,
                    52,
                    364365,
                    3,
                    365267,
                    49,
                    365321,
                    4,
                    366224,
                    1,
                    366233,
                    39,
                    366278,
                    4,
                    367176,
                    1,
                    367189,
                    3,
                    367199,
                    23,
                    367224,
                    4,
                    367246,
                    2,
                    368136,
                    1,
                    368143,
                    1,
                    368146,
                    4,
                    368152,
                    4,
                    368163,
                    3,
                    368189,
                    5,
                    368199,
                    1,
                    368201,
                    4
                ]
            }
        }
    ]
}