{
    "image_id": 59,
    "file_name": "Wheat_005_001_003_002.jpg",
    "width": 960,
    "height": 540,
    "annotations": [
        {
            "id": 1,
            "category_id": 5132,
            "bbox": [
                368,
                144,
                615,
                391
            ],
            "bbox_mode": 0,
            "segmentation": {
                "size": [
                    540,
                    960
                ],
                "counts": [
                    138688,
                    1,
                    138691,
                    1,
                    138695,
                    2,
                    138701,
                    1,
                    138707,
                    3,
                    138714,
                    3,
                    138728,
                    1,
                    138738,
                    3,
                    138744,
                    1,
                    138752,
                    1,
                    138756,
                    3,
                    138762,
                    3,
                    138768,
                    3,
                    138775,
                    1,
                    139648,
                    1,
                    139651,
                    2,
                    139655,
                    2,
                    139662,
                    4,
                    139667,
                    2,
                    139671,
                    3,
                    139678,
                    17,
                    139699,
                    5,
                    139706,
                    4,
                    139712,
                    1,
                    139714,
                    1,
                    139716,
                    2,
                    139719,
                    2,
                    139722,
                    5,
                    140608,
                    1,
                    140611,
                    3,
                    140616,
                    1,
                    140618,
                    2,
                    140621,
                    2,
                    140624,
                    2,
                    140627,
                    5,
                    140633,
                    33,
                    140667,
                    7,
                    140676,
                    2,
                    140679,
                    2,
                    140682,
                    2,
                    140685,
                    1,
                    140687,
                    1,
                    140692,
                    2,
                    141576,
                    4,
                    141581,
                    1,
                    141583,
                    51,
                    141635,
                    7,
                    141653,
                    1,
                    142529,
                    2,
                    142535,
                    2,
                    142538,
                    1,
                    142540,
                    58,
                    142599,
                    3,
                    142603,
                    6,
                    143472,
                    1,
                    143477,
                    1,
                    143489,
                    1,
                    143495,
                    70,
                    143566,
                    1,
                    144432,
                    2,
                    144452,
                    2,
                    144456,
                    69,
                    144526,
                    3,
                    144530,
                    2,
                    144535,
                    1,
                    145408,
                    1,
                    145411,
                    78,
                    145490,
                    3,
                    145495,
                    1,
                    146358,
                    4,
                    146364,
                    2,
                    146368,
                    2,
                    146371,
                    83,
                    146455,
                    1,
                    146457,
                    2,
                    146463,
                    1,
                    147312,
                    1,
                    147316,
                    2,
                    147319,
                    2,
                    147324,
                    94,
                    147419,
                    1,
                    147422,
                    1,
                    147425,
                    4,
                    148272,
                    3,
                    148276,
                    4,
                    148281,
                    3,
                    148285,
                    99,
                    148387,
                    1,
                    148390,
                    2,
                    149235,
                    3,
                    149239,
                    1,
                    149241,
                    102,
                    149344,
                    3,
                    150198,
                    106,
                    150307,
                    3,
                    150311,
                    1,
                    151152,
                    1,
                    151157,
                    110,
                    151270,
                    2,
                    152113,
                    4,
                    152118,
                    110,
                    152229,
                    1,
                    152231,
                    1,
                    153073,
                    119,
                    154024,
                    1,
                    154029,
                    2,
                    154032,
                    1,
                    154034,
                    123,
                    154158,
                    3,
                    154167,
                    1,
                    154985,
                    1,
                    154987,
                    1,
                    154989,
                    128,
                    155120,
                    1,
                    155123,
                    2,
                    155945,
                    2,
                    155949,
                    127,
                    156077,
                    1,
                    156082,
                    3,
                    156904,
                    1,
                    156907,
                    129,
                    157038,
                    1,
                    157866,
                    132,
                    157999,
                    2,
                    158006,
                    1,
                    158824,
                    139,
                    158966,
                    1,
                    159782,
                    137,
                    159920,
                    1,
                    159922,
                    2,
                    160741,
                    143,
                    161688,
                    6,
                    161696,
                    148,
                    161848,
                    5,
                    161854,
                    2,
                    162649,
                    2,
                    162652,
                    1,
                    162654,
                    3,
                    162659,
                    1,
                    162661,
                    145,
                    162808,
                    1,
                    162810,
                    4,
                    162815,
                    1,
                    163609,
                    3,
                    163614,
                    1,
                    163617,
                    148,
                    163766,
                    2,
                    163769,
                    3,
                    163773,
                    2,
                    164568,
                    1,
                    164571,
                    2,
                    164575,
                    2,
                    164578,
                    150,
                    164730,
                    1,
                    164734,
                    2,
                    165529,
                    1,
                    165532,
                    1,
                    165534,
                    155,
                    165690,
                    3,
                    165694,
                    2,
                    166489,
                    2,
                    166492,
                    2,
                    166495,
                    157,
                    166653,
                    3,
                    167448,
                    2,
                    167451,
                    164,
                    168408,
                    1,
                    168410,
                    166,
                    169361,
                    1,
                    169364,
                    1,
                    169366,
                    170,
                    169537,
                    3,
                    169542,
                    1,
                    170321,
                    1,
                    170325,
                    2,
                    170328,
                    167,
                    170496,
                    1,
                    170501,
                    3,
                    171282,
                    1,
                    171284,
                    1,
                    171286,
                    171,
                    171459,
                    2,
                    171462,
                    1,
                    172241,
                    1,
                    172243,
                    1,
                    172245,
                    173,
                    172419,
                    5,
                    173200,
                    2,
                    173203,
                    3,
                    173207,
                    171,
                    173379,
                    1,
                    173381,
                    1,
                    173383,
                    1,
                    174161,
                    1,
                    174164,
                    176,
                    174341,
                    2,
                    175121,
                    2,
                    175125,
                    176,
                    176083,
                    178,
                    176263,
                    1,
                    176270,
                    1,
                    177034,
                    2,
                    177039,
                    183,
                    177224,
                    1,
                    177228,
                    1,
                    177231,
                    1,
                    177993,
                    1,
                    177997,
                    2,
                    178001,
                    184,
                    178957,
                    2,
                    178960,
                    185,
                    179146,
                    3,
                    179151,
                    1,
                    179915,
                    1,
                    179917,
                    1,
                    179919,
                    184,
                    180107,
                    4,
                    180873,
                    2,
                    180880,
                    184,
                    181065,
                    1,
                    181833,
                    3,
                    181837,
                    1,
                    181839,
                    189,
                    182030,
                    1,
                    182793,
                    1,
                    182795,
                    193,
                    182989,
                    3,
                    183753,
                    1,
                    183755,
                    194,
                    184713,
                    1,
                    184715,
                    1,
                    184717,
                    191,
                    184910,
                    2,
                    185672,
                    200,
                    186632,
                    1,
                    186634,
                    198,
                    187592,
                    199,
                    188553,
                    198,
                    189512,
                    200,
                    190471,
                    201,
                    191430,
                    202,
                    192385,
                    1,
                    192387,
                    206,
                    192594,
                    1,
                    192596,
                    3,
                    193346,
                    1,
                    193349,
                    205,
                    193556,
                    4,
                    194304,
                    3,
                    194308,
                    1,
                    194310,
                    205,
                    194516,
                    4,
                    195264,
                    2,
                    195267,
                    210,
                    195478,
                    1,
                    196225,
                    211,
                    196438,
                    1,
                    197185,
                    1,
                    197187,
                    211,
                    198145,
                    1,
                    198147,
                    209,
                    199105,
                    1,
                    199107,
                    212,
                    200060,
                    3,
                    200065,
                    214,
                    200283,
                    1,
                    200285,
                    2,
                    201020,
                    2,
                    201023,
                    217,
                    201241,
                    2,
                    201245,
                    1,
                    201979,
                    1,
                    201983,
                    217,
                    202203,
                    1,
                    202939,
                    1,
                    202942,
                    217,
                    203167,
                    1,
                    203897,
                    1,
                    203899,
                    1,
                    203902,
                    220,
                    204857,
                    3,
                    204862,
                    221,
                    205817,
                    3,
                    205821,
                    220,
                    206042,
                    1,
                    206045,
                    1,
                    206777,
                    1,
                    206779,
                    1,
                    206781,
                    223,
                    207006,
                    1,
                    207740,
                    226,
                    208700,
                    1,
                    208702,
                    223,
                    208926,
                    1,
                    209658,
                    1,
                    209660,
                    222,
                    209883,
                    4,
                    210618,
                    1,
                    210621,
                    224,
                    210846,
                    1,
                    211578,
                    1,
                    211580,
                    224,
                    211805,
                    1,
                    212538,
                    1,
                    212540,
                    224,
                    212765,
                    1,
                    213499,
                    225,
                    213725,
                    1,
                    214457,
                    1,
                    214459,
                    225,
                    215417,
                    229,
                    215647,
                    1,
                    216376,
                    232,
                    217336,
                    230,
                    218296,
                    230,
                    219256,
                    232,
                    220216,
                    232,
                    221175,
                    233,
                    222135,
                    1,
                    222137,
                    230,
                    223089,
                    1,
                    223092,
                    1,
                    223095,
                    232,
                    223330,
                    2,
                    223334,
                    1,
                    224049,
                    1,
                    224052,
                    1,
                    224055,
                    234,
                    224291,
                    1,
                    224294,
                    1,
                    225009,
                    1,
                    225015,
                    233,
                    225249,
                    1,
                    225254,
                    1,
                    225973,
                    237,
                    226214,
                    1,
                    226928,
                    1,
                    226933,
                    237,
                    227172,
                    1,
                    227888,
                    1,
                    227893,
                    1,
                    227895,
                    234,
                    228130,
                    1,
                    228132,
                    1,
                    228852,
                    2,
                    228855,
                    236,
                    229092,
                    1,
                    229095,
                    1,
                    229809,
                    5,
                    229815,
                    236,
                    230052,
                    1,
                    230055,
                    1,
                    230773,
                    239,
                    231014,
                    1,
                    231733,
                    239,
                    231974,
                    1,
                    232689,
                    1,
                    232691,
                    1,
                    232694,
                    236,
                    232931,
                    1,
                    232934,
                    1,
                    233649,
                    1,
                    233651,
                    239,
                    233895,
                    1,
                    234609,
                    1,
                    234611,
                    241,
                    234855,
                    1,
                    235569,
                    1,
                    235571,
                    242,
                    235815,
                    1,
                    236529,
                    1,
                    236531,
                    240,
                    236772,
                    1,
                    236775,
                    1,
                    237489,
                    1,
                    237491,
                    240,
                    237732,
                    1,
                    237735,
                    1,
                    238448,
                    1,
                    238450,
                    2,
                    238453,
                    239,
                    238693,
                    3,
                    239408,
                    1,
                    239410,
                    2,
                    239413,
                    239,
                    239653,
                    3,
                    240371,
                    241,
                    240613,
                    1,
                    240615,
                    1,
                    241331,
                    241,
                    241573,
                    1,
                    241575,
                    1,
                    242291,
                    241,
                    243249,
                    1,
                    243251,
                    241,
                    244209,
                    1,
                    244211,
                    242,
                    244454,
                    1,
                    245169,
                    1,
                    245171,
                    242,
                    245414,
                    1,
                    246130,
                    241,
                    246372,
                    1,
                    246375,
                    1,
                    247090,
                    1,
                    247092,
                    239,
                    247332,
                    1,
                    247335,
                    1,
                    248050,
                    1,
                    248052,
                    242,
                    249010,
                    244,
                    249969,
                    243,
                    250213,
                    2,
                    250929,
                    1,
                    250931,
                    241,
                    251173,
                    2,
                    251889,
                    1,
                    251891,
                    241,
                    252133,
                    2,
                    252849,
                    1,
                    252851,
                    241,
                    253093,
                    2,
                    253809,
                    1,
                    253811,
                    242,
                    254054,
                    1,
                    254769,
                    1,
                    254771,
                    242,
                    255014,
                    1,
                    255729,
                    1,
                    255731,
                    242,
                    256692,
                    241,
                    257651,
                    242,
                    258611,
                    242,
                    259571,
                    242,
                    259815,
                    1,
                    260530,
                    243,
                    260775,
                    1,
                    261489,
                    2,
                    261492,
                    242,
                    261735,
                    1,
                    262449,
                    2,
                    262452,
                    241,
                    262695,
                    1,
                    263410,
                    1,
                    263412,
                    241,
                    263655,
                    1,
                    264370,
                    1,
                    264372,
                    240,
                    264615,
                    1,
                    265328,
                    1,
                    265330,
                    242,
                    265574,
                    1,
                    266288,
                    1,
                    266290,
                    243,
                    266534,
                    1,
                    267248,
                    1,
                    267251,
                    242,
                    267494,
                    1,
                    268208,
                    1,
                    268212,
                    1,
                    268214,
                    237,
                    268452,
                    1,
                    268454,
                    1,
                    269169,
                    1,
                    269171,
                    240,
                    269412,
                    1,
                    269415,
                    1,
                    270129,
                    1,
                    270131,
                    240,
                    270372,
                    1,
                    271091,
                    240,
                    271332,
                    1,
                    272048,
                    1,
                    272051,
                    1,
                    272053,
                    1,
                    272055,
                    236,
                    272292,
                    1,
                    273008,
                    3,
                    273013,
                    234,
                    273248,
                    3,
                    273252,
                    1,
                    273968,
                    1,
                    273970,
                    1,
                    273972,
                    235,
                    274208,
                    2,
                    274212,
                    1,
                    274930,
                    1,
                    274932,
                    234,
                    275167,
                    3,
                    275172,
                    2,
                    275889,
                    2,
                    275892,
                    234,
                    276127,
                    3,
                    276132,
                    2,
                    276853,
                    237,
                    277094,
                    2,
                    277813,
                    3,
                    277817,
                    233,
                    278054,
                    2,
                    278773,
                    237,
                    279011,
                    1,
                    279733,
                    236,
                    279970,
                    2,
                    280693,
                    236,
                    280930,
                    2,
                    281654,
                    234,
                    281890,
                    1,
                    281894,
                    1,
                    282614,
                    229,
                    282844,
                    2,
                    282847,
                    1,
                    282849,
                    2,
                    282854,
                    1,
                    283574,
                    229,
                    283804,
                    2,
                    283807,
                    4,
                    283814,
                    1,
                    284528,
                    1,
                    284531,
                    1,
                    284534,
                    234,
                    285491,
                    1,
                    285494,
                    232,
                    285727,
                    1,
                    286454,
                    231,
                    286686,
                    2,
                    287415,
                    230,
                    287646,
                    2,
                    288376,
                    227,
                    288604,
                    4,
                    289337,
                    4,
                    289342,
                    218,
                    289561,
                    3,
                    289565,
                    3,
                    290294,
                    1,
                    290297,
                    222,
                    290521,
                    3,
                    290525,
                    2,
                    291249,
                    1,
                    291254,
                    1,
                    291256,
                    232,
                    292218,
                    5,
                    292224,
                    214,
                    292440,
                    7,
                    293178,
                    219,
                    293398,
                    1,
                    293400,
                    7,
                    294137,
                    222,
                    294360,
                    2,
                    294363,
                    4,
                    295097,
                    222,
                    295320,
                    7,
                    296056,
                    2,
                    296059,
                    218,
                    296279,
                    6,
                    296286,
                    1,
                    297018,
                    216,
                    297235,
                    2,
                    297238,
                    7,
                    297247,
                    1,
                    297976,
                    1,
                    297979,
                    217,
                    298198,
                    2,
                    298201,
                    4,
                    298207,
                    1,
                    298936,
                    1,
                    298938,
                    2,
                    298941,
                    212,
                    299154,
                    1,
                    299157,
                    2,
                    299161,
                    4,
                    299897,
                    2,
                    299901,
                    214,
                    300117,
                    2,
                    300120,
                    4,
                    300125,
                    3,
                    300861,
                    216,
                    301078,
                    6,
                    301085,
                    2,
                    301816,
                    1,
                    301819,
                    1,
                    301821,
                    212,
                    302034,
                    2,
                    302038,
                    5,
                    302776,
                    1,
                    302779,
                    1,
                    302782,
                    8,
                    302791,
                    199,
                    302991,
                    3,
                    302995,
                    1,
                    302997,
                    5,
                    303007,
                    1,
                    303736,
                    1,
                    303739,
                    1,
                    303742,
                    9,
                    303752,
                    203,
                    303956,
                    6,
                    303967,
                    1,
                    304696,
                    1,
                    304699,
                    1,
                    304702,
                    209,
                    304912,
                    3,
                    304916,
                    6,
                    305662,
                    1,
                    305664,
                    204,
                    305869,
                    2,
                    305872,
                    10,
                    306621,
                    2,
                    306624,
                    206,
                    306832,
                    1,
                    306834,
                    6,
                    306842,
                    1,
                    307584,
                    10,
                    307595,
                    194,
                    307790,
                    2,
                    307794,
                    6,
                    308544,
                    11,
                    308556,
                    189,
                    308746,
                    5,
                    308753,
                    6,
                    309504,
                    12,
                    309517,
                    191,
                    309709,
                    2,
                    309712,
                    7,
                    310465,
                    12,
                    310478,
                    189,
                    310669,
                    9,
                    310679,
                    1,
                    311426,
                    12,
                    311439,
                    189,
                    311630,
                    10,
                    312386,
                    13,
                    312400,
                    188,
                    312590,
                    7,
                    312598,
                    2,
                    313347,
                    13,
                    313361,
                    179,
                    313541,
                    16,
                    313559,
                    1,
                    314305,
                    1,
                    314307,
                    14,
                    314322,
                    177,
                    314500,
                    16,
                    314518,
                    1,
                    315265,
                    1,
                    315268,
                    14,
                    315283,
                    10,
                    315294,
                    182,
                    316225,
                    1,
                    316228,
                    15,
                    316244,
                    173,
                    316418,
                    18,
                    317189,
                    15,
                    317205,
                    9,
                    317217,
                    177,
                    317397,
                    1,
                    318144,
                    1,
                    318150,
                    15,
                    318166,
                    8,
                    318176,
                    159,
                    318336,
                    18,
                    318359,
                    1,
                    319104,
                    1,
                    319107,
                    1,
                    319110,
                    22,
                    319133,
                    4,
                    319139,
                    146,
                    319286,
                    28,
                    319316,
                    1,
                    319319,
                    1,
                    320068,
                    1,
                    320072,
                    15,
                    320088,
                    4,
                    320093,
                    3,
                    320098,
                    1,
                    320100,
                    173,
                    320275,
                    1,
                    321025,
                    2,
                    321029,
                    1,
                    321032,
                    16,
                    321049,
                    6,
                    321057,
                    3,
                    321061,
                    151,
                    321213,
                    19,
                    321237,
                    1,
                    321985,
                    2,
                    321989,
                    2,
                    321993,
                    16,
                    322010,
                    2,
                    322013,
                    151,
                    322166,
                    5,
                    322172,
                    20,
                    322193,
                    1,
                    322197,
                    2,
                    322952,
                    23,
                    322976,
                    144,
                    323121,
                    30,
                    323914,
                    18,
                    323933,
                    4,
                    323939,
                    5,
                    323945,
                    143,
                    324090,
                    20,
                    324875,
                    19,
                    324895,
                    3,
                    324900,
                    4,
                    324906,
                    140,
                    325047,
                    23,
                    325836,
                    19,
                    325856,
                    4,
                    325862,
                    3,
                    325867,
                    138,
                    326006,
                    22,
                    326793,
                    1,
                    326796,
                    21,
                    326818,
                    3,
                    326822,
                    5,
                    326829,
                    134,
                    326964,
                    23,
                    326989,
                    2,
                    327753,
                    2,
                    327757,
                    21,
                    327779,
                    5,
                    327785,
                    3,
                    327790,
                    132,
                    327923,
                    24,
                    327949,
                    2,
                    328714,
                    2,
                    328718,
                    22,
                    328741,
                    3,
                    328745,
                    4,
                    328750,
                    131,
                    328882,
                    24,
                    328911,
                    1,
                    329675,
                    1,
                    329678,
                    23,
                    329702,
                    4,
                    329708,
                    124,
                    329834,
                    31,
                    329867,
                    2,
                    329871,
                    1,
                    330640,
                    27,
                    330668,
                    3,
                    330672,
                    108,
                    330782,
                    16,
                    330799,
                    25,
                    331600,
                    24,
                    331625,
                    3,
                    331629,
                    1,
                    331632,
                    5,
                    331638,
                    103,
                    331743,
                    41,
                    332561,
                    24,
                    332586,
                    4,
                    332591,
                    109,
                    332704,
                    11,
                    332716,
                    26,
                    332743,
                    1,
                    333522,
                    25,
                    333548,
                    2,
                    333551,
                    106,
                    333661,
                    2,
                    333664,
                    1,
                    333666,
                    2,
                    333669,
                    5,
                    333675,
                    27,
                    333703,
                    1,
                    334480,
                    1,
                    334483,
                    25,
                    334509,
                    1,
                    334511,
                    11,
                    334523,
                    93,
                    334623,
                    4,
                    334628,
                    35,
                    335440,
                    1,
                    335443,
                    41,
                    335485,
                    90,
                    335578,
                    2,
                    335581,
                    6,
                    335588,
                    3,
                    335592,
                    28,
                    335621,
                    2,
                    336404,
                    129,
                    336540,
                    8,
                    336550,
                    29,
                    337362,
                    1,
                    337365,
                    55,
                    337421,
                    71,
                    337496,
                    1,
                    337498,
                    41,
                    337540,
                    1,
                    337543,
                    1,
                    338324,
                    45,
                    338370,
                    7,
                    338378,
                    4,
                    338383,
                    68,
                    338454,
                    42,
                    339284,
                    47,
                    339332,
                    12,
                    339345,
                    65,
                    339415,
                    41,
                    340245,
                    3,
                    340249,
                    57,
                    340307,
                    33,
                    340341,
                    8,
                    340350,
                    18,
                    340373,
                    42,
                    341206,
                    2,
                    341210,
                    57,
                    341269,
                    46,
                    341316,
                    11,
                    341328,
                    1,
                    341331,
                    44,
                    342168,
                    1,
                    342171,
                    59,
                    342231,
                    47,
                    342279,
                    6,
                    342290,
                    44,
                    342335,
                    1,
                    343129,
                    2,
                    343132,
                    59,
                    343193,
                    48,
                    343242,
                    2,
                    343247,
                    45,
                    343295,
                    1,
                    344089,
                    3,
                    344094,
                    59,
                    344155,
                    49,
                    344208,
                    43,
                    345048,
                    1,
                    345053,
                    62,
                    345116,
                    48,
                    345166,
                    44,
                    345212,
                    3,
                    346016,
                    61,
                    346078,
                    3,
                    346082,
                    86,
                    346977,
                    62,
                    347040,
                    87,
                    347938,
                    148,
                    348896,
                    1,
                    348900,
                    144,
                    349047,
                    1,
                    349856,
                    2,
                    349861,
                    142,
                    350006,
                    2,
                    350818,
                    1,
                    350822,
                    140,
                    350964,
                    3,
                    351778,
                    2,
                    351784,
                    136,
                    351923,
                    3,
                    352736,
                    1,
                    352740,
                    2,
                    352745,
                    133,
                    352879,
                    1,
                    352881,
                    2,
                    353707,
                    130,
                    353838,
                    2,
                    354664,
                    1,
                    354667,
                    129,
                    354799,
                    1,
                    355625,
                    2,
                    355630,
                    125,
                    356586,
                    2,
                    356591,
                    121,
                    357547,
                    1,
                    357553,
                    118,
                    357679,
                    1,
                    358504,
                    1,
                    358509,
                    1,
                    358515,
                    115,
                    358635,
                    5,
                    359464,
                    1,
                    359469,
                    4,
                    359477,
                    110,
                    359592,
                    2,
                    360426,
                    3,
                    360432,
                    2,
                    360440,
                    104,
                    361402,
                    101,
                    362363,
                    99,
                    363325,
                    94,
                    364280,
                    1,
                    364288,
                    88,
                    365251,
                    83,
                    365339,
                    2,
                    366213,
                    78,
                    367168,
                    2,
                    367177,
                    71,
                    367255,
                    2,
                    368120,
                    5,
                    368136,
                    1,
                    368141,
                    62,
                    368218,
                    3,
                    369104,
                    55,
                    370067,
                    50,
                    371032,
                    37,
                    371078,
                    2,
                    371984,
                    8,
                    372004,
                    15,
                    372031,
                    1,
                    372037,
                    3,
                    372950,
                    2,
                    372958,
                    2,
                    372984,
                    2,
                    373917,
                    5,
                    373934,
                    2,
                    373940,
                    4,
                    374864,
                    4,
                    374872,
                    2,
                    374910,
                    2,
                    374913,
                    7,
                    375835,
                    5,
                    375845,
                    3
                ]
            }
        }
    ]
}