{
    "image_id": 47,
    "file_name": "Wheat_004_001_003_002.jpg",
    "width": 960,
    "height": 540,
    "annotations": [
        {
            "id": 1,
            "category_id": 4132,
            "bbox": [
                376,
                164,
                583,
                375
            ],
            "bbox_mode": 0,
            "segmentation": {
                "size": [
                    540,
                    960
                ],
                "counts": [
                    157868,
                    9,
                    157904,
                    1,
                    157907,
                    6,
                    157921,
                    3,
                    158830,
                    6,
                    158865,
                    14,
                    158880,
                    1,
                    159836,
                    2,
                    161696,
                    2,
                    161699,
                    1,
                    161701,
                    2,
                    161706,
                    3,
                    161712,
                    1,
                    161724,
                    3,
                    161728,
                    15,
                    161744,
                    1,
                    161746,
                    2,
                    161753,
                    2,
                    161768,
                    1,
                    161774,
                    2,
                    162656,
                    1,
                    162658,
                    2,
                    162664,
                    2,
                    162668,
                    1,
                    162671,
                    1,
                    162673,
                    1,
                    162675,
                    2,
                    162680,
                    6,
                    162688,
                    16,
                    162706,
                    3,
                    162710,
                    6,
                    162719,
                    1,
                    162723,
                    2,
                    162728,
                    1,
                    162731,
                    2,
                    163618,
                    2,
                    163623,
                    3,
                    163628,
                    3,
                    163632,
                    6,
                    163640,
                    34,
                    163678,
                    2,
                    163686,
                    2,
                    163690,
                    1,
                    163695,
                    1,
                    164576,
                    1,
                    164584,
                    2,
                    164588,
                    3,
                    164592,
                    45,
                    164638,
                    7,
                    164648,
                    2,
                    164654,
                    2,
                    165536,
                    1,
                    165539,
                    2,
                    165542,
                    2,
                    165546,
                    3,
                    165550,
                    52,
                    165605,
                    3,
                    165612,
                    2,
                    166497,
                    2,
                    166502,
                    4,
                    166507,
                    57,
                    166565,
                    2,
                    166568,
                    2,
                    167457,
                    3,
                    167461,
                    1,
                    167463,
                    64,
                    167529,
                    2,
                    167535,
                    1,
                    168420,
                    70,
                    168491,
                    3,
                    169364,
                    2,
                    169367,
                    2,
                    169372,
                    1,
                    169375,
                    1,
                    169378,
                    82,
                    169466,
                    1,
                    170324,
                    2,
                    170327,
                    2,
                    170331,
                    3,
                    170335,
                    80,
                    170416,
                    2,
                    170419,
                    1,
                    170421,
                    2,
                    171288,
                    1,
                    171291,
                    2,
                    171294,
                    2,
                    171297,
                    86,
                    171387,
                    1,
                    171389,
                    1,
                    172249,
                    3,
                    172253,
                    1,
                    172255,
                    88,
                    172347,
                    3,
                    173211,
                    93,
                    174168,
                    2,
                    174172,
                    97,
                    175128,
                    102,
                    176085,
                    1,
                    176087,
                    103,
                    177040,
                    1,
                    177042,
                    1,
                    177045,
                    1,
                    177047,
                    103,
                    177151,
                    4,
                    177158,
                    1,
                    177160,
                    1,
                    177163,
                    3,
                    178000,
                    1,
                    178003,
                    110,
                    178114,
                    3,
                    178119,
                    1,
                    178126,
                    2,
                    178961,
                    116,
                    179078,
                    1,
                    179081,
                    2,
                    179086,
                    2,
                    179920,
                    1,
                    179922,
                    113,
                    180036,
                    1,
                    180039,
                    1,
                    180041,
                    3,
                    180880,
                    1,
                    180882,
                    117,
                    181005,
                    2,
                    181840,
                    118,
                    181959,
                    4,
                    181965,
                    2,
                    182799,
                    1,
                    182801,
                    119,
                    182921,
                    3,
                    182926,
                    1,
                    183759,
                    125,
                    183886,
                    1,
                    184712,
                    1,
                    184714,
                    2,
                    184717,
                    129,
                    184851,
                    2,
                    184855,
                    1,
                    185673,
                    1,
                    185675,
                    132,
                    185808,
                    2,
                    185811,
                    1,
                    185813,
                    2,
                    186632,
                    2,
                    186636,
                    133,
                    186770,
                    1,
                    187594,
                    135,
                    187731,
                    3,
                    187735,
                    1,
                    188552,
                    1,
                    188554,
                    136,
                    188691,
                    1,
                    188694,
                    2,
                    189512,
                    1,
                    189514,
                    135,
                    189650,
                    2,
                    189654,
                    2,
                    190472,
                    1,
                    190474,
                    136,
                    190611,
                    2,
                    190622,
                    1,
                    191432,
                    142,
                    191575,
                    1,
                    192384,
                    1,
                    192386,
                    2,
                    192389,
                    3,
                    192393,
                    142,
                    192536,
                    3,
                    192540,
                    1,
                    192542,
                    2,
                    193346,
                    2,
                    193349,
                    145,
                    193495,
                    2,
                    193498,
                    1,
                    193501,
                    3,
                    194306,
                    2,
                    194309,
                    149,
                    195268,
                    150,
                    196225,
                    1,
                    196228,
                    149,
                    196378,
                    1,
                    196380,
                    4,
                    197185,
                    1,
                    197188,
                    1,
                    197190,
                    151,
                    197343,
                    1,
                    198147,
                    1,
                    198149,
                    152,
                    198302,
                    2,
                    199104,
                    2,
                    199107,
                    157,
                    200065,
                    1,
                    200068,
                    155,
                    200233,
                    2,
                    200236,
                    1,
                    201025,
                    1,
                    201027,
                    158,
                    201188,
                    1,
                    201193,
                    4,
                    201984,
                    1,
                    201987,
                    159,
                    202149,
                    2,
                    202156,
                    1,
                    202944,
                    2,
                    202947,
                    160,
                    203108,
                    1,
                    203110,
                    1,
                    203905,
                    164,
                    204070,
                    1,
                    204865,
                    166,
                    205824,
                    1,
                    205826,
                    164,
                    206784,
                    166,
                    206951,
                    1,
                    207736,
                    1,
                    207740,
                    2,
                    207744,
                    167,
                    207913,
                    2,
                    207917,
                    2,
                    208696,
                    1,
                    208703,
                    167,
                    208871,
                    2,
                    208876,
                    1,
                    208879,
                    1,
                    209656,
                    3,
                    209663,
                    170,
                    209836,
                    1,
                    209839,
                    1,
                    210617,
                    2,
                    210622,
                    174,
                    210799,
                    1,
                    211577,
                    2,
                    211581,
                    2,
                    211584,
                    171,
                    211758,
                    1,
                    212538,
                    1,
                    212541,
                    1,
                    212544,
                    171,
                    212717,
                    2,
                    213497,
                    1,
                    213501,
                    1,
                    213503,
                    171,
                    213675,
                    1,
                    213678,
                    1,
                    214457,
                    1,
                    214460,
                    177,
                    214639,
                    1,
                    215419,
                    1,
                    215421,
                    178,
                    216378,
                    1,
                    216381,
                    175,
                    216557,
                    1,
                    217338,
                    1,
                    217342,
                    175,
                    217518,
                    1,
                    218296,
                    1,
                    218298,
                    1,
                    218302,
                    177,
                    219256,
                    1,
                    219262,
                    178,
                    220216,
                    1,
                    220222,
                    179,
                    221176,
                    2,
                    221181,
                    180,
                    222137,
                    1,
                    222141,
                    181,
                    223100,
                    182,
                    223285,
                    1,
                    224060,
                    183,
                    224244,
                    1,
                    224246,
                    1,
                    225020,
                    185,
                    225206,
                    1,
                    225980,
                    184,
                    226165,
                    1,
                    226939,
                    1,
                    226941,
                    185,
                    227127,
                    1,
                    227131,
                    1,
                    227898,
                    2,
                    227901,
                    187,
                    228090,
                    2,
                    228858,
                    2,
                    228861,
                    186,
                    229050,
                    2,
                    229818,
                    2,
                    229821,
                    185,
                    230777,
                    1,
                    230779,
                    188,
                    230968,
                    1,
                    230973,
                    2,
                    231737,
                    1,
                    231739,
                    190,
                    231934,
                    1,
                    232697,
                    1,
                    232699,
                    189,
                    232895,
                    1,
                    233657,
                    1,
                    233659,
                    188,
                    233848,
                    2,
                    233852,
                    1,
                    233855,
                    1,
                    234617,
                    1,
                    234619,
                    191,
                    234812,
                    1,
                    234815,
                    1,
                    235577,
                    1,
                    235579,
                    191,
                    235771,
                    3,
                    236537,
                    1,
                    236539,
                    1,
                    236541,
                    188,
                    236730,
                    4,
                    237497,
                    1,
                    237499,
                    1,
                    237501,
                    188,
                    237690,
                    4,
                    237695,
                    1,
                    238457,
                    2,
                    238460,
                    193,
                    239418,
                    1,
                    239420,
                    192,
                    240376,
                    1,
                    240378,
                    1,
                    240380,
                    193,
                    241336,
                    1,
                    241338,
                    1,
                    241340,
                    191,
                    241533,
                    1,
                    242300,
                    194,
                    243259,
                    2,
                    243262,
                    192,
                    244219,
                    1,
                    244221,
                    192,
                    244414,
                    1,
                    245179,
                    196,
                    246136,
                    1,
                    246139,
                    2,
                    246142,
                    193,
                    247096,
                    1,
                    247099,
                    1,
                    247102,
                    192,
                    248061,
                    195,
                    249021,
                    195,
                    249978,
                    1,
                    249981,
                    1,
                    249983,
                    192,
                    250176,
                    1,
                    250938,
                    1,
                    250941,
                    1,
                    250943,
                    194,
                    251898,
                    2,
                    251901,
                    1,
                    251903,
                    193,
                    252858,
                    2,
                    252862,
                    194,
                    253816,
                    1,
                    253819,
                    1,
                    253822,
                    196,
                    254019,
                    2,
                    254776,
                    1,
                    254779,
                    1,
                    254782,
                    2,
                    254785,
                    193,
                    254980,
                    1,
                    255739,
                    1,
                    255742,
                    196,
                    255939,
                    2,
                    256699,
                    1,
                    256702,
                    195,
                    256898,
                    4,
                    257663,
                    196,
                    257861,
                    1,
                    258623,
                    197,
                    258821,
                    1,
                    259583,
                    195,
                    259779,
                    3,
                    260544,
                    194,
                    260739,
                    3,
                    261504,
                    199,
                    262464,
                    199,
                    263425,
                    196,
                    263622,
                    1,
                    264385,
                    194,
                    265345,
                    3,
                    265349,
                    193,
                    265543,
                    1,
                    266304,
                    198,
                    266503,
                    1,
                    267265,
                    196,
                    267462,
                    1,
                    268226,
                    195,
                    268422,
                    1,
                    269186,
                    194,
                    269381,
                    1,
                    270144,
                    1,
                    270147,
                    194,
                    271104,
                    1,
                    271107,
                    194,
                    272065,
                    1,
                    272068,
                    193,
                    273025,
                    2,
                    273028,
                    193,
                    273985,
                    2,
                    273989,
                    192,
                    274183,
                    1,
                    274945,
                    2,
                    274949,
                    193,
                    275143,
                    1,
                    275904,
                    1,
                    275909,
                    193,
                    276103,
                    1,
                    276864,
                    1,
                    276870,
                    193,
                    277824,
                    1,
                    277830,
                    5,
                    277836,
                    187,
                    278784,
                    1,
                    278790,
                    193,
                    279750,
                    6,
                    279757,
                    186,
                    280707,
                    1,
                    280711,
                    192,
                    281672,
                    191,
                    282626,
                    1,
                    282633,
                    190,
                    283586,
                    1,
                    283593,
                    191,
                    284554,
                    11,
                    284566,
                    177,
                    285514,
                    189,
                    286474,
                    6,
                    286481,
                    6,
                    286488,
                    175,
                    287434,
                    7,
                    287442,
                    180,
                    288393,
                    2,
                    288396,
                    186,
                    289353,
                    2,
                    289356,
                    186,
                    289543,
                    1,
                    290314,
                    2,
                    290317,
                    187,
                    291272,
                    5,
                    291278,
                    186,
                    292232,
                    1,
                    292235,
                    1,
                    292238,
                    185,
                    293192,
                    1,
                    293195,
                    1,
                    293198,
                    8,
                    293207,
                    176,
                    294152,
                    1,
                    294159,
                    184,
                    295112,
                    1,
                    295116,
                    1,
                    295120,
                    181,
                    295302,
                    1,
                    296072,
                    1,
                    296076,
                    2,
                    296080,
                    183,
                    297035,
                    4,
                    297041,
                    8,
                    297050,
                    173,
                    297994,
                    1,
                    298001,
                    9,
                    298011,
                    171,
                    298953,
                    2,
                    298960,
                    1,
                    298962,
                    15,
                    298978,
                    162,
                    299141,
                    1,
                    299143,
                    1,
                    299920,
                    1,
                    299923,
                    9,
                    299933,
                    4,
                    299939,
                    161,
                    300101,
                    1,
                    300103,
                    1,
                    300883,
                    13,
                    300899,
                    163,
                    301063,
                    1,
                    301841,
                    1,
                    301844,
                    12,
                    301861,
                    161,
                    302804,
                    12,
                    302822,
                    160,
                    303763,
                    1,
                    303765,
                    11,
                    303780,
                    1,
                    303782,
                    157,
                    303940,
                    2,
                    304723,
                    1,
                    304725,
                    13,
                    304744,
                    156,
                    304902,
                    1,
                    305682,
                    1,
                    305686,
                    13,
                    305705,
                    155,
                    305862,
                    1,
                    306641,
                    2,
                    306645,
                    2,
                    306648,
                    11,
                    306666,
                    152,
                    306819,
                    2,
                    306822,
                    2,
                    307609,
                    11,
                    307621,
                    2,
                    307625,
                    152,
                    307778,
                    2,
                    307782,
                    1,
                    308569,
                    13,
                    308584,
                    1,
                    308588,
                    152,
                    309530,
                    13,
                    309547,
                    1,
                    309549,
                    150,
                    309701,
                    1,
                    309703,
                    1,
                    310491,
                    14,
                    310510,
                    149,
                    310660,
                    2,
                    310663,
                    1,
                    311448,
                    1,
                    311451,
                    13,
                    311465,
                    1,
                    311467,
                    1,
                    311469,
                    1,
                    311471,
                    148,
                    311620,
                    2,
                    311623,
                    1,
                    312412,
                    15,
                    312432,
                    138,
                    312571,
                    4,
                    312576,
                    3,
                    312580,
                    2,
                    312583,
                    1,
                    313373,
                    15,
                    313390,
                    2,
                    313393,
                    146,
                    313540,
                    1,
                    313543,
                    1,
                    314333,
                    15,
                    314354,
                    144,
                    314499,
                    1,
                    314503,
                    1,
                    315296,
                    13,
                    315312,
                    146,
                    315460,
                    2,
                    316256,
                    14,
                    316271,
                    1,
                    316273,
                    136,
                    316411,
                    2,
                    316414,
                    4,
                    316420,
                    1,
                    317216,
                    15,
                    317233,
                    5,
                    317239,
                    130,
                    317370,
                    7,
                    318178,
                    151,
                    318330,
                    6,
                    319138,
                    22,
                    319161,
                    130,
                    319292,
                    4,
                    320097,
                    2,
                    320100,
                    155,
                    321060,
                    23,
                    321084,
                    120,
                    321205,
                    4,
                    321210,
                    5,
                    321222,
                    1,
                    322016,
                    1,
                    322019,
                    1,
                    322021,
                    23,
                    322045,
                    118,
                    322164,
                    11,
                    322182,
                    1,
                    322984,
                    138,
                    323124,
                    10,
                    323135,
                    1,
                    323944,
                    23,
                    323968,
                    119,
                    324088,
                    5,
                    324095,
                    1,
                    324905,
                    23,
                    324929,
                    112,
                    325042,
                    4,
                    325047,
                    6,
                    325866,
                    132,
                    325999,
                    1,
                    326003,
                    11,
                    326827,
                    28,
                    326856,
                    2,
                    326859,
                    4,
                    326864,
                    93,
                    326959,
                    1,
                    326962,
                    10,
                    326973,
                    1,
                    327787,
                    25,
                    327813,
                    1,
                    327815,
                    4,
                    327820,
                    96,
                    327917,
                    1,
                    327920,
                    1,
                    327922,
                    9,
                    327932,
                    1,
                    328746,
                    2,
                    328750,
                    30,
                    328781,
                    94,
                    328876,
                    2,
                    328880,
                    1,
                    328883,
                    8,
                    329704,
                    1,
                    329710,
                    32,
                    329743,
                    91,
                    329835,
                    1,
                    329839,
                    1,
                    329842,
                    8,
                    329852,
                    1,
                    330672,
                    122,
                    330800,
                    10,
                    330815,
                    1,
                    331633,
                    31,
                    331666,
                    85,
                    331754,
                    1,
                    331758,
                    12,
                    331775,
                    1,
                    332594,
                    32,
                    332628,
                    82,
                    332717,
                    11,
                    333556,
                    32,
                    333589,
                    82,
                    333676,
                    11,
                    334512,
                    2,
                    334517,
                    32,
                    334550,
                    76,
                    334629,
                    2,
                    334634,
                    14,
                    334652,
                    1,
                    335473,
                    3,
                    335478,
                    32,
                    335511,
                    78,
                    335592,
                    14,
                    336434,
                    2,
                    336440,
                    31,
                    336472,
                    17,
                    336490,
                    51,
                    336543,
                    6,
                    336551,
                    14,
                    337397,
                    1,
                    337401,
                    32,
                    337434,
                    66,
                    337501,
                    8,
                    337511,
                    13,
                    337528,
                    1,
                    338363,
                    29,
                    338393,
                    26,
                    338420,
                    62,
                    338485,
                    2,
                    339320,
                    1,
                    339324,
                    58,
                    339383,
                    22,
                    339406,
                    3,
                    339410,
                    5,
                    339416,
                    26,
                    339445,
                    1,
                    340280,
                    3,
                    340286,
                    58,
                    340345,
                    17,
                    340363,
                    11,
                    340375,
                    26,
                    340405,
                    1,
                    341242,
                    2,
                    341246,
                    73,
                    341321,
                    10,
                    341333,
                    27,
                    341367,
                    1,
                    342202,
                    3,
                    342208,
                    60,
                    342269,
                    8,
                    342278,
                    41,
                    342322,
                    1,
                    342326,
                    2,
                    343160,
                    1,
                    343165,
                    1,
                    343170,
                    63,
                    343235,
                    43,
                    343280,
                    3,
                    343286,
                    2,
                    344120,
                    1,
                    344125,
                    1,
                    344132,
                    60,
                    344193,
                    45,
                    345083,
                    2,
                    345090,
                    2,
                    345093,
                    102,
                    345197,
                    3,
                    345204,
                    2,
                    346056,
                    99,
                    347018,
                    96,
                    347119,
                    1,
                    347976,
                    1,
                    347980,
                    91,
                    348078,
                    2,
                    348936,
                    2,
                    348942,
                    88,
                    349037,
                    3,
                    349899,
                    3,
                    349904,
                    83,
                    349991,
                    1,
                    349995,
                    2,
                    350861,
                    3,
                    350868,
                    77,
                    351816,
                    2,
                    351824,
                    2,
                    351830,
                    74,
                    352793,
                    68,
                    352870,
                    1,
                    353756,
                    63,
                    354717,
                    61,
                    354782,
                    2,
                    355682,
                    52,
                    355743,
                    1,
                    356634,
                    4,
                    356645,
                    45,
                    357592,
                    10,
                    357610,
                    36,
                    357653,
                    3,
                    358552,
                    2,
                    358560,
                    2,
                    358565,
                    3,
                    358576,
                    22,
                    358608,
                    2,
                    358612,
                    3,
                    358620,
                    2,
                    359528,
                    2,
                    359566,
                    3,
                    359581,
                    3,
                    360475,
                    5,
                    360482,
                    3,
                    360496,
                    8,
                    360515,
                    5,
                    360532,
                    2
                ]
            }
        }
    ]
}