{
    "image_id": 23,
    "file_name": "Wheat_002_001_003_002.jpg",
    "width": 960,
    "height": 540,
    "annotations": [
        {
            "id": 1,
            "category_id": 2132,
            "bbox": [
                369,
                168,
                591,
                359
            ],
            "bbox_mode": 0,
            "segmentation": {
                "size": [
                    540,
                    960
                ],
                "counts": [
                    161712,
                    1,
                    161714,
                    2,
                    161717,
                    1,
                    161720,
                    2,
                    161723,
                    4,
                    161728,
                    2,
                    161733,
                    1,
                    161735,
                    1,
                    161750,
                    2,
                    161757,
                    2,
                    161762,
                    1,
                    161765,
                    2,
                    161776,
                    5,
                    162672,
                    3,
                    162679,
                    2,
                    162682,
                    1,
                    162685,
                    1,
                    162687,
                    2,
                    162690,
                    1,
                    162692,
                    1,
                    162694,
                    2,
                    162702,
                    2,
                    162712,
                    3,
                    162720,
                    1,
                    162726,
                    4,
                    162731,
                    1,
                    162734,
                    3,
                    162738,
                    1,
                    162742,
                    2,
                    163632,
                    2,
                    163635,
                    2,
                    163639,
                    4,
                    163644,
                    2,
                    163648,
                    8,
                    163659,
                    18,
                    163679,
                    1,
                    163683,
                    3,
                    163687,
                    2,
                    163691,
                    3,
                    163696,
                    2,
                    163700,
                    1,
                    163703,
                    1,
                    164592,
                    2,
                    164600,
                    1,
                    164602,
                    1,
                    164604,
                    3,
                    164608,
                    7,
                    164616,
                    23,
                    164640,
                    5,
                    164646,
                    1,
                    164649,
                    3,
                    164656,
                    2,
                    164662,
                    2,
                    165552,
                    2,
                    165555,
                    3,
                    165561,
                    2,
                    165565,
                    3,
                    165569,
                    37,
                    165607,
                    5,
                    165614,
                    4,
                    166512,
                    4,
                    166519,
                    53,
                    166573,
                    3,
                    166578,
                    1,
                    166581,
                    1,
                    167472,
                    1,
                    167474,
                    2,
                    167477,
                    65,
                    167543,
                    1,
                    168434,
                    70,
                    169368,
                    2,
                    169374,
                    2,
                    169378,
                    3,
                    169382,
                    1,
                    169384,
                    1,
                    169387,
                    1,
                    169389,
                    1,
                    169391,
                    2,
                    169394,
                    74,
                    169470,
                    4,
                    169476,
                    2,
                    169482,
                    2,
                    169487,
                    1,
                    169494,
                    3,
                    170328,
                    1,
                    170337,
                    1,
                    170339,
                    4,
                    170344,
                    85,
                    170432,
                    1,
                    170434,
                    1,
                    170439,
                    2,
                    170444,
                    2,
                    170447,
                    1,
                    170456,
                    1,
                    171296,
                    1,
                    171299,
                    4,
                    171304,
                    1,
                    171306,
                    89,
                    171396,
                    2,
                    171399,
                    3,
                    171405,
                    2,
                    172243,
                    1,
                    172245,
                    1,
                    172257,
                    1,
                    172259,
                    1,
                    172261,
                    1,
                    172263,
                    93,
                    172359,
                    4,
                    172366,
                    2,
                    172381,
                    1,
                    173217,
                    1,
                    173219,
                    96,
                    173316,
                    2,
                    173319,
                    1,
                    173321,
                    1,
                    173323,
                    2,
                    173327,
                    1,
                    173343,
                    1,
                    174176,
                    4,
                    174181,
                    98,
                    174280,
                    2,
                    174284,
                    1,
                    175134,
                    105,
                    175241,
                    2,
                    175246,
                    1,
                    176090,
                    1,
                    176094,
                    110,
                    176205,
                    2,
                    177047,
                    1,
                    177049,
                    2,
                    177053,
                    113,
                    177169,
                    2,
                    177175,
                    1,
                    177181,
                    1,
                    178000,
                    1,
                    178003,
                    2,
                    178008,
                    2,
                    178012,
                    1,
                    178014,
                    115,
                    178130,
                    5,
                    178136,
                    3,
                    178142,
                    2,
                    178961,
                    2,
                    178965,
                    127,
                    179095,
                    1,
                    179098,
                    2,
                    179103,
                    1,
                    179926,
                    126,
                    180053,
                    2,
                    180059,
                    2,
                    180063,
                    1,
                    180880,
                    6,
                    180887,
                    130,
                    181020,
                    2,
                    181841,
                    3,
                    181845,
                    129,
                    181975,
                    3,
                    181981,
                    2,
                    182800,
                    4,
                    182805,
                    134,
                    182940,
                    1,
                    182942,
                    1,
                    183760,
                    1,
                    183762,
                    137,
                    183900,
                    1,
                    183902,
                    1,
                    184713,
                    1,
                    184715,
                    1,
                    184717,
                    1,
                    184719,
                    1,
                    184721,
                    139,
                    184862,
                    2,
                    184866,
                    3,
                    184870,
                    1,
                    185672,
                    2,
                    185675,
                    5,
                    185681,
                    141,
                    185823,
                    9,
                    186632,
                    2,
                    186635,
                    1,
                    186638,
                    1,
                    186640,
                    145,
                    186786,
                    1,
                    186789,
                    3,
                    187593,
                    1,
                    187596,
                    2,
                    187599,
                    147,
                    187747,
                    1,
                    187749,
                    3,
                    188552,
                    1,
                    188556,
                    1,
                    188558,
                    150,
                    188709,
                    1,
                    188711,
                    1,
                    189512,
                    160,
                    190474,
                    1,
                    190477,
                    155,
                    191433,
                    2,
                    191436,
                    155,
                    192385,
                    3,
                    192393,
                    1,
                    192395,
                    159,
                    192555,
                    5,
                    193344,
                    1,
                    193349,
                    1,
                    193352,
                    1,
                    193355,
                    159,
                    193516,
                    4,
                    194305,
                    1,
                    194308,
                    2,
                    194312,
                    161,
                    194475,
                    2,
                    195265,
                    1,
                    195268,
                    1,
                    195271,
                    165,
                    195437,
                    2,
                    196225,
                    172,
                    197185,
                    172,
                    198144,
                    4,
                    198149,
                    169,
                    198319,
                    1,
                    199105,
                    1,
                    199107,
                    1,
                    199109,
                    168,
                    199278,
                    1,
                    200064,
                    1,
                    200068,
                    171,
                    200240,
                    2,
                    200243,
                    1,
                    200246,
                    2,
                    201025,
                    3,
                    201029,
                    171,
                    201201,
                    1,
                    201203,
                    4,
                    201984,
                    1,
                    201986,
                    178,
                    202165,
                    3,
                    202944,
                    1,
                    202946,
                    178,
                    203127,
                    1,
                    203906,
                    176,
                    204083,
                    1,
                    204085,
                    1,
                    204087,
                    1,
                    204866,
                    181,
                    205824,
                    2,
                    205827,
                    181,
                    206785,
                    183,
                    207736,
                    1,
                    207738,
                    1,
                    207745,
                    183,
                    207929,
                    3,
                    207934,
                    1,
                    208699,
                    3,
                    208704,
                    189,
                    208894,
                    2,
                    209660,
                    1,
                    209663,
                    193,
                    210617,
                    1,
                    210621,
                    1,
                    210623,
                    187,
                    210813,
                    1,
                    211577,
                    1,
                    211582,
                    191,
                    211774,
                    1,
                    212537,
                    1,
                    212542,
                    190,
                    212735,
                    1,
                    213497,
                    3,
                    213501,
                    1,
                    213503,
                    188,
                    213692,
                    1,
                    213695,
                    1,
                    214456,
                    1,
                    214458,
                    2,
                    214462,
                    191,
                    214654,
                    2,
                    215416,
                    3,
                    215421,
                    191,
                    215613,
                    1,
                    215615,
                    2,
                    215619,
                    2,
                    216369,
                    1,
                    216376,
                    1,
                    216380,
                    195,
                    216582,
                    2,
                    217337,
                    1,
                    217339,
                    196,
                    217537,
                    2,
                    217542,
                    2,
                    218297,
                    1,
                    218299,
                    1,
                    218301,
                    193,
                    218495,
                    1,
                    218497,
                    4,
                    219256,
                    1,
                    219259,
                    200,
                    219460,
                    1,
                    220216,
                    1,
                    220219,
                    198,
                    220420,
                    1,
                    220423,
                    1,
                    221180,
                    200,
                    221381,
                    2,
                    222137,
                    1,
                    222140,
                    199,
                    222340,
                    4,
                    223098,
                    202,
                    223302,
                    2,
                    224058,
                    201,
                    224260,
                    1,
                    225019,
                    201,
                    225221,
                    1,
                    225976,
                    2,
                    225979,
                    202,
                    226183,
                    1,
                    226936,
                    205,
                    227896,
                    2,
                    227899,
                    205,
                    228856,
                    1,
                    228858,
                    203,
                    229063,
                    1,
                    229816,
                    1,
                    229818,
                    205,
                    230776,
                    1,
                    230778,
                    207,
                    230988,
                    1,
                    230991,
                    1,
                    231736,
                    1,
                    231738,
                    206,
                    231945,
                    3,
                    232697,
                    206,
                    232906,
                    2,
                    232910,
                    1,
                    233657,
                    207,
                    233870,
                    1,
                    234617,
                    208,
                    234826,
                    1,
                    234831,
                    1,
                    235577,
                    207,
                    235785,
                    1,
                    235788,
                    1,
                    235791,
                    1,
                    236537,
                    215,
                    237496,
                    1,
                    237498,
                    207,
                    237706,
                    6,
                    238456,
                    210,
                    238667,
                    3,
                    238671,
                    1,
                    239418,
                    209,
                    239629,
                    1,
                    239631,
                    1,
                    240378,
                    209,
                    240588,
                    1,
                    240590,
                    2,
                    241338,
                    208,
                    241548,
                    1,
                    241550,
                    1,
                    242298,
                    210,
                    243258,
                    212,
                    244218,
                    213,
                    245178,
                    210,
                    245389,
                    2,
                    246138,
                    211,
                    246350,
                    1,
                    247098,
                    210,
                    248058,
                    212,
                    249018,
                    213,
                    249977,
                    212,
                    250191,
                    1,
                    250936,
                    1,
                    250938,
                    214,
                    251899,
                    211,
                    252858,
                    212,
                    253816,
                    2,
                    253819,
                    213,
                    254777,
                    1,
                    254779,
                    212,
                    255739,
                    212,
                    256699,
                    213,
                    257660,
                    212,
                    258620,
                    212,
                    259579,
                    213,
                    260539,
                    1,
                    260541,
                    211,
                    261498,
                    2,
                    261502,
                    210,
                    262460,
                    212,
                    263417,
                    1,
                    263420,
                    2,
                    263423,
                    209,
                    264377,
                    2,
                    264381,
                    211,
                    265337,
                    1,
                    265339,
                    1,
                    265342,
                    1,
                    265344,
                    207,
                    266297,
                    2,
                    266300,
                    1,
                    266302,
                    6,
                    266310,
                    201,
                    267258,
                    1,
                    267262,
                    6,
                    267270,
                    202,
                    268218,
                    1,
                    268220,
                    2,
                    268223,
                    209,
                    269176,
                    1,
                    269181,
                    10,
                    269192,
                    200,
                    270136,
                    1,
                    270141,
                    4,
                    270146,
                    206,
                    271102,
                    4,
                    271107,
                    5,
                    271113,
                    198,
                    272064,
                    207,
                    273019,
                    1,
                    273025,
                    2,
                    273028,
                    5,
                    273034,
                    197,
                    273985,
                    3,
                    273989,
                    5,
                    273995,
                    196,
                    274945,
                    7,
                    274953,
                    2,
                    274956,
                    195,
                    275903,
                    2,
                    275906,
                    3,
                    275910,
                    6,
                    275917,
                    194,
                    276866,
                    10,
                    276877,
                    195,
                    277826,
                    5,
                    277832,
                    199,
                    278787,
                    5,
                    278793,
                    5,
                    278800,
                    191,
                    279745,
                    1,
                    279748,
                    5,
                    279754,
                    4,
                    279759,
                    193,
                    280705,
                    1,
                    280708,
                    10,
                    280719,
                    192,
                    281668,
                    6,
                    281675,
                    3,
                    281679,
                    192,
                    282629,
                    6,
                    282636,
                    195,
                    283584,
                    1,
                    283589,
                    9,
                    283599,
                    191,
                    284546,
                    2,
                    284550,
                    7,
                    284559,
                    193,
                    285507,
                    1,
                    285510,
                    196,
                    285707,
                    4,
                    286471,
                    16,
                    286488,
                    178,
                    286667,
                    2,
                    286670,
                    1,
                    287432,
                    193,
                    287627,
                    2,
                    287630,
                    1,
                    288393,
                    192,
                    288586,
                    3,
                    288590,
                    1,
                    289350,
                    2,
                    289353,
                    191,
                    289546,
                    3,
                    289550,
                    1,
                    290305,
                    1,
                    290310,
                    1,
                    290313,
                    190,
                    290504,
                    4,
                    291265,
                    2,
                    291272,
                    1,
                    291275,
                    188,
                    291465,
                    1,
                    292232,
                    1,
                    292235,
                    19,
                    292255,
                    167,
                    292423,
                    1,
                    292425,
                    1,
                    292427,
                    2,
                    292430,
                    1,
                    293196,
                    186,
                    293383,
                    2,
                    294157,
                    184,
                    294344,
                    3,
                    294348,
                    2,
                    295117,
                    183,
                    295305,
                    2,
                    295308,
                    2,
                    296072,
                    1,
                    296077,
                    22,
                    296100,
                    160,
                    296262,
                    1,
                    296264,
                    3,
                    296268,
                    2,
                    297032,
                    1,
                    297036,
                    184,
                    297221,
                    1,
                    297223,
                    4,
                    297995,
                    2,
                    298000,
                    180,
                    298181,
                    1,
                    298183,
                    3,
                    298955,
                    1,
                    298959,
                    1,
                    298961,
                    179,
                    299141,
                    4,
                    299146,
                    2,
                    299150,
                    1,
                    299921,
                    179,
                    300102,
                    4,
                    300109,
                    2,
                    300882,
                    24,
                    300907,
                    153,
                    301061,
                    5,
                    301069,
                    2,
                    301843,
                    182,
                    302029,
                    1,
                    302800,
                    1,
                    302804,
                    180,
                    302989,
                    1,
                    303764,
                    179,
                    304722,
                    1,
                    304725,
                    178,
                    305686,
                    28,
                    305715,
                    148,
                    306648,
                    173,
                    306823,
                    4,
                    307609,
                    29,
                    307639,
                    143,
                    308569,
                    172,
                    309530,
                    170,
                    310491,
                    32,
                    310524,
                    116,
                    310641,
                    18,
                    311448,
                    1,
                    311452,
                    33,
                    311486,
                    8,
                    311496,
                    123,
                    312408,
                    2,
                    312413,
                    34,
                    312448,
                    9,
                    312458,
                    99,
                    312558,
                    20,
                    313369,
                    2,
                    313374,
                    45,
                    313420,
                    117,
                    313539,
                    2,
                    314336,
                    160,
                    314499,
                    2,
                    314503,
                    1,
                    315297,
                    45,
                    315343,
                    112,
                    316258,
                    46,
                    316305,
                    84,
                    316390,
                    25,
                    317219,
                    128,
                    317348,
                    26,
                    318181,
                    47,
                    318229,
                    62,
                    318293,
                    11,
                    318305,
                    28,
                    319137,
                    2,
                    319142,
                    48,
                    319191,
                    58,
                    319250,
                    4,
                    319255,
                    38,
                    320104,
                    115,
                    320220,
                    32,
                    321061,
                    1,
                    321065,
                    98,
                    321164,
                    47,
                    322016,
                    1,
                    322021,
                    1,
                    322027,
                    94,
                    322122,
                    48,
                    322173,
                    2,
                    322986,
                    87,
                    323074,
                    53,
                    323949,
                    138,
                    324905,
                    1,
                    324911,
                    134,
                    325047,
                    1,
                    325865,
                    2,
                    325871,
                    133,
                    326007,
                    1,
                    326826,
                    6,
                    326833,
                    130,
                    327787,
                    2,
                    327792,
                    1,
                    327795,
                    127,
                    327925,
                    2,
                    328752,
                    1,
                    328756,
                    124,
                    329708,
                    3,
                    329714,
                    1,
                    329718,
                    121,
                    329842,
                    2,
                    330681,
                    116,
                    331640,
                    116,
                    331759,
                    1,
                    332600,
                    1,
                    332605,
                    109,
                    332717,
                    3,
                    333565,
                    109,
                    333676,
                    2,
                    334522,
                    3,
                    334529,
                    102,
                    334635,
                    3,
                    335483,
                    3,
                    335492,
                    98,
                    335594,
                    1,
                    335599,
                    1,
                    336446,
                    4,
                    336454,
                    93,
                    336554,
                    1,
                    336559,
                    1,
                    337400,
                    4,
                    337417,
                    88,
                    337515,
                    2,
                    338380,
                    82,
                    339341,
                    79,
                    340305,
                    72,
                    340382,
                    2,
                    341258,
                    4,
                    341268,
                    65,
                    341336,
                    1,
                    341342,
                    2,
                    342216,
                    9,
                    342233,
                    56,
                    343176,
                    2,
                    343191,
                    1,
                    343195,
                    52,
                    343251,
                    3,
                    344150,
                    6,
                    344160,
                    40,
                    344209,
                    5,
                    344220,
                    2,
                    345099,
                    5,
                    345130,
                    25,
                    345160,
                    2,
                    345167,
                    1,
                    345174,
                    2
                ]
            }
        }
    ]
}