{
    "image_id": 56,
    "file_name": "Wheat_005_001_002_003.jpg",
    "width": 960,
    "height": 540,
    "annotations": [
        {
            "id": 1,
            "category_id": 5123,
            "bbox": [
                388,
                144,
                631,
                383
            ],
            "bbox_mode": 0,
            "segmentation": {
                "size": [
                    540,
                    960
                ],
                "counts": [
                    138713,
                    1,
                    138719,
                    1,
                    138722,
                    2,
                    138736,
                    2,
                    138744,
                    1,
                    138748,
                    1,
                    138750,
                    2,
                    138755,
                    1,
                    138762,
                    3,
                    138768,
                    1,
                    138776,
                    3,
                    138783,
                    1,
                    138790,
                    2,
                    139675,
                    5,
                    139682,
                    6,
                    139690,
                    3,
                    139696,
                    2,
                    139703,
                    6,
                    139712,
                    2,
                    139716,
                    1,
                    139719,
                    1,
                    139726,
                    2,
                    139733,
                    1,
                    139736,
                    1,
                    139739,
                    3,
                    139751,
                    1,
                    140632,
                    1,
                    140638,
                    2,
                    140648,
                    2,
                    140656,
                    1,
                    140659,
                    4,
                    140664,
                    20,
                    140685,
                    5,
                    140692,
                    2,
                    140696,
                    2,
                    140702,
                    2,
                    141596,
                    5,
                    141604,
                    4,
                    141612,
                    10,
                    141623,
                    23,
                    141648,
                    1,
                    141651,
                    5,
                    141659,
                    3,
                    141663,
                    1,
                    142554,
                    3,
                    142564,
                    2,
                    142568,
                    6,
                    142575,
                    31,
                    142607,
                    5,
                    142616,
                    1,
                    142618,
                    1,
                    142620,
                    4,
                    143512,
                    2,
                    143515,
                    1,
                    143518,
                    61,
                    144472,
                    1,
                    144476,
                    3,
                    144480,
                    58,
                    144539,
                    6,
                    145431,
                    75,
                    146376,
                    2,
                    146383,
                    1,
                    146390,
                    78,
                    146472,
                    1,
                    146475,
                    2,
                    146479,
                    1,
                    146481,
                    2,
                    146484,
                    1,
                    146486,
                    2,
                    147340,
                    3,
                    147348,
                    2,
                    147351,
                    80,
                    147432,
                    2,
                    147437,
                    1,
                    147444,
                    3,
                    148298,
                    2,
                    148302,
                    4,
                    148308,
                    84,
                    148393,
                    6,
                    148400,
                    2,
                    148404,
                    3,
                    149256,
                    1,
                    149261,
                    92,
                    149354,
                    1,
                    149357,
                    2,
                    149360,
                    1,
                    149365,
                    1,
                    149367,
                    1,
                    150216,
                    1,
                    150218,
                    100,
                    150320,
                    2,
                    150323,
                    2,
                    151176,
                    1,
                    151179,
                    98,
                    151278,
                    4,
                    151285,
                    2,
                    152136,
                    107,
                    152244,
                    3,
                    153096,
                    108,
                    153206,
                    1,
                    154040,
                    1,
                    154043,
                    2,
                    154051,
                    4,
                    154056,
                    111,
                    155000,
                    1,
                    155002,
                    2,
                    155008,
                    1,
                    155010,
                    116,
                    155127,
                    1,
                    155129,
                    2,
                    155960,
                    2,
                    155963,
                    2,
                    155966,
                    2,
                    155969,
                    121,
                    156091,
                    2,
                    156095,
                    1,
                    156921,
                    1,
                    156923,
                    3,
                    156928,
                    1,
                    156930,
                    122,
                    157053,
                    2,
                    157880,
                    1,
                    157885,
                    128,
                    158014,
                    2,
                    158841,
                    1,
                    158843,
                    1,
                    158845,
                    130,
                    159792,
                    2,
                    159800,
                    1,
                    159802,
                    134,
                    160760,
                    1,
                    160762,
                    1,
                    160764,
                    133,
                    161712,
                    1,
                    161714,
                    2,
                    161718,
                    1,
                    161721,
                    139,
                    161867,
                    2,
                    161871,
                    1,
                    162672,
                    2,
                    162675,
                    3,
                    162679,
                    143,
                    162823,
                    1,
                    163632,
                    2,
                    163635,
                    1,
                    163637,
                    1,
                    163639,
                    148,
                    163789,
                    1,
                    164593,
                    1,
                    164595,
                    148,
                    164745,
                    3,
                    164751,
                    1,
                    165552,
                    1,
                    165554,
                    151,
                    165711,
                    1,
                    166512,
                    1,
                    166514,
                    152,
                    166668,
                    2,
                    167472,
                    156,
                    167629,
                    2,
                    168431,
                    158,
                    168590,
                    2,
                    169385,
                    1,
                    169388,
                    2,
                    169391,
                    158,
                    169557,
                    1,
                    170344,
                    6,
                    170351,
                    163,
                    171304,
                    2,
                    171307,
                    164,
                    171472,
                    1,
                    171479,
                    1,
                    172266,
                    165,
                    172432,
                    1,
                    172436,
                    2,
                    173225,
                    2,
                    173228,
                    167,
                    173396,
                    2,
                    174184,
                    172,
                    174357,
                    2,
                    175144,
                    172,
                    175318,
                    1,
                    176103,
                    173,
                    176278,
                    1,
                    177058,
                    1,
                    177061,
                    177,
                    177242,
                    1,
                    177244,
                    1,
                    177246,
                    1,
                    178017,
                    2,
                    178020,
                    1,
                    178022,
                    175,
                    178198,
                    3,
                    178207,
                    1,
                    178976,
                    1,
                    178980,
                    1,
                    178982,
                    177,
                    179162,
                    1,
                    179166,
                    1,
                    179936,
                    1,
                    179938,
                    1,
                    179940,
                    180,
                    180121,
                    1,
                    180123,
                    1,
                    180126,
                    1,
                    180896,
                    2,
                    180899,
                    182,
                    181083,
                    1,
                    181858,
                    184,
                    182044,
                    1,
                    182046,
                    2,
                    182816,
                    2,
                    182819,
                    186,
                    183006,
                    2,
                    183777,
                    191,
                    184729,
                    2,
                    184734,
                    1,
                    184736,
                    190,
                    184927,
                    1,
                    185689,
                    1,
                    185692,
                    1,
                    185694,
                    191,
                    185887,
                    1,
                    186653,
                    1,
                    186656,
                    190,
                    186847,
                    1,
                    187609,
                    5,
                    187615,
                    192,
                    188570,
                    197,
                    189529,
                    2,
                    189532,
                    194,
                    189727,
                    1,
                    190489,
                    1,
                    190492,
                    196,
                    191448,
                    201,
                    192406,
                    3,
                    192410,
                    201,
                    192614,
                    1,
                    193369,
                    1,
                    193371,
                    203,
                    194320,
                    3,
                    194329,
                    201,
                    194531,
                    1,
                    194534,
                    1,
                    195280,
                    1,
                    195289,
                    202,
                    195492,
                    1,
                    195494,
                    1,
                    196247,
                    206,
                    196454,
                    1,
                    197205,
                    207,
                    197413,
                    2,
                    198167,
                    205,
                    198373,
                    3,
                    199124,
                    1,
                    199126,
                    210,
                    200083,
                    1,
                    200085,
                    209,
                    201042,
                    214,
                    202000,
                    3,
                    202004,
                    1,
                    202006,
                    210,
                    202960,
                    1,
                    202963,
                    213,
                    203921,
                    1,
                    203923,
                    213,
                    204881,
                    214,
                    205842,
                    216,
                    206800,
                    218,
                    207760,
                    1,
                    207762,
                    218,
                    207981,
                    3,
                    208720,
                    218,
                    208940,
                    1,
                    209681,
                    220,
                    210641,
                    219,
                    210862,
                    1,
                    211600,
                    220,
                    211822,
                    1,
                    212560,
                    221,
                    212782,
                    2,
                    213520,
                    219,
                    213740,
                    1,
                    213742,
                    2,
                    214480,
                    221,
                    215433,
                    4,
                    215438,
                    1,
                    215440,
                    221,
                    216388,
                    2,
                    216393,
                    1,
                    216398,
                    223,
                    216623,
                    1,
                    217348,
                    2,
                    217353,
                    1,
                    217357,
                    224,
                    217582,
                    2,
                    218308,
                    1,
                    218312,
                    1,
                    218314,
                    1,
                    218317,
                    227,
                    219272,
                    1,
                    219276,
                    226,
                    220232,
                    1,
                    220236,
                    1,
                    220238,
                    224,
                    221194,
                    1,
                    221196,
                    227,
                    222154,
                    1,
                    222156,
                    227,
                    223112,
                    231,
                    224074,
                    228,
                    225033,
                    230,
                    225993,
                    1,
                    225995,
                    229,
                    226953,
                    1,
                    226955,
                    229,
                    227913,
                    1,
                    227916,
                    227,
                    228873,
                    1,
                    228875,
                    229,
                    229833,
                    1,
                    229835,
                    229,
                    230794,
                    231,
                    231027,
                    1,
                    231030,
                    1,
                    231753,
                    1,
                    231755,
                    229,
                    231985,
                    1,
                    231987,
                    1,
                    231990,
                    1,
                    232713,
                    1,
                    232715,
                    229,
                    232945,
                    1,
                    232947,
                    1,
                    232950,
                    1,
                    233673,
                    233,
                    233907,
                    1,
                    233910,
                    1,
                    234633,
                    234,
                    234868,
                    1,
                    234870,
                    1,
                    235592,
                    233,
                    235826,
                    1,
                    235828,
                    1,
                    236552,
                    1,
                    236554,
                    231,
                    236786,
                    1,
                    236788,
                    1,
                    237512,
                    1,
                    237514,
                    233,
                    237748,
                    1,
                    238472,
                    1,
                    238474,
                    236,
                    238711,
                    1,
                    239432,
                    235,
                    239668,
                    2,
                    239671,
                    1,
                    240392,
                    234,
                    240628,
                    1,
                    241352,
                    234,
                    241587,
                    1,
                    241590,
                    1,
                    242312,
                    236,
                    242549,
                    2,
                    243273,
                    235,
                    243510,
                    1,
                    244233,
                    234,
                    244468,
                    1,
                    244470,
                    1,
                    245193,
                    234,
                    245428,
                    1,
                    245430,
                    1,
                    246152,
                    235,
                    246391,
                    1,
                    247113,
                    234,
                    247351,
                    1,
                    248073,
                    234,
                    248311,
                    1,
                    249033,
                    234,
                    249268,
                    1,
                    249271,
                    1,
                    249993,
                    234,
                    250228,
                    1,
                    250231,
                    1,
                    250952,
                    235,
                    251188,
                    1,
                    251191,
                    1,
                    251912,
                    235,
                    252148,
                    1,
                    252873,
                    234,
                    253108,
                    1,
                    253833,
                    234,
                    254793,
                    234,
                    255028,
                    1,
                    255753,
                    234,
                    255988,
                    1,
                    255990,
                    1,
                    256713,
                    234,
                    256948,
                    1,
                    256950,
                    1,
                    257673,
                    234,
                    257908,
                    1,
                    257910,
                    1,
                    258633,
                    235,
                    258870,
                    1,
                    259593,
                    233,
                    259827,
                    1,
                    259830,
                    1,
                    260553,
                    235,
                    261513,
                    233,
                    261747,
                    2,
                    261750,
                    1,
                    262474,
                    235,
                    262710,
                    1,
                    263432,
                    1,
                    263434,
                    231,
                    263666,
                    2,
                    263670,
                    1,
                    264392,
                    1,
                    264394,
                    233,
                    264630,
                    1,
                    265352,
                    235,
                    265590,
                    1,
                    266313,
                    1,
                    266315,
                    232,
                    266550,
                    1,
                    267273,
                    231,
                    267505,
                    1,
                    267508,
                    1,
                    268232,
                    232,
                    268465,
                    2,
                    268468,
                    1,
                    268470,
                    2,
                    269194,
                    232,
                    270152,
                    1,
                    270154,
                    232,
                    271112,
                    1,
                    271114,
                    2,
                    271117,
                    229,
                    272072,
                    1,
                    272074,
                    232,
                    273032,
                    1,
                    273034,
                    232,
                    273995,
                    231,
                    274955,
                    4,
                    274960,
                    226,
                    275915,
                    2,
                    275918,
                    2,
                    275921,
                    225,
                    276872,
                    1,
                    276875,
                    228,
                    277832,
                    1,
                    277835,
                    6,
                    277842,
                    222,
                    278795,
                    229,
                    279755,
                    226,
                    279982,
                    2,
                    280715,
                    226,
                    280942,
                    2,
                    281675,
                    7,
                    281683,
                    216,
                    281900,
                    4,
                    282636,
                    221,
                    282858,
                    6,
                    283596,
                    223,
                    283820,
                    3,
                    284553,
                    2,
                    284557,
                    219,
                    284777,
                    2,
                    284781,
                    2,
                    285513,
                    2,
                    285517,
                    219,
                    285737,
                    7,
                    286473,
                    2,
                    286477,
                    6,
                    286484,
                    214,
                    286699,
                    4,
                    287434,
                    1,
                    287437,
                    6,
                    287444,
                    213,
                    287659,
                    2,
                    287663,
                    1,
                    288397,
                    220,
                    288619,
                    1,
                    289358,
                    224,
                    290315,
                    1,
                    290318,
                    224,
                    291274,
                    2,
                    291279,
                    215,
                    291495,
                    7,
                    292240,
                    220,
                    292461,
                    2,
                    293200,
                    220,
                    293421,
                    2,
                    294160,
                    4,
                    294165,
                    214,
                    294381,
                    1,
                    295120,
                    4,
                    295125,
                    213,
                    295340,
                    1,
                    296081,
                    4,
                    296086,
                    206,
                    296293,
                    5,
                    296300,
                    1,
                    296303,
                    1,
                    297041,
                    217,
                    297260,
                    1,
                    298001,
                    210,
                    298212,
                    6,
                    298221,
                    1,
                    298960,
                    1,
                    298962,
                    216,
                    299181,
                    2,
                    299920,
                    1,
                    299923,
                    207,
                    300131,
                    5,
                    300880,
                    1,
                    300883,
                    8,
                    300892,
                    204,
                    301843,
                    9,
                    301853,
                    186,
                    302041,
                    15,
                    302804,
                    195,
                    303000,
                    15,
                    303764,
                    211,
                    304724,
                    193,
                    304919,
                    1,
                    304921,
                    2,
                    304924,
                    10,
                    305680,
                    3,
                    305685,
                    193,
                    305881,
                    13,
                    306642,
                    2,
                    306646,
                    190,
                    306837,
                    1,
                    306839,
                    5,
                    306845,
                    8,
                    306854,
                    1,
                    307608,
                    187,
                    307800,
                    1,
                    307803,
                    2,
                    307806,
                    6,
                    307815,
                    1,
                    308568,
                    184,
                    308753,
                    2,
                    308757,
                    2,
                    308760,
                    1,
                    308762,
                    2,
                    308765,
                    7,
                    309528,
                    18,
                    309547,
                    168,
                    309717,
                    2,
                    309720,
                    12,
                    310489,
                    180,
                    310670,
                    5,
                    310677,
                    2,
                    310681,
                    10,
                    310693,
                    2,
                    311449,
                    178,
                    311628,
                    3,
                    311632,
                    2,
                    311637,
                    1,
                    311641,
                    1,
                    311643,
                    7,
                    311653,
                    1,
                    312408,
                    1,
                    312410,
                    22,
                    312433,
                    151,
                    312588,
                    9,
                    312602,
                    8,
                    313368,
                    1,
                    313371,
                    23,
                    313395,
                    149,
                    313549,
                    7,
                    313561,
                    9,
                    313575,
                    1,
                    314328,
                    1,
                    314331,
                    23,
                    314355,
                    1,
                    314358,
                    146,
                    314507,
                    4,
                    314512,
                    4,
                    314519,
                    10,
                    314531,
                    1,
                    314535,
                    1,
                    315292,
                    22,
                    315315,
                    1,
                    315320,
                    1,
                    315323,
                    141,
                    315467,
                    1,
                    315470,
                    6,
                    315479,
                    8,
                    316249,
                    1,
                    316252,
                    23,
                    316276,
                    1,
                    316280,
                    2,
                    316286,
                    2,
                    316289,
                    134,
                    316427,
                    1,
                    316430,
                    5,
                    316438,
                    9,
                    317208,
                    3,
                    317213,
                    24,
                    317239,
                    1,
                    317249,
                    1,
                    317251,
                    131,
                    317387,
                    1,
                    317390,
                    5,
                    317397,
                    9,
                    318168,
                    1,
                    318171,
                    1,
                    318174,
                    21,
                    318196,
                    1,
                    318199,
                    1,
                    318203,
                    5,
                    318212,
                    130,
                    318346,
                    2,
                    318350,
                    4,
                    318355,
                    10,
                    318366,
                    1,
                    319128,
                    1,
                    319131,
                    2,
                    319134,
                    21,
                    319156,
                    1,
                    319159,
                    3,
                    319172,
                    130,
                    319306,
                    19,
                    319327,
                    1,
                    320088,
                    1,
                    320091,
                    3,
                    320095,
                    21,
                    320117,
                    4,
                    320128,
                    133,
                    320266,
                    18,
                    320287,
                    1,
                    321050,
                    1,
                    321053,
                    2,
                    321056,
                    23,
                    321084,
                    5,
                    321092,
                    129,
                    321223,
                    1,
                    321226,
                    18,
                    321246,
                    1,
                    322009,
                    2,
                    322013,
                    2,
                    322017,
                    22,
                    322048,
                    3,
                    322053,
                    128,
                    322183,
                    1,
                    322186,
                    17,
                    322205,
                    1,
                    322977,
                    20,
                    322998,
                    1,
                    323010,
                    2,
                    323013,
                    127,
                    323144,
                    3,
                    323150,
                    12,
                    323167,
                    1,
                    323938,
                    21,
                    323960,
                    5,
                    323970,
                    2,
                    323973,
                    126,
                    324101,
                    4,
                    324109,
                    13,
                    324124,
                    1,
                    324898,
                    20,
                    324919,
                    4,
                    324934,
                    124,
                    325067,
                    14,
                    325084,
                    1,
                    325857,
                    23,
                    325887,
                    2,
                    325891,
                    1,
                    325894,
                    124,
                    326020,
                    2,
                    326025,
                    15,
                    326043,
                    1,
                    326817,
                    2,
                    326820,
                    20,
                    326848,
                    1,
                    326851,
                    1,
                    326854,
                    102,
                    326957,
                    21,
                    326979,
                    3,
                    326983,
                    16,
                    327001,
                    2,
                    327007,
                    1,
                    327781,
                    18,
                    327800,
                    5,
                    327808,
                    1,
                    327811,
                    1,
                    327815,
                    100,
                    327916,
                    23,
                    327941,
                    18,
                    327961,
                    2,
                    327966,
                    2,
                    328741,
                    19,
                    328763,
                    3,
                    328768,
                    1,
                    328771,
                    1,
                    328775,
                    99,
                    328875,
                    5,
                    328882,
                    15,
                    328898,
                    20,
                    328921,
                    2,
                    328925,
                    2,
                    329696,
                    1,
                    329699,
                    1,
                    329703,
                    20,
                    329731,
                    2,
                    329735,
                    97,
                    329833,
                    14,
                    329848,
                    2,
                    329852,
                    2,
                    329856,
                    21,
                    329879,
                    1,
                    329885,
                    2,
                    330664,
                    23,
                    330696,
                    95,
                    330792,
                    44,
                    331624,
                    28,
                    331654,
                    2,
                    331657,
                    43,
                    331701,
                    1,
                    331703,
                    47,
                    331751,
                    44,
                    332586,
                    30,
                    332617,
                    35,
                    332654,
                    2,
                    332660,
                    3,
                    332664,
                    90,
                    333547,
                    51,
                    333599,
                    5,
                    333606,
                    12,
                    333620,
                    3,
                    333624,
                    27,
                    333652,
                    15,
                    333668,
                    45,
                    334504,
                    2,
                    334508,
                    60,
                    334570,
                    14,
                    334585,
                    23,
                    334609,
                    17,
                    334627,
                    45,
                    335464,
                    2,
                    335469,
                    53,
                    335528,
                    8,
                    335539,
                    2,
                    335543,
                    22,
                    335566,
                    18,
                    335585,
                    46,
                    336430,
                    53,
                    336485,
                    3,
                    336496,
                    1,
                    336498,
                    7,
                    336506,
                    17,
                    336524,
                    19,
                    336544,
                    47,
                    336594,
                    2,
                    337386,
                    3,
                    337392,
                    51,
                    337450,
                    6,
                    337458,
                    3,
                    337463,
                    86,
                    337551,
                    1,
                    338352,
                    51,
                    338405,
                    2,
                    338416,
                    5,
                    338425,
                    1,
                    338427,
                    33,
                    338461,
                    47,
                    339312,
                    53,
                    339367,
                    9,
                    339380,
                    16,
                    339397,
                    23,
                    339421,
                    46,
                    340272,
                    1,
                    340275,
                    50,
                    340327,
                    17,
                    340346,
                    6,
                    340353,
                    73,
                    340429,
                    2,
                    341236,
                    49,
                    341287,
                    1,
                    341291,
                    9,
                    341306,
                    3,
                    341311,
                    34,
                    341347,
                    38,
                    341389,
                    2,
                    342194,
                    1,
                    342198,
                    48,
                    342250,
                    4,
                    342260,
                    83,
                    342349,
                    2,
                    343152,
                    1,
                    343157,
                    50,
                    343210,
                    1,
                    343216,
                    86,
                    344112,
                    1,
                    344116,
                    3,
                    344120,
                    47,
                    344170,
                    90,
                    344263,
                    1,
                    344265,
                    2,
                    345074,
                    2,
                    345079,
                    1,
                    345081,
                    138,
                    345225,
                    2,
                    346040,
                    1,
                    346042,
                    136,
                    347000,
                    1,
                    347003,
                    134,
                    347964,
                    131,
                    348925,
                    128,
                    349881,
                    3,
                    349888,
                    123,
                    350015,
                    1,
                    350841,
                    2,
                    350847,
                    1,
                    350850,
                    118,
                    350972,
                    3,
                    351807,
                    1,
                    351812,
                    115,
                    351932,
                    2,
                    351943,
                    1,
                    352763,
                    2,
                    352768,
                    1,
                    352773,
                    112,
                    352888,
                    1,
                    352902,
                    2,
                    353737,
                    106,
                    353845,
                    1,
                    354698,
                    104,
                    354805,
                    1,
                    355656,
                    1,
                    355660,
                    99,
                    355765,
                    1,
                    356616,
                    1,
                    356622,
                    96,
                    356724,
                    2,
                    357580,
                    1,
                    357585,
                    91,
                    357680,
                    2,
                    358547,
                    87,
                    358638,
                    2,
                    359496,
                    3,
                    359504,
                    2,
                    359509,
                    83,
                    359596,
                    2,
                    360468,
                    1,
                    360472,
                    75,
                    360552,
                    1,
                    360562,
                    2,
                    361434,
                    69,
                    362396,
                    68,
                    363352,
                    1,
                    363362,
                    57,
                    363423,
                    1,
                    364312,
                    4,
                    364320,
                    1,
                    364330,
                    43,
                    365286,
                    2,
                    365294,
                    32,
                    365339,
                    3,
                    366245,
                    5,
                    366260,
                    18,
                    366292,
                    5,
                    366303,
                    1,
                    367192,
                    3,
                    367212,
                    4,
                    367246,
                    2,
                    367256,
                    1,
                    368162,
                    3,
                    368176,
                    2,
                    368184,
                    2,
                    368190,
                    2,
                    368196,
                    4,
                    368218,
                    3
                ]
            }
        }
    ]
}