{
    "image_id": 17,
    "file_name": "Wheat_002_001_002_000.jpg",
    "width": 960,
    "height": 540,
    "annotations": [
        {
            "id": 1,
            "category_id": 2120,
            "bbox": [
                392,
                176,
                567,
                383
            ],
            "bbox_mode": 0,
            "segmentation": {
                "size": [
                    540,
                    960
                ],
                "counts": [
                    169425,
                    2,
                    169430,
                    3,
                    169448,
                    2,
                    169452,
                    2,
                    169456,
                    1,
                    169460,
                    1,
                    169463,
                    1,
                    169470,
                    1,
                    170389,
                    1,
                    170391,
                    1,
                    170394,
                    4,
                    170400,
                    2,
                    170408,
                    1,
                    170410,
                    6,
                    170418,
                    3,
                    170430,
                    1,
                    171344,
                    1,
                    171348,
                    4,
                    171354,
                    4,
                    171360,
                    1,
                    171363,
                    4,
                    171368,
                    2,
                    171372,
                    2,
                    171378,
                    2,
                    171383,
                    1,
                    172304,
                    3,
                    172308,
                    4,
                    172319,
                    3,
                    172324,
                    1,
                    172331,
                    4,
                    172336,
                    1,
                    172343,
                    1,
                    173264,
                    1,
                    173267,
                    5,
                    173276,
                    5,
                    173283,
                    3,
                    173288,
                    2,
                    173299,
                    3,
                    173303,
                    1,
                    174224,
                    1,
                    174226,
                    2,
                    174234,
                    3,
                    174238,
                    12,
                    174253,
                    1,
                    174256,
                    2,
                    175181,
                    3,
                    175186,
                    31,
                    175218,
                    1,
                    175222,
                    2,
                    176142,
                    1,
                    176145,
                    2,
                    176148,
                    35,
                    177083,
                    2,
                    177087,
                    2,
                    177092,
                    4,
                    177097,
                    46,
                    177144,
                    5,
                    177150,
                    2,
                    177153,
                    2,
                    177160,
                    1,
                    177164,
                    1,
                    177167,
                    1,
                    178040,
                    2,
                    178048,
                    5,
                    178054,
                    3,
                    178059,
                    48,
                    178108,
                    5,
                    178118,
                    3,
                    178123,
                    2,
                    179000,
                    2,
                    179005,
                    2,
                    179008,
                    1,
                    179011,
                    3,
                    179015,
                    59,
                    179076,
                    1,
                    179079,
                    1,
                    179081,
                    4,
                    179963,
                    3,
                    179969,
                    66,
                    180038,
                    2,
                    180044,
                    4,
                    180920,
                    1,
                    180923,
                    1,
                    180925,
                    2,
                    180928,
                    4,
                    180933,
                    64,
                    180998,
                    3,
                    181005,
                    2,
                    181880,
                    1,
                    181883,
                    1,
                    181886,
                    4,
                    181891,
                    71,
                    182841,
                    1,
                    182844,
                    3,
                    182848,
                    72,
                    182921,
                    3,
                    183800,
                    4,
                    183805,
                    76,
                    183882,
                    2,
                    183887,
                    1,
                    184752,
                    1,
                    184754,
                    1,
                    184756,
                    1,
                    184758,
                    4,
                    184763,
                    81,
                    184845,
                    2,
                    184849,
                    1,
                    184851,
                    1,
                    184853,
                    1,
                    184855,
                    1,
                    185713,
                    1,
                    185715,
                    1,
                    185718,
                    3,
                    185722,
                    1,
                    185724,
                    81,
                    185808,
                    3,
                    185812,
                    2,
                    185815,
                    1,
                    186672,
                    4,
                    186677,
                    4,
                    186682,
                    83,
                    186768,
                    2,
                    186775,
                    1,
                    187633,
                    3,
                    187637,
                    89,
                    187727,
                    2,
                    187730,
                    1,
                    187732,
                    1,
                    187734,
                    2,
                    188592,
                    2,
                    188595,
                    1,
                    188597,
                    91,
                    188689,
                    3,
                    188693,
                    1,
                    189552,
                    101,
                    189654,
                    2,
                    190513,
                    101,
                    190615,
                    1,
                    191473,
                    99,
                    191573,
                    1,
                    191575,
                    1,
                    192429,
                    107,
                    192537,
                    7,
                    193384,
                    117,
                    193502,
                    1,
                    194346,
                    1,
                    194348,
                    1,
                    194350,
                    107,
                    194459,
                    1,
                    194462,
                    1,
                    195304,
                    2,
                    195308,
                    115,
                    196264,
                    2,
                    196267,
                    112,
                    196381,
                    1,
                    197224,
                    2,
                    197227,
                    114,
                    198185,
                    116,
                    198302,
                    1,
                    199144,
                    118,
                    199263,
                    1,
                    200089,
                    1,
                    200098,
                    1,
                    200100,
                    2,
                    200103,
                    121,
                    200228,
                    1,
                    200231,
                    1,
                    200236,
                    1,
                    201049,
                    1,
                    201056,
                    4,
                    201062,
                    122,
                    201185,
                    3,
                    201190,
                    1,
                    201196,
                    1,
                    202018,
                    1,
                    202020,
                    123,
                    202144,
                    2,
                    202147,
                    1,
                    202150,
                    1,
                    202976,
                    1,
                    202978,
                    1,
                    202981,
                    124,
                    203106,
                    5,
                    203938,
                    127,
                    204066,
                    2,
                    204069,
                    1,
                    204896,
                    1,
                    204898,
                    130,
                    205029,
                    1,
                    205858,
                    129,
                    205988,
                    4,
                    206814,
                    2,
                    206817,
                    132,
                    206951,
                    1,
                    207768,
                    5,
                    207774,
                    1,
                    207776,
                    132,
                    207909,
                    1,
                    207911,
                    1,
                    207918,
                    2,
                    208730,
                    2,
                    208733,
                    137,
                    208879,
                    1,
                    209689,
                    142,
                    210648,
                    2,
                    210651,
                    1,
                    210654,
                    137,
                    211610,
                    2,
                    211613,
                    139,
                    212570,
                    3,
                    212574,
                    137,
                    213520,
                    2,
                    213529,
                    2,
                    213532,
                    140,
                    214480,
                    2,
                    214489,
                    145,
                    215442,
                    1,
                    215447,
                    3,
                    215451,
                    145,
                    216404,
                    5,
                    216410,
                    146,
                    216557,
                    1,
                    217364,
                    2,
                    217368,
                    150,
                    218328,
                    1,
                    218330,
                    146,
                    218477,
                    1,
                    219287,
                    148,
                    219436,
                    3,
                    220243,
                    1,
                    220246,
                    152,
                    221208,
                    151,
                    222160,
                    1,
                    222162,
                    1,
                    222164,
                    153,
                    222318,
                    1,
                    223120,
                    4,
                    223125,
                    153,
                    224081,
                    1,
                    224084,
                    155,
                    225040,
                    2,
                    225043,
                    156,
                    226003,
                    157,
                    226960,
                    3,
                    226965,
                    156,
                    227922,
                    158,
                    228081,
                    1,
                    228880,
                    1,
                    228882,
                    1,
                    228884,
                    159,
                    229840,
                    1,
                    229842,
                    158,
                    230001,
                    2,
                    230800,
                    161,
                    230963,
                    1,
                    231760,
                    162,
                    231923,
                    1,
                    231926,
                    1,
                    232721,
                    161,
                    232883,
                    1,
                    232885,
                    2,
                    233679,
                    162,
                    233843,
                    4,
                    234638,
                    1,
                    234640,
                    164,
                    234805,
                    2,
                    235598,
                    165,
                    236552,
                    1,
                    236558,
                    164,
                    236724,
                    1,
                    236727,
                    1,
                    237512,
                    1,
                    237517,
                    165,
                    237683,
                    2,
                    237686,
                    2,
                    238473,
                    1,
                    238476,
                    1,
                    238478,
                    167,
                    238646,
                    2,
                    239432,
                    2,
                    239438,
                    167,
                    239606,
                    1,
                    240392,
                    1,
                    240398,
                    166,
                    240565,
                    1,
                    240567,
                    1,
                    241358,
                    167,
                    241526,
                    1,
                    242317,
                    1,
                    242319,
                    168,
                    243272,
                    1,
                    243274,
                    2,
                    243277,
                    167,
                    243446,
                    1,
                    244233,
                    1,
                    244235,
                    171,
                    244407,
                    1,
                    245192,
                    1,
                    245195,
                    173,
                    246154,
                    1,
                    246157,
                    169,
                    247114,
                    1,
                    247116,
                    170,
                    248072,
                    2,
                    248076,
                    170,
                    249033,
                    1,
                    249035,
                    170,
                    249995,
                    171,
                    250952,
                    1,
                    250954,
                    173,
                    251912,
                    1,
                    251914,
                    1,
                    251916,
                    171,
                    252872,
                    174,
                    253833,
                    1,
                    253835,
                    172,
                    254793,
                    1,
                    254795,
                    172,
                    255752,
                    1,
                    255754,
                    173,
                    256712,
                    174,
                    257672,
                    2,
                    257675,
                    171,
                    258634,
                    172,
                    259593,
                    173,
                    260552,
                    176,
                    261513,
                    174,
                    262472,
                    175,
                    263432,
                    1,
                    263434,
                    173,
                    264392,
                    1,
                    264394,
                    173,
                    265352,
                    1,
                    265354,
                    174,
                    266312,
                    1,
                    266314,
                    174,
                    267273,
                    175,
                    268232,
                    176,
                    269194,
                    173,
                    270154,
                    173,
                    271112,
                    176,
                    272072,
                    176,
                    273032,
                    176,
                    273992,
                    176,
                    274953,
                    175,
                    275913,
                    175,
                    276872,
                    175,
                    277832,
                    175,
                    278793,
                    174,
                    279753,
                    175,
                    280713,
                    175,
                    281673,
                    173,
                    282633,
                    173,
                    283592,
                    176,
                    284552,
                    174,
                    284727,
                    1,
                    285512,
                    1,
                    285514,
                    171,
                    285687,
                    1,
                    286473,
                    172,
                    287433,
                    171,
                    287606,
                    1,
                    288393,
                    172,
                    288566,
                    1,
                    289352,
                    173,
                    289526,
                    1,
                    290312,
                    3,
                    290316,
                    168,
                    290486,
                    1,
                    291272,
                    1,
                    291274,
                    169,
                    291445,
                    1,
                    292233,
                    1,
                    292235,
                    169,
                    292407,
                    1,
                    293193,
                    1,
                    293195,
                    169,
                    293365,
                    1,
                    293367,
                    1,
                    294153,
                    1,
                    294155,
                    169,
                    294325,
                    1,
                    295113,
                    170,
                    295285,
                    1,
                    296074,
                    2,
                    296077,
                    167,
                    296245,
                    1,
                    297032,
                    1,
                    297034,
                    169,
                    297206,
                    1,
                    297992,
                    1,
                    297995,
                    167,
                    298164,
                    1,
                    298166,
                    1,
                    298952,
                    1,
                    298956,
                    171,
                    299913,
                    2,
                    299916,
                    166,
                    300084,
                    2,
                    300874,
                    1,
                    300876,
                    166,
                    301045,
                    1,
                    301832,
                    1,
                    301836,
                    163,
                    302000,
                    3,
                    302792,
                    1,
                    302795,
                    1,
                    302797,
                    166,
                    303755,
                    1,
                    303757,
                    164,
                    304713,
                    1,
                    304715,
                    1,
                    304718,
                    162,
                    305673,
                    1,
                    305677,
                    163,
                    306632,
                    3,
                    306636,
                    3,
                    306640,
                    157,
                    306798,
                    5,
                    306807,
                    1,
                    307595,
                    1,
                    307598,
                    161,
                    308552,
                    1,
                    308555,
                    1,
                    308558,
                    161,
                    309512,
                    1,
                    309515,
                    1,
                    309518,
                    161,
                    310472,
                    1,
                    310476,
                    1,
                    310479,
                    155,
                    310635,
                    3,
                    311436,
                    2,
                    311440,
                    158,
                    312396,
                    2,
                    312400,
                    157,
                    313361,
                    156,
                    313518,
                    1,
                    314313,
                    3,
                    314320,
                    156,
                    314478,
                    1,
                    315281,
                    155,
                    315437,
                    2,
                    316242,
                    153,
                    316397,
                    1,
                    317202,
                    153,
                    317359,
                    1,
                    318160,
                    1,
                    318162,
                    152,
                    318319,
                    1,
                    319123,
                    151,
                    319276,
                    1,
                    320081,
                    1,
                    320083,
                    150,
                    320235,
                    2,
                    321041,
                    1,
                    321043,
                    3,
                    321047,
                    146,
                    321196,
                    1,
                    322001,
                    1,
                    322004,
                    148,
                    322157,
                    2,
                    322960,
                    4,
                    322965,
                    146,
                    323922,
                    2,
                    323925,
                    2,
                    323928,
                    143,
                    324882,
                    1,
                    324885,
                    3,
                    324890,
                    2,
                    324893,
                    137,
                    325841,
                    2,
                    325846,
                    7,
                    325854,
                    136,
                    325991,
                    1,
                    326801,
                    1,
                    326804,
                    1,
                    326807,
                    135,
                    326943,
                    6,
                    326951,
                    1,
                    327761,
                    1,
                    327764,
                    1,
                    327767,
                    141,
                    328721,
                    1,
                    328724,
                    1,
                    328727,
                    8,
                    328736,
                    132,
                    329681,
                    4,
                    329686,
                    141,
                    329828,
                    2,
                    330649,
                    137,
                    330791,
                    1,
                    331609,
                    8,
                    331618,
                    128,
                    331748,
                    1,
                    332568,
                    1,
                    332570,
                    135,
                    332708,
                    1,
                    333531,
                    120,
                    333652,
                    4,
                    333658,
                    6,
                    333667,
                    1,
                    334490,
                    9,
                    334500,
                    111,
                    334612,
                    11,
                    334625,
                    2,
                    334631,
                    1,
                    335449,
                    2,
                    335452,
                    131,
                    335585,
                    2,
                    335590,
                    2,
                    336409,
                    2,
                    336413,
                    131,
                    336545,
                    2,
                    336549,
                    2,
                    337368,
                    1,
                    337373,
                    8,
                    337382,
                    6,
                    337389,
                    112,
                    337502,
                    1,
                    337509,
                    2,
                    338333,
                    113,
                    338447,
                    13,
                    338463,
                    1,
                    339288,
                    1,
                    339293,
                    127,
                    340248,
                    2,
                    340256,
                    123,
                    340381,
                    2,
                    341216,
                    122,
                    341341,
                    2,
                    342178,
                    120,
                    343139,
                    117,
                    343258,
                    2,
                    344099,
                    116,
                    344219,
                    1,
                    345048,
                    1,
                    345057,
                    2,
                    345061,
                    112,
                    345176,
                    1,
                    345181,
                    1,
                    346017,
                    2,
                    346022,
                    70,
                    346093,
                    40,
                    346977,
                    3,
                    346982,
                    19,
                    347002,
                    70,
                    347075,
                    17,
                    347937,
                    3,
                    347944,
                    107,
                    348900,
                    2,
                    348905,
                    74,
                    348981,
                    28,
                    349013,
                    3,
                    349861,
                    4,
                    349866,
                    101,
                    349973,
                    2,
                    350816,
                    2,
                    350822,
                    2,
                    350826,
                    101,
                    350932,
                    3,
                    351776,
                    2,
                    351783,
                    2,
                    351788,
                    21,
                    351810,
                    76,
                    351893,
                    1,
                    352743,
                    1,
                    352749,
                    21,
                    352771,
                    73,
                    353712,
                    91,
                    353805,
                    2,
                    354672,
                    90,
                    354765,
                    1,
                    355634,
                    21,
                    355656,
                    26,
                    355684,
                    3,
                    355688,
                    32,
                    355724,
                    2,
                    356596,
                    23,
                    356620,
                    59,
                    356684,
                    2,
                    357557,
                    80,
                    358514,
                    1,
                    358518,
                    76,
                    358598,
                    4,
                    359474,
                    2,
                    359480,
                    72,
                    359557,
                    3,
                    360437,
                    1,
                    360441,
                    69,
                    360515,
                    3,
                    361400,
                    68,
                    362365,
                    62,
                    363320,
                    2,
                    363329,
                    54,
                    364280,
                    8,
                    364292,
                    49,
                    364343,
                    1,
                    364346,
                    4,
                    365244,
                    2,
                    365248,
                    1,
                    365254,
                    45,
                    365303,
                    9,
                    366209,
                    2,
                    366217,
                    38,
                    366262,
                    2,
                    366270,
                    2,
                    367160,
                    5,
                    367171,
                    3,
                    367184,
                    24,
                    367218,
                    3,
                    368128,
                    1,
                    368135,
                    3,
                    368142,
                    2,
                    368160,
                    3,
                    368184,
                    5
                ]
            }
        }
    ]
}