{
    "image_id": 6,
    "file_name": "Wheat_001_001_002_001.jpg",
    "width": 960,
    "height": 540,
    "annotations": [
        {
            "id": 1,
            "category_id": 1121,
            "bbox": [
                386,
                160,
                592,
                391
            ],
            "bbox_mode": 0,
            "segmentation": {
                "size": [
                    540,
                    960
                ],
                "counts": [
                    154072,
                    4,
                    154083,
                    3,
                    154093,
                    7,
                    154103,
                    1,
                    154109,
                    5,
                    154131,
                    1,
                    154134,
                    1,
                    155031,
                    1,
                    155033,
                    1,
                    155035,
                    1,
                    155040,
                    1,
                    155064,
                    5,
                    155982,
                    2,
                    156001,
                    2,
                    156007,
                    17,
                    156028,
                    4,
                    156941,
                    1,
                    156943,
                    1,
                    156962,
                    2,
                    156984,
                    1,
                    157000,
                    1,
                    157904,
                    1,
                    157928,
                    5,
                    157941,
                    1,
                    157944,
                    2,
                    157947,
                    5,
                    157957,
                    3,
                    157961,
                    2,
                    158882,
                    1,
                    158886,
                    2,
                    158891,
                    2,
                    158894,
                    3,
                    158899,
                    5,
                    158906,
                    1,
                    158910,
                    2,
                    158917,
                    3,
                    159836,
                    3,
                    159844,
                    2,
                    159847,
                    29,
                    159889,
                    1,
                    160797,
                    3,
                    160802,
                    4,
                    160807,
                    30,
                    160852,
                    1,
                    160854,
                    1,
                    161744,
                    1,
                    161748,
                    3,
                    161752,
                    2,
                    161759,
                    41,
                    161801,
                    1,
                    161806,
                    2,
                    161811,
                    2,
                    161820,
                    1,
                    162705,
                    5,
                    162712,
                    49,
                    162762,
                    4,
                    162768,
                    2,
                    162773,
                    3,
                    162783,
                    1,
                    163665,
                    3,
                    163670,
                    58,
                    163729,
                    2,
                    163743,
                    1,
                    164624,
                    1,
                    164626,
                    67,
                    164696,
                    1,
                    164699,
                    3,
                    165576,
                    1,
                    165585,
                    65,
                    165651,
                    11,
                    166540,
                    79,
                    167499,
                    77,
                    167578,
                    1,
                    167580,
                    1,
                    168456,
                    81,
                    168538,
                    2,
                    168543,
                    1,
                    169400,
                    1,
                    169402,
                    1,
                    169405,
                    2,
                    169408,
                    1,
                    169410,
                    5,
                    169416,
                    2,
                    169419,
                    80,
                    169500,
                    2,
                    169507,
                    1,
                    169509,
                    2,
                    169516,
                    1,
                    170360,
                    3,
                    170368,
                    1,
                    170370,
                    3,
                    170374,
                    91,
                    170467,
                    2,
                    170476,
                    1,
                    171320,
                    1,
                    171329,
                    98,
                    171429,
                    1,
                    172283,
                    1,
                    172289,
                    96,
                    172386,
                    3,
                    172390,
                    1,
                    173232,
                    2,
                    173245,
                    1,
                    173247,
                    2,
                    173250,
                    99,
                    174192,
                    2,
                    174205,
                    105,
                    174311,
                    1,
                    175164,
                    108,
                    176124,
                    108,
                    177075,
                    4,
                    177080,
                    114,
                    177195,
                    1,
                    177197,
                    3,
                    178033,
                    2,
                    178037,
                    1,
                    178039,
                    121,
                    178995,
                    2,
                    178999,
                    119,
                    179953,
                    3,
                    179958,
                    118,
                    180077,
                    3,
                    180913,
                    1,
                    180915,
                    1,
                    180917,
                    123,
                    181876,
                    124,
                    182833,
                    128,
                    183792,
                    3,
                    183796,
                    126,
                    184745,
                    2,
                    184749,
                    1,
                    184752,
                    129,
                    184882,
                    1,
                    184884,
                    2,
                    185707,
                    2,
                    185711,
                    133,
                    185845,
                    2,
                    186667,
                    2,
                    186670,
                    135,
                    186806,
                    1,
                    187617,
                    2,
                    187625,
                    3,
                    187629,
                    1,
                    187631,
                    136,
                    188576,
                    2,
                    188587,
                    139,
                    188733,
                    1,
                    189538,
                    1,
                    189544,
                    2,
                    189547,
                    141,
                    189695,
                    1,
                    190504,
                    1,
                    190507,
                    141,
                    190654,
                    2,
                    191461,
                    2,
                    191464,
                    145,
                    191614,
                    2,
                    192421,
                    2,
                    192425,
                    143,
                    192569,
                    1,
                    192571,
                    2,
                    192574,
                    2,
                    193384,
                    149,
                    193534,
                    2,
                    194336,
                    1,
                    194339,
                    1,
                    194342,
                    2,
                    194345,
                    145,
                    194491,
                    2,
                    194494,
                    2,
                    195298,
                    1,
                    195302,
                    149,
                    195455,
                    1,
                    196257,
                    1,
                    196260,
                    156,
                    197216,
                    1,
                    197220,
                    154,
                    198176,
                    1,
                    198179,
                    1,
                    198181,
                    155,
                    199138,
                    157,
                    200080,
                    2,
                    200089,
                    2,
                    200097,
                    157,
                    200255,
                    1,
                    200260,
                    1,
                    200266,
                    1,
                    201040,
                    2,
                    201052,
                    2,
                    201056,
                    160,
                    201220,
                    1,
                    201222,
                    1,
                    202011,
                    3,
                    202016,
                    159,
                    202176,
                    2,
                    202180,
                    1,
                    202970,
                    2,
                    202976,
                    163,
                    203928,
                    1,
                    203930,
                    2,
                    203934,
                    165,
                    204888,
                    1,
                    204890,
                    167,
                    205058,
                    1,
                    205848,
                    1,
                    205850,
                    2,
                    205853,
                    1,
                    205855,
                    165,
                    206028,
                    2,
                    206808,
                    1,
                    206810,
                    2,
                    206813,
                    167,
                    206988,
                    2,
                    207771,
                    169,
                    207941,
                    1,
                    207943,
                    1,
                    207948,
                    2,
                    208729,
                    2,
                    208732,
                    169,
                    208902,
                    1,
                    208909,
                    1,
                    209689,
                    171,
                    209862,
                    1,
                    210649,
                    174,
                    211610,
                    173,
                    212568,
                    173,
                    212743,
                    1,
                    213528,
                    174,
                    213703,
                    1,
                    214489,
                    173,
                    215441,
                    1,
                    215444,
                    1,
                    215446,
                    182,
                    215631,
                    1,
                    216407,
                    179,
                    217362,
                    1,
                    217365,
                    178,
                    217544,
                    1,
                    218322,
                    1,
                    218325,
                    1,
                    218327,
                    179,
                    219282,
                    1,
                    219285,
                    182,
                    219470,
                    1,
                    220240,
                    1,
                    220242,
                    2,
                    220245,
                    179,
                    220426,
                    1,
                    220430,
                    1,
                    221203,
                    182,
                    221386,
                    1,
                    221389,
                    2,
                    222163,
                    185,
                    222349,
                    2,
                    223121,
                    2,
                    223124,
                    181,
                    223308,
                    1,
                    223310,
                    1,
                    224082,
                    1,
                    224084,
                    185,
                    224270,
                    1,
                    225040,
                    1,
                    225042,
                    184,
                    225227,
                    1,
                    225229,
                    1,
                    226000,
                    1,
                    226002,
                    184,
                    226187,
                    1,
                    226189,
                    1,
                    226961,
                    187,
                    227149,
                    1,
                    227921,
                    186,
                    228108,
                    2,
                    228880,
                    1,
                    228882,
                    187,
                    229840,
                    189,
                    230031,
                    1,
                    230793,
                    1,
                    230796,
                    1,
                    230799,
                    189,
                    230990,
                    2,
                    231747,
                    2,
                    231753,
                    1,
                    231759,
                    1,
                    231761,
                    187,
                    231950,
                    1,
                    232707,
                    2,
                    232713,
                    2,
                    232718,
                    191,
                    233667,
                    2,
                    233673,
                    2,
                    233677,
                    2,
                    233680,
                    190,
                    234626,
                    1,
                    234634,
                    1,
                    234637,
                    193,
                    235592,
                    1,
                    235594,
                    1,
                    235596,
                    194,
                    236552,
                    1,
                    236556,
                    2,
                    236559,
                    191,
                    236751,
                    1,
                    237512,
                    2,
                    237515,
                    3,
                    237519,
                    191,
                    237711,
                    1,
                    238474,
                    197,
                    239432,
                    1,
                    239435,
                    1,
                    239437,
                    194,
                    240392,
                    2,
                    240398,
                    191,
                    240590,
                    1,
                    241352,
                    2,
                    241356,
                    196,
                    242313,
                    1,
                    242316,
                    196,
                    243273,
                    1,
                    243276,
                    195,
                    244236,
                    195,
                    245194,
                    1,
                    245196,
                    195,
                    246152,
                    1,
                    246154,
                    196,
                    246351,
                    1,
                    247115,
                    195,
                    247311,
                    1,
                    248076,
                    195,
                    249035,
                    197,
                    249993,
                    198,
                    250953,
                    198,
                    251152,
                    1,
                    251913,
                    198,
                    252112,
                    1,
                    252873,
                    198,
                    253072,
                    1,
                    253833,
                    200,
                    254793,
                    200,
                    255753,
                    199,
                    256708,
                    1,
                    256713,
                    197,
                    256911,
                    1,
                    257668,
                    1,
                    257673,
                    197,
                    257871,
                    1,
                    258628,
                    1,
                    258632,
                    198,
                    258831,
                    1,
                    259588,
                    2,
                    259592,
                    199,
                    260548,
                    2,
                    260553,
                    198,
                    261513,
                    196,
                    261710,
                    1,
                    262473,
                    196,
                    262670,
                    1,
                    263432,
                    1,
                    263434,
                    195,
                    263630,
                    1,
                    264392,
                    1,
                    264394,
                    197,
                    265352,
                    199,
                    266312,
                    196,
                    266511,
                    1,
                    267272,
                    196,
                    267471,
                    1,
                    268233,
                    195,
                    268431,
                    1,
                    269192,
                    195,
                    269388,
                    4,
                    270153,
                    194,
                    270348,
                    1,
                    270350,
                    2,
                    271113,
                    196,
                    271310,
                    1,
                    272073,
                    193,
                    272268,
                    1,
                    272270,
                    1,
                    273032,
                    194,
                    273227,
                    2,
                    273230,
                    1,
                    273992,
                    1,
                    273994,
                    192,
                    274187,
                    1,
                    274954,
                    192,
                    275147,
                    1,
                    275151,
                    1,
                    275914,
                    191,
                    276107,
                    1,
                    276110,
                    2,
                    276872,
                    1,
                    276874,
                    191,
                    277067,
                    2,
                    277070,
                    1,
                    277828,
                    1,
                    277833,
                    192,
                    278026,
                    3,
                    278030,
                    1,
                    278788,
                    1,
                    278793,
                    191,
                    278986,
                    2,
                    278990,
                    1,
                    279753,
                    191,
                    279946,
                    2,
                    279949,
                    2,
                    280713,
                    191,
                    280905,
                    3,
                    280909,
                    2,
                    281673,
                    190,
                    281865,
                    2,
                    281868,
                    2,
                    282633,
                    190,
                    282825,
                    1,
                    282827,
                    2,
                    283593,
                    190,
                    283784,
                    2,
                    283787,
                    2,
                    284553,
                    190,
                    284745,
                    1,
                    284747,
                    1,
                    284750,
                    1,
                    285513,
                    1,
                    285515,
                    188,
                    285705,
                    1,
                    285707,
                    1,
                    285710,
                    1,
                    286472,
                    2,
                    286475,
                    188,
                    286666,
                    2,
                    287432,
                    191,
                    287626,
                    2,
                    288393,
                    188,
                    288582,
                    1,
                    288585,
                    3,
                    289354,
                    1,
                    289356,
                    187,
                    289544,
                    3,
                    290312,
                    1,
                    290314,
                    186,
                    290501,
                    1,
                    290504,
                    3,
                    290509,
                    1,
                    291272,
                    1,
                    291274,
                    189,
                    291464,
                    6,
                    291471,
                    1,
                    292232,
                    1,
                    292234,
                    2,
                    292237,
                    182,
                    292420,
                    3,
                    292424,
                    2,
                    292428,
                    1,
                    293194,
                    192,
                    293388,
                    1,
                    294154,
                    192,
                    294348,
                    1,
                    294351,
                    1,
                    295114,
                    3,
                    295118,
                    180,
                    295299,
                    7,
                    295308,
                    1,
                    295311,
                    1,
                    296074,
                    191,
                    296268,
                    1,
                    296271,
                    1,
                    297034,
                    191,
                    297994,
                    4,
                    297999,
                    178,
                    298178,
                    6,
                    298955,
                    188,
                    299912,
                    1,
                    299914,
                    1,
                    299916,
                    3,
                    299920,
                    176,
                    300097,
                    7,
                    300876,
                    3,
                    300880,
                    183,
                    301835,
                    188,
                    302793,
                    182,
                    302976,
                    6,
                    303753,
                    1,
                    303755,
                    1,
                    303757,
                    178,
                    303936,
                    6,
                    304713,
                    1,
                    304715,
                    1,
                    304717,
                    184,
                    304903,
                    1,
                    305676,
                    5,
                    305682,
                    172,
                    305855,
                    5,
                    306634,
                    186,
                    306822,
                    1,
                    307598,
                    183,
                    307782,
                    1,
                    308558,
                    171,
                    308733,
                    7,
                    309518,
                    170,
                    309689,
                    2,
                    309693,
                    6,
                    310478,
                    167,
                    310646,
                    1,
                    310648,
                    3,
                    310652,
                    7,
                    311438,
                    166,
                    311605,
                    3,
                    311609,
                    2,
                    311612,
                    7,
                    312398,
                    7,
                    312406,
                    157,
                    312564,
                    4,
                    312569,
                    9,
                    313359,
                    7,
                    313367,
                    159,
                    313527,
                    1,
                    313529,
                    9,
                    314316,
                    1,
                    314319,
                    164,
                    314484,
                    1,
                    314487,
                    1,
                    314490,
                    7,
                    315280,
                    162,
                    315443,
                    3,
                    315448,
                    8,
                    316240,
                    164,
                    316406,
                    9,
                    317201,
                    175,
                    318161,
                    8,
                    318170,
                    152,
                    318323,
                    11,
                    319121,
                    160,
                    319282,
                    12,
                    320082,
                    171,
                    320255,
                    1,
                    321043,
                    8,
                    321052,
                    148,
                    321201,
                    12,
                    321214,
                    2,
                    322003,
                    156,
                    322160,
                    12,
                    322174,
                    1,
                    322961,
                    1,
                    322964,
                    153,
                    323118,
                    13,
                    323133,
                    2,
                    323920,
                    2,
                    323924,
                    150,
                    324075,
                    16,
                    324093,
                    2,
                    324880,
                    1,
                    324885,
                    147,
                    325033,
                    18,
                    325053,
                    1,
                    325840,
                    1,
                    325846,
                    143,
                    325990,
                    20,
                    326013,
                    1,
                    326803,
                    1,
                    326806,
                    141,
                    326948,
                    21,
                    326973,
                    1,
                    327763,
                    1,
                    327767,
                    138,
                    327906,
                    22,
                    328727,
                    137,
                    328865,
                    23,
                    329688,
                    11,
                    329700,
                    15,
                    329716,
                    102,
                    329819,
                    16,
                    329836,
                    11,
                    329848,
                    5,
                    330648,
                    12,
                    330661,
                    122,
                    330784,
                    22,
                    331608,
                    13,
                    331622,
                    106,
                    331729,
                    4,
                    331736,
                    7,
                    331744,
                    22,
                    332569,
                    13,
                    332583,
                    105,
                    332691,
                    12,
                    332704,
                    21,
                    333530,
                    13,
                    333544,
                    16,
                    333561,
                    101,
                    333663,
                    20,
                    334489,
                    118,
                    334608,
                    5,
                    334614,
                    8,
                    334623,
                    20,
                    335449,
                    1,
                    335452,
                    32,
                    335485,
                    83,
                    335569,
                    1,
                    335571,
                    31,
                    336412,
                    15,
                    336428,
                    16,
                    336449,
                    113,
                    337371,
                    1,
                    337374,
                    14,
                    337389,
                    21,
                    337411,
                    108,
                    338334,
                    35,
                    338373,
                    82,
                    338456,
                    23,
                    339290,
                    1,
                    339294,
                    17,
                    339312,
                    99,
                    339413,
                    5,
                    339419,
                    20,
                    340250,
                    2,
                    340256,
                    38,
                    340298,
                    68,
                    340368,
                    6,
                    340375,
                    22,
                    341210,
                    2,
                    341216,
                    18,
                    341235,
                    13,
                    341249,
                    6,
                    341256,
                    1,
                    341261,
                    71,
                    341333,
                    23,
                    341359,
                    1,
                    342177,
                    31,
                    342210,
                    11,
                    342223,
                    1,
                    342225,
                    63,
                    342290,
                    25,
                    343128,
                    1,
                    343134,
                    3,
                    343138,
                    34,
                    343173,
                    3,
                    343178,
                    3,
                    343183,
                    4,
                    343189,
                    56,
                    343246,
                    28,
                    343277,
                    2,
                    344088,
                    1,
                    344099,
                    19,
                    344119,
                    13,
                    344134,
                    4,
                    344143,
                    1,
                    344146,
                    7,
                    344154,
                    49,
                    344204,
                    30,
                    344237,
                    2,
                    345057,
                    1,
                    345060,
                    28,
                    345090,
                    6,
                    345097,
                    4,
                    345102,
                    2,
                    345115,
                    3,
                    345119,
                    37,
                    345157,
                    35,
                    345199,
                    1,
                    346016,
                    2,
                    346021,
                    20,
                    346042,
                    5,
                    346049,
                    2,
                    346054,
                    8,
                    346073,
                    2,
                    346083,
                    2,
                    346088,
                    20,
                    346110,
                    42,
                    346976,
                    2,
                    346981,
                    22,
                    347004,
                    4,
                    347010,
                    10,
                    347023,
                    1,
                    347040,
                    1,
                    347043,
                    69,
                    347942,
                    24,
                    347967,
                    4,
                    347974,
                    6,
                    347983,
                    1,
                    348002,
                    66,
                    348069,
                    1,
                    348071,
                    1,
                    348903,
                    25,
                    348930,
                    3,
                    348934,
                    6,
                    348962,
                    65,
                    349858,
                    2,
                    349865,
                    25,
                    349891,
                    4,
                    349896,
                    4,
                    349921,
                    65,
                    349989,
                    1,
                    350819,
                    3,
                    350824,
                    1,
                    350827,
                    26,
                    350854,
                    6,
                    350862,
                    2,
                    350881,
                    65,
                    350951,
                    1,
                    351780,
                    2,
                    351784,
                    1,
                    351787,
                    28,
                    351817,
                    3,
                    351841,
                    63,
                    351906,
                    2,
                    351911,
                    1,
                    352736,
                    1,
                    352746,
                    1,
                    352749,
                    28,
                    352778,
                    2,
                    352801,
                    61,
                    352867,
                    3,
                    353709,
                    31,
                    353755,
                    3,
                    353760,
                    60,
                    353823,
                    1,
                    354664,
                    1,
                    354670,
                    37,
                    354710,
                    2,
                    354713,
                    1,
                    354716,
                    64,
                    355624,
                    2,
                    355633,
                    38,
                    355678,
                    1,
                    355680,
                    59,
                    355741,
                    1,
                    356584,
                    3,
                    356594,
                    41,
                    356640,
                    57,
                    357547,
                    2,
                    357552,
                    1,
                    357555,
                    100,
                    357663,
                    1,
                    358513,
                    2,
                    358517,
                    97,
                    358618,
                    2,
                    358623,
                    1,
                    359473,
                    2,
                    359478,
                    94,
                    359578,
                    1,
                    360440,
                    90,
                    360533,
                    4,
                    360540,
                    2,
                    361402,
                    85,
                    362364,
                    82,
                    363320,
                    1,
                    363323,
                    1,
                    363326,
                    77,
                    363407,
                    1,
                    364288,
                    72,
                    364366,
                    2,
                    365242,
                    3,
                    365250,
                    69,
                    365322,
                    3,
                    366212,
                    65,
                    366280,
                    5,
                    367168,
                    1,
                    367174,
                    61,
                    367239,
                    1,
                    367245,
                    3,
                    368121,
                    4,
                    368130,
                    4,
                    368138,
                    52,
                    368195,
                    2,
                    369104,
                    40,
                    370066,
                    36,
                    371032,
                    26,
                    371060,
                    2,
                    371984,
                    2,
                    371996,
                    4,
                    372021,
                    3,
                    372968,
                    8,
                    372978,
                    4,
                    373913,
                    4,
                    373920,
                    8,
                    373936,
                    1,
                    374867,
                    5,
                    374902,
                    2,
                    375858,
                    3
                ]
            }
        }
    ]
}