{
    "image_id": 18,
    "file_name": "Wheat_002_001_002_001.jpg",
    "width": 960,
    "height": 540,
    "annotations": [
        {
            "id": 1,
            "category_id": 2121,
            "bbox": [
                400,
                166,
                585,
                383
            ],
            "bbox_mode": 0,
            "segmentation": {
                "size": [
                    540,
                    960
                ],
                "counts": [
                    159857,
                    1,
                    159860,
                    1,
                    159862,
                    1,
                    161744,
                    1,
                    161752,
                    3,
                    161763,
                    1,
                    161765,
                    2,
                    161768,
                    1,
                    161770,
                    26,
                    161805,
                    2,
                    161809,
                    2,
                    161815,
                    1,
                    161822,
                    1,
                    162709,
                    2,
                    162713,
                    1,
                    162716,
                    1,
                    162720,
                    1,
                    162726,
                    3,
                    162730,
                    31,
                    162763,
                    5,
                    162769,
                    2,
                    162773,
                    2,
                    162781,
                    1,
                    163669,
                    5,
                    163677,
                    1,
                    163679,
                    2,
                    163682,
                    45,
                    163728,
                    1,
                    163733,
                    2,
                    163743,
                    1,
                    164632,
                    1,
                    164634,
                    4,
                    164640,
                    49,
                    164690,
                    1,
                    164693,
                    3,
                    165584,
                    1,
                    165587,
                    1,
                    165589,
                    1,
                    165591,
                    3,
                    165595,
                    1,
                    165597,
                    54,
                    165652,
                    2,
                    166547,
                    1,
                    166551,
                    2,
                    166554,
                    61,
                    167505,
                    1,
                    167509,
                    67,
                    168465,
                    3,
                    168469,
                    1,
                    168471,
                    63,
                    168535,
                    1,
                    169416,
                    3,
                    169420,
                    1,
                    169423,
                    1,
                    169425,
                    1,
                    169427,
                    72,
                    169500,
                    1,
                    169502,
                    2,
                    169505,
                    2,
                    169509,
                    3,
                    170376,
                    4,
                    170383,
                    76,
                    170460,
                    3,
                    170464,
                    8,
                    171341,
                    80,
                    171422,
                    1,
                    171426,
                    2,
                    171431,
                    1,
                    172291,
                    2,
                    172296,
                    1,
                    172302,
                    83,
                    172389,
                    2,
                    173248,
                    3,
                    173256,
                    2,
                    173260,
                    85,
                    173346,
                    3,
                    173351,
                    1,
                    174208,
                    2,
                    174216,
                    88,
                    174305,
                    3,
                    174311,
                    1,
                    175174,
                    98,
                    176134,
                    95,
                    176231,
                    1,
                    177080,
                    1,
                    177083,
                    1,
                    177086,
                    2,
                    177090,
                    1,
                    177092,
                    2,
                    177095,
                    96,
                    177192,
                    1,
                    177194,
                    1,
                    177196,
                    1,
                    177199,
                    1,
                    178044,
                    2,
                    178047,
                    3,
                    178051,
                    105,
                    178158,
                    1,
                    179000,
                    3,
                    179005,
                    4,
                    179010,
                    104,
                    179116,
                    1,
                    179118,
                    1,
                    179961,
                    2,
                    179970,
                    104,
                    180076,
                    2,
                    180922,
                    1,
                    180924,
                    1,
                    180926,
                    109,
                    181036,
                    1,
                    181038,
                    2,
                    181883,
                    2,
                    181886,
                    110,
                    181999,
                    1,
                    182840,
                    1,
                    182842,
                    115,
                    183800,
                    2,
                    183803,
                    116,
                    184752,
                    4,
                    184757,
                    2,
                    184760,
                    3,
                    184764,
                    112,
                    184877,
                    1,
                    184879,
                    2,
                    184882,
                    2,
                    184886,
                    1,
                    184888,
                    1,
                    185712,
                    1,
                    185714,
                    6,
                    185721,
                    118,
                    185842,
                    2,
                    185846,
                    3,
                    186676,
                    1,
                    186679,
                    1,
                    186681,
                    119,
                    186802,
                    1,
                    186806,
                    1,
                    187634,
                    1,
                    187636,
                    1,
                    187638,
                    123,
                    187764,
                    1,
                    188592,
                    2,
                    188595,
                    1,
                    188597,
                    128,
                    188726,
                    2,
                    189552,
                    1,
                    189557,
                    123,
                    189681,
                    2,
                    189684,
                    1,
                    189686,
                    2,
                    190513,
                    3,
                    190517,
                    128,
                    190647,
                    1,
                    191472,
                    1,
                    191476,
                    127,
                    191605,
                    1,
                    192424,
                    6,
                    192433,
                    1,
                    192435,
                    133,
                    193385,
                    2,
                    193389,
                    1,
                    193392,
                    2,
                    193395,
                    130,
                    193526,
                    2,
                    194344,
                    3,
                    194351,
                    133,
                    194485,
                    1,
                    194487,
                    1,
                    195305,
                    1,
                    195308,
                    2,
                    195313,
                    135,
                    196264,
                    1,
                    196268,
                    1,
                    196270,
                    1,
                    196272,
                    133,
                    196407,
                    1,
                    197225,
                    4,
                    197230,
                    137,
                    198185,
                    141,
                    198327,
                    1,
                    199144,
                    144,
                    200104,
                    2,
                    200108,
                    1,
                    200110,
                    138,
                    200253,
                    2,
                    201057,
                    1,
                    201065,
                    145,
                    201211,
                    1,
                    201214,
                    1,
                    202025,
                    143,
                    202169,
                    3,
                    202173,
                    2,
                    202984,
                    146,
                    203132,
                    4,
                    203945,
                    1,
                    203947,
                    146,
                    204095,
                    1,
                    204905,
                    147,
                    205053,
                    3,
                    205864,
                    148,
                    206013,
                    2,
                    206824,
                    150,
                    207776,
                    3,
                    207780,
                    153,
                    207935,
                    1,
                    208736,
                    2,
                    208739,
                    1,
                    208742,
                    151,
                    208894,
                    1,
                    209696,
                    2,
                    209699,
                    2,
                    209702,
                    150,
                    210657,
                    156,
                    210815,
                    1,
                    211617,
                    2,
                    211620,
                    154,
                    212579,
                    156,
                    213539,
                    156,
                    214497,
                    2,
                    214500,
                    154,
                    215457,
                    158,
                    216411,
                    4,
                    216416,
                    1,
                    216418,
                    157,
                    217371,
                    3,
                    217376,
                    1,
                    217378,
                    158,
                    218336,
                    161,
                    219294,
                    164,
                    220248,
                    1,
                    220253,
                    166,
                    221208,
                    7,
                    221216,
                    160,
                    221377,
                    2,
                    222169,
                    3,
                    222174,
                    165,
                    223128,
                    2,
                    223131,
                    1,
                    223134,
                    163,
                    223298,
                    3,
                    224089,
                    1,
                    224091,
                    1,
                    224093,
                    168,
                    225049,
                    1,
                    225053,
                    166,
                    225220,
                    1,
                    225223,
                    1,
                    226009,
                    1,
                    226012,
                    165,
                    226179,
                    2,
                    226183,
                    1,
                    226969,
                    1,
                    226972,
                    166,
                    227139,
                    2,
                    227143,
                    1,
                    227930,
                    168,
                    228099,
                    2,
                    228890,
                    168,
                    229060,
                    1,
                    229848,
                    171,
                    230020,
                    1,
                    230809,
                    170,
                    230980,
                    1,
                    231762,
                    1,
                    231768,
                    171,
                    232723,
                    1,
                    232729,
                    1,
                    232731,
                    167,
                    232902,
                    1,
                    233688,
                    170,
                    233862,
                    1,
                    234648,
                    171,
                    234822,
                    1,
                    235608,
                    171,
                    235782,
                    1,
                    236568,
                    171,
                    236740,
                    1,
                    236742,
                    1,
                    237528,
                    171,
                    237700,
                    1,
                    237702,
                    1,
                    238482,
                    1,
                    238485,
                    2,
                    238488,
                    173,
                    239442,
                    1,
                    239446,
                    175,
                    240403,
                    1,
                    240406,
                    175,
                    241363,
                    1,
                    241366,
                    173,
                    241540,
                    1,
                    242321,
                    1,
                    242325,
                    1,
                    242327,
                    174,
                    242502,
                    1,
                    243281,
                    1,
                    243285,
                    176,
                    243462,
                    1,
                    244241,
                    3,
                    244245,
                    176,
                    244422,
                    1,
                    244425,
                    1,
                    245202,
                    3,
                    245206,
                    174,
                    245382,
                    1,
                    246160,
                    184,
                    247122,
                    2,
                    247125,
                    175,
                    247301,
                    1,
                    247303,
                    1,
                    248081,
                    3,
                    248085,
                    175,
                    248263,
                    1,
                    249040,
                    4,
                    249045,
                    175,
                    250000,
                    1,
                    250004,
                    176,
                    250961,
                    181,
                    251920,
                    2,
                    251923,
                    176,
                    252102,
                    1,
                    252881,
                    178,
                    253062,
                    1,
                    253842,
                    178,
                    254021,
                    1,
                    254802,
                    178,
                    254981,
                    1,
                    255761,
                    1,
                    255764,
                    175,
                    255940,
                    2,
                    255943,
                    1,
                    256721,
                    1,
                    256724,
                    175,
                    256900,
                    1,
                    256902,
                    1,
                    257681,
                    1,
                    257683,
                    176,
                    257860,
                    1,
                    257863,
                    1,
                    258641,
                    178,
                    258820,
                    1,
                    259602,
                    177,
                    259780,
                    1,
                    259782,
                    1,
                    260562,
                    177,
                    260740,
                    1,
                    260742,
                    1,
                    261522,
                    177,
                    261700,
                    2,
                    262482,
                    178,
                    262661,
                    1,
                    263441,
                    1,
                    263443,
                    177,
                    263621,
                    1,
                    264401,
                    179,
                    264581,
                    1,
                    265361,
                    179,
                    265541,
                    1,
                    266321,
                    177,
                    266499,
                    1,
                    266501,
                    1,
                    267281,
                    177,
                    267459,
                    1,
                    267461,
                    1,
                    268240,
                    178,
                    268419,
                    1,
                    268421,
                    1,
                    269201,
                    179,
                    270161,
                    177,
                    270339,
                    1,
                    271122,
                    176,
                    271303,
                    1,
                    272081,
                    176,
                    272258,
                    1,
                    272261,
                    1,
                    272263,
                    1,
                    273041,
                    176,
                    273218,
                    4,
                    274001,
                    176,
                    274178,
                    1,
                    274180,
                    2,
                    274961,
                    176,
                    275138,
                    1,
                    275921,
                    175,
                    276098,
                    2,
                    276102,
                    1,
                    276881,
                    175,
                    277841,
                    175,
                    278800,
                    175,
                    279760,
                    176,
                    280720,
                    176,
                    281680,
                    176,
                    282640,
                    175,
                    283601,
                    174,
                    284562,
                    173,
                    285522,
                    173,
                    286480,
                    175,
                    287440,
                    1,
                    287442,
                    172,
                    288400,
                    1,
                    288402,
                    172,
                    289362,
                    171,
                    290321,
                    172,
                    291281,
                    172,
                    291454,
                    1,
                    292242,
                    171,
                    292415,
                    1,
                    293202,
                    171,
                    293375,
                    1,
                    294160,
                    1,
                    294162,
                    167,
                    294330,
                    2,
                    295120,
                    1,
                    295122,
                    165,
                    295288,
                    4,
                    295294,
                    1,
                    296080,
                    1,
                    296082,
                    165,
                    296249,
                    2,
                    296252,
                    1,
                    296254,
                    1,
                    297040,
                    1,
                    297043,
                    162,
                    297208,
                    3,
                    297213,
                    2,
                    298001,
                    165,
                    298167,
                    4,
                    298172,
                    2,
                    298961,
                    165,
                    299127,
                    3,
                    299132,
                    2,
                    299920,
                    171,
                    300880,
                    170,
                    301055,
                    1,
                    301842,
                    161,
                    302004,
                    4,
                    302014,
                    2,
                    302801,
                    2,
                    302805,
                    163,
                    302973,
                    3,
                    303761,
                    2,
                    303764,
                    164,
                    303931,
                    2,
                    304721,
                    1,
                    304724,
                    163,
                    305680,
                    1,
                    305683,
                    164,
                    306640,
                    1,
                    306643,
                    163,
                    307600,
                    1,
                    307603,
                    163,
                    308563,
                    2,
                    308566,
                    160,
                    309524,
                    161,
                    310481,
                    1,
                    310484,
                    2,
                    310487,
                    1,
                    310489,
                    156,
                    311441,
                    2,
                    311445,
                    1,
                    311447,
                    158,
                    311606,
                    2,
                    312401,
                    2,
                    312405,
                    1,
                    312407,
                    2,
                    312410,
                    147,
                    312558,
                    6,
                    312566,
                    1,
                    313361,
                    2,
                    313366,
                    3,
                    313370,
                    152,
                    313523,
                    1,
                    313526,
                    1,
                    314326,
                    2,
                    314329,
                    155,
                    314486,
                    2,
                    315280,
                    1,
                    315283,
                    2,
                    315286,
                    3,
                    315290,
                    1,
                    315292,
                    141,
                    315434,
                    9,
                    316240,
                    1,
                    316243,
                    2,
                    316246,
                    4,
                    316251,
                    151,
                    316407,
                    1,
                    317200,
                    1,
                    317203,
                    2,
                    317207,
                    2,
                    317211,
                    1,
                    317213,
                    147,
                    317366,
                    2,
                    318163,
                    1,
                    318167,
                    5,
                    318173,
                    147,
                    318325,
                    3,
                    319123,
                    1,
                    319128,
                    2,
                    319131,
                    2,
                    319134,
                    145,
                    319283,
                    2,
                    320089,
                    150,
                    321045,
                    2,
                    321049,
                    2,
                    321052,
                    1,
                    321054,
                    144,
                    321199,
                    1,
                    322000,
                    1,
                    322005,
                    1,
                    322010,
                    3,
                    322015,
                    142,
                    322158,
                    1,
                    322968,
                    1,
                    322970,
                    5,
                    322976,
                    143,
                    323928,
                    1,
                    323930,
                    5,
                    323937,
                    130,
                    324068,
                    9,
                    324890,
                    3,
                    324894,
                    3,
                    324898,
                    138,
                    325849,
                    1,
                    325851,
                    4,
                    325856,
                    139,
                    326809,
                    1,
                    326812,
                    134,
                    326947,
                    8,
                    327772,
                    142,
                    327916,
                    1,
                    328728,
                    1,
                    328732,
                    141,
                    328876,
                    1,
                    329688,
                    1,
                    329690,
                    2,
                    329693,
                    8,
                    329702,
                    131,
                    329839,
                    1,
                    330651,
                    1,
                    330654,
                    8,
                    330663,
                    128,
                    331611,
                    1,
                    331614,
                    136,
                    332571,
                    1,
                    332574,
                    123,
                    332698,
                    11,
                    333531,
                    1,
                    333534,
                    134,
                    333670,
                    1,
                    334491,
                    1,
                    334495,
                    10,
                    334506,
                    121,
                    334629,
                    2,
                    335457,
                    9,
                    335467,
                    120,
                    335589,
                    2,
                    336413,
                    1,
                    336417,
                    10,
                    336428,
                    118,
                    336548,
                    1,
                    337373,
                    2,
                    337376,
                    129,
                    337507,
                    2,
                    338336,
                    1,
                    338339,
                    107,
                    338447,
                    17,
                    339299,
                    125,
                    340257,
                    2,
                    340260,
                    101,
                    340362,
                    21,
                    341217,
                    2,
                    341221,
                    121,
                    342179,
                    1,
                    342182,
                    13,
                    342196,
                    105,
                    343136,
                    1,
                    343139,
                    120,
                    344096,
                    1,
                    344099,
                    1,
                    344103,
                    115,
                    345064,
                    80,
                    345145,
                    31,
                    346024,
                    74,
                    346099,
                    14,
                    346114,
                    21,
                    346985,
                    73,
                    347059,
                    11,
                    347071,
                    24,
                    347946,
                    107,
                    348055,
                    1,
                    348904,
                    1,
                    348908,
                    104,
                    349015,
                    1,
                    349864,
                    1,
                    349869,
                    102,
                    350826,
                    1,
                    350829,
                    22,
                    350852,
                    78,
                    350933,
                    2,
                    351786,
                    3,
                    351790,
                    23,
                    351814,
                    57,
                    351872,
                    17,
                    352745,
                    3,
                    352752,
                    64,
                    352817,
                    10,
                    352828,
                    19,
                    352850,
                    2,
                    352855,
                    1,
                    353713,
                    25,
                    353739,
                    43,
                    353784,
                    22,
                    354674,
                    64,
                    354739,
                    25,
                    355635,
                    60,
                    355696,
                    26,
                    355723,
                    1,
                    356597,
                    36,
                    356634,
                    14,
                    356652,
                    29,
                    356685,
                    1,
                    357558,
                    81,
                    357642,
                    3,
                    358514,
                    2,
                    358519,
                    78,
                    358602,
                    1,
                    358607,
                    1,
                    359474,
                    2,
                    359481,
                    75,
                    359559,
                    3,
                    359567,
                    1,
                    360432,
                    1,
                    360437,
                    3,
                    360444,
                    68,
                    360517,
                    4,
                    360523,
                    4,
                    361405,
                    66,
                    362365,
                    67,
                    363320,
                    2,
                    363327,
                    2,
                    363330,
                    57,
                    363391,
                    1,
                    364280,
                    2,
                    364292,
                    52,
                    365248,
                    1,
                    365254,
                    46,
                    365307,
                    3,
                    366217,
                    39,
                    366263,
                    1,
                    366270,
                    2,
                    367170,
                    2,
                    367184,
                    30,
                    367216,
                    2,
                    367222,
                    2,
                    367231,
                    1,
                    368129,
                    2,
                    368135,
                    1,
                    368141,
                    3,
                    368148,
                    17,
                    368168,
                    2,
                    368187,
                    3
                ]
            }
        }
    ]
}