{
    "image_id": 46,
    "file_name": "Wheat_004_001_003_001.jpg",
    "width": 960,
    "height": 540,
    "annotations": [
        {
            "id": 1,
            "category_id": 4131,
            "bbox": [
                400,
                155,
                583,
                367
            ],
            "bbox_mode": 0,
            "segmentation": {
                "size": [
                    540,
                    960
                ],
                "counts": [
                    149248,
                    8,
                    151176,
                    2,
                    152128,
                    11,
                    153087,
                    14,
                    153102,
                    3,
                    154031,
                    1,
                    154033,
                    3,
                    154039,
                    24,
                    154065,
                    6,
                    154074,
                    1,
                    154079,
                    1,
                    154082,
                    1,
                    154086,
                    3,
                    154985,
                    3,
                    154991,
                    2,
                    154998,
                    32,
                    155031,
                    3,
                    155035,
                    3,
                    155039,
                    2,
                    155043,
                    4,
                    155944,
                    1,
                    155948,
                    3,
                    155953,
                    1,
                    155956,
                    42,
                    155999,
                    3,
                    156007,
                    1,
                    156904,
                    1,
                    156912,
                    1,
                    156914,
                    49,
                    156964,
                    1,
                    156966,
                    2,
                    156974,
                    2,
                    156977,
                    1,
                    157864,
                    6,
                    157871,
                    55,
                    157927,
                    1,
                    157934,
                    2,
                    157937,
                    4,
                    157942,
                    1,
                    158816,
                    1,
                    158827,
                    4,
                    158832,
                    55,
                    158891,
                    1,
                    158896,
                    1,
                    158899,
                    5,
                    159776,
                    1,
                    159784,
                    1,
                    159787,
                    2,
                    159790,
                    59,
                    159850,
                    2,
                    160745,
                    63,
                    160810,
                    3,
                    161696,
                    1,
                    161699,
                    1,
                    161701,
                    2,
                    161705,
                    1,
                    161707,
                    65,
                    161777,
                    2,
                    161782,
                    2,
                    162658,
                    1,
                    162660,
                    1,
                    162662,
                    1,
                    162664,
                    72,
                    162737,
                    2,
                    163617,
                    1,
                    163619,
                    1,
                    163622,
                    73,
                    163696,
                    1,
                    163698,
                    4,
                    163703,
                    1,
                    164581,
                    78,
                    164661,
                    3,
                    165536,
                    4,
                    165541,
                    80,
                    165622,
                    1,
                    166496,
                    1,
                    166499,
                    1,
                    166501,
                    79,
                    166581,
                    3,
                    167456,
                    88,
                    168416,
                    87,
                    168504,
                    1,
                    169368,
                    1,
                    169372,
                    1,
                    169377,
                    88,
                    169466,
                    2,
                    169472,
                    1,
                    169475,
                    2,
                    170331,
                    1,
                    170336,
                    92,
                    170430,
                    1,
                    170439,
                    1,
                    171295,
                    94,
                    171390,
                    2,
                    172254,
                    97,
                    172357,
                    1,
                    173210,
                    1,
                    173213,
                    2,
                    173216,
                    97,
                    173317,
                    1,
                    174173,
                    102,
                    175132,
                    104,
                    176089,
                    1,
                    176092,
                    1,
                    176094,
                    104,
                    177049,
                    1,
                    177052,
                    104,
                    177157,
                    3,
                    177163,
                    1,
                    177167,
                    1,
                    178010,
                    113,
                    178125,
                    3,
                    178969,
                    110,
                    179080,
                    1,
                    179083,
                    2,
                    179930,
                    110,
                    180042,
                    2,
                    180045,
                    1,
                    180047,
                    1,
                    180889,
                    1,
                    180891,
                    114,
                    181006,
                    1,
                    181849,
                    117,
                    181967,
                    1,
                    182808,
                    1,
                    182810,
                    116,
                    182927,
                    1,
                    183768,
                    119,
                    184722,
                    1,
                    184725,
                    2,
                    184728,
                    120,
                    184849,
                    2,
                    184853,
                    2,
                    185682,
                    1,
                    185688,
                    121,
                    185811,
                    2,
                    186643,
                    1,
                    186648,
                    121,
                    186771,
                    2,
                    186775,
                    1,
                    187603,
                    1,
                    187607,
                    122,
                    187730,
                    1,
                    187732,
                    3,
                    188566,
                    124,
                    188693,
                    3,
                    189525,
                    1,
                    189528,
                    123,
                    189652,
                    2,
                    189655,
                    1,
                    190485,
                    1,
                    190487,
                    125,
                    190613,
                    3,
                    191441,
                    2,
                    191445,
                    131,
                    192400,
                    6,
                    192407,
                    128,
                    192538,
                    2,
                    192543,
                    1,
                    193360,
                    3,
                    193365,
                    132,
                    193500,
                    1,
                    194320,
                    1,
                    194324,
                    1,
                    194326,
                    132,
                    194460,
                    3,
                    195280,
                    1,
                    195284,
                    135,
                    195421,
                    2,
                    196241,
                    1,
                    196243,
                    138,
                    196382,
                    1,
                    197201,
                    1,
                    197203,
                    2,
                    197206,
                    136,
                    198161,
                    4,
                    198166,
                    136,
                    199121,
                    2,
                    199126,
                    136,
                    199263,
                    1,
                    200082,
                    1,
                    200085,
                    138,
                    200225,
                    1,
                    200231,
                    1,
                    201043,
                    141,
                    201187,
                    3,
                    201191,
                    1,
                    202003,
                    2,
                    202006,
                    139,
                    202147,
                    3,
                    202961,
                    1,
                    202963,
                    2,
                    202966,
                    139,
                    203109,
                    2,
                    203921,
                    1,
                    203923,
                    2,
                    203926,
                    138,
                    204065,
                    2,
                    204070,
                    1,
                    204881,
                    1,
                    204883,
                    2,
                    204886,
                    139,
                    205026,
                    2,
                    205841,
                    2,
                    205846,
                    142,
                    206802,
                    1,
                    206806,
                    140,
                    206947,
                    1,
                    207765,
                    142,
                    207908,
                    1,
                    208725,
                    145,
                    208871,
                    1,
                    209685,
                    146,
                    210645,
                    144,
                    210790,
                    1,
                    211605,
                    145,
                    211751,
                    1,
                    212565,
                    147,
                    213520,
                    1,
                    213525,
                    148,
                    214480,
                    1,
                    214485,
                    148,
                    215445,
                    149,
                    215595,
                    2,
                    215598,
                    1,
                    216403,
                    1,
                    216405,
                    150,
                    216557,
                    1,
                    217363,
                    1,
                    217365,
                    151,
                    217517,
                    3,
                    218323,
                    1,
                    218325,
                    150,
                    218476,
                    2,
                    218479,
                    1,
                    219283,
                    154,
                    219438,
                    1,
                    220244,
                    1,
                    220246,
                    151,
                    220398,
                    2,
                    221204,
                    2,
                    221207,
                    151,
                    222161,
                    2,
                    222164,
                    154,
                    222319,
                    1,
                    223120,
                    1,
                    223123,
                    1,
                    223125,
                    154,
                    223285,
                    2,
                    224080,
                    1,
                    224083,
                    1,
                    224085,
                    2,
                    224088,
                    150,
                    224239,
                    1,
                    224241,
                    2,
                    225043,
                    1,
                    225045,
                    155,
                    225201,
                    3,
                    225207,
                    1,
                    226001,
                    1,
                    226003,
                    1,
                    226005,
                    154,
                    226160,
                    1,
                    226167,
                    1,
                    226961,
                    1,
                    226966,
                    2,
                    226969,
                    152,
                    227921,
                    1,
                    227926,
                    157,
                    228881,
                    1,
                    228886,
                    158,
                    229045,
                    2,
                    229841,
                    1,
                    229843,
                    2,
                    229846,
                    3,
                    229850,
                    154,
                    230006,
                    1,
                    230801,
                    1,
                    230806,
                    157,
                    230964,
                    1,
                    231761,
                    1,
                    231766,
                    158,
                    231926,
                    2,
                    231931,
                    1,
                    232726,
                    5,
                    232732,
                    152,
                    232887,
                    1,
                    233686,
                    157,
                    233845,
                    1,
                    234646,
                    160,
                    235607,
                    160,
                    236567,
                    160,
                    237521,
                    1,
                    237523,
                    2,
                    237527,
                    7,
                    237535,
                    152,
                    238488,
                    7,
                    238496,
                    152,
                    238649,
                    2,
                    238653,
                    2,
                    239448,
                    160,
                    240408,
                    8,
                    240417,
                    150,
                    241368,
                    161,
                    242328,
                    161,
                    242495,
                    1,
                    243289,
                    9,
                    243299,
                    150,
                    243450,
                    1,
                    243455,
                    1,
                    244249,
                    160,
                    244410,
                    1,
                    244414,
                    1,
                    245208,
                    1,
                    245210,
                    161,
                    245374,
                    1,
                    246170,
                    160,
                    246332,
                    1,
                    246334,
                    1,
                    247130,
                    11,
                    247142,
                    148,
                    247291,
                    1,
                    247294,
                    1,
                    248090,
                    12,
                    248103,
                    147,
                    248251,
                    1,
                    248253,
                    1,
                    249050,
                    13,
                    249064,
                    148,
                    249213,
                    1,
                    250011,
                    160,
                    250172,
                    2,
                    250971,
                    160,
                    251132,
                    2,
                    251135,
                    1,
                    251932,
                    161,
                    252095,
                    1,
                    252889,
                    1,
                    252892,
                    162,
                    253055,
                    1,
                    253849,
                    2,
                    253853,
                    14,
                    253868,
                    146,
                    254809,
                    1,
                    254813,
                    161,
                    255773,
                    161,
                    256728,
                    1,
                    256731,
                    1,
                    256734,
                    15,
                    256750,
                    143,
                    257688,
                    1,
                    257691,
                    1,
                    257694,
                    13,
                    257709,
                    1,
                    257712,
                    142,
                    258648,
                    1,
                    258651,
                    1,
                    258654,
                    14,
                    258673,
                    141,
                    258815,
                    1,
                    259614,
                    15,
                    259631,
                    145,
                    260574,
                    15,
                    260594,
                    142,
                    261536,
                    13,
                    261550,
                    1,
                    261556,
                    140,
                    262496,
                    13,
                    262511,
                    3,
                    262516,
                    140,
                    262660,
                    1,
                    263456,
                    14,
                    263471,
                    1,
                    263478,
                    139,
                    264417,
                    12,
                    264431,
                    1,
                    264435,
                    1,
                    264437,
                    142,
                    265377,
                    12,
                    265395,
                    2,
                    265399,
                    137,
                    265537,
                    2,
                    266338,
                    11,
                    266352,
                    1,
                    266361,
                    136,
                    266498,
                    1,
                    266501,
                    1,
                    267298,
                    12,
                    267312,
                    1,
                    267318,
                    1,
                    267320,
                    137,
                    267458,
                    1,
                    268256,
                    1,
                    268259,
                    11,
                    268273,
                    2,
                    268282,
                    135,
                    268418,
                    1,
                    269216,
                    2,
                    269219,
                    13,
                    269233,
                    1,
                    269239,
                    1,
                    269242,
                    135,
                    269382,
                    1,
                    270176,
                    1,
                    270179,
                    14,
                    270196,
                    3,
                    270202,
                    135,
                    270342,
                    1,
                    271140,
                    14,
                    271156,
                    2,
                    271162,
                    135,
                    271300,
                    1,
                    271302,
                    1,
                    272101,
                    13,
                    272122,
                    135,
                    272260,
                    1,
                    272262,
                    1,
                    273058,
                    1,
                    273061,
                    15,
                    273083,
                    134,
                    273220,
                    1,
                    274018,
                    2,
                    274022,
                    14,
                    274037,
                    1,
                    274042,
                    136,
                    274180,
                    1,
                    274978,
                    2,
                    274982,
                    16,
                    275003,
                    135,
                    275140,
                    1,
                    275939,
                    1,
                    275942,
                    19,
                    275963,
                    9,
                    275973,
                    125,
                    276100,
                    1,
                    276904,
                    17,
                    276923,
                    135,
                    277059,
                    1,
                    277864,
                    17,
                    277882,
                    136,
                    278019,
                    1,
                    278824,
                    18,
                    278843,
                    135,
                    279785,
                    18,
                    279804,
                    134,
                    280745,
                    19,
                    280765,
                    134,
                    280900,
                    1,
                    281704,
                    1,
                    281707,
                    152,
                    281860,
                    1,
                    282664,
                    1,
                    282667,
                    20,
                    282688,
                    131,
                    282820,
                    1,
                    283627,
                    21,
                    283649,
                    130,
                    283780,
                    1,
                    284588,
                    22,
                    284611,
                    129,
                    284742,
                    1,
                    285545,
                    1,
                    285548,
                    151,
                    285702,
                    1,
                    286504,
                    3,
                    286509,
                    150,
                    286660,
                    1,
                    286662,
                    1,
                    287464,
                    1,
                    287467,
                    1,
                    287470,
                    149,
                    287620,
                    1,
                    287622,
                    1,
                    288424,
                    1,
                    288427,
                    2,
                    288430,
                    26,
                    288457,
                    122,
                    288580,
                    1,
                    288582,
                    1,
                    289384,
                    1,
                    289387,
                    3,
                    289391,
                    148,
                    289540,
                    1,
                    289542,
                    1,
                    290346,
                    1,
                    290349,
                    2,
                    290352,
                    147,
                    290500,
                    3,
                    291305,
                    2,
                    291309,
                    2,
                    291313,
                    146,
                    291460,
                    3,
                    292272,
                    148,
                    292422,
                    1,
                    293233,
                    30,
                    293264,
                    116,
                    293382,
                    1,
                    294194,
                    31,
                    294226,
                    112,
                    294339,
                    1,
                    294342,
                    1,
                    295155,
                    32,
                    295188,
                    112,
                    295302,
                    1,
                    296113,
                    1,
                    296116,
                    33,
                    296150,
                    110,
                    296261,
                    2,
                    297073,
                    2,
                    297077,
                    34,
                    297112,
                    105,
                    297218,
                    1,
                    297221,
                    1,
                    298037,
                    35,
                    298074,
                    105,
                    298180,
                    2,
                    298992,
                    1,
                    298998,
                    36,
                    299035,
                    104,
                    299140,
                    4,
                    299960,
                    136,
                    300920,
                    37,
                    300958,
                    98,
                    301880,
                    38,
                    301921,
                    94,
                    302018,
                    1,
                    302841,
                    37,
                    302879,
                    1,
                    302883,
                    92,
                    302977,
                    2,
                    303802,
                    36,
                    303840,
                    1,
                    303845,
                    90,
                    303937,
                    2,
                    304760,
                    1,
                    304763,
                    36,
                    304800,
                    1,
                    304808,
                    85,
                    304894,
                    2,
                    304897,
                    2,
                    305720,
                    1,
                    305724,
                    35,
                    305768,
                    1,
                    305770,
                    86,
                    305857,
                    2,
                    306681,
                    1,
                    306685,
                    34,
                    306728,
                    2,
                    306733,
                    78,
                    306812,
                    4,
                    306817,
                    2,
                    307642,
                    1,
                    307646,
                    33,
                    307682,
                    3,
                    307687,
                    2,
                    307696,
                    74,
                    307771,
                    4,
                    307776,
                    3,
                    307780,
                    1,
                    307782,
                    1,
                    308601,
                    2,
                    308606,
                    34,
                    308641,
                    3,
                    308652,
                    86,
                    308740,
                    1,
                    309561,
                    2,
                    309567,
                    37,
                    309607,
                    1,
                    309616,
                    82,
                    309700,
                    1,
                    309703,
                    1,
                    310522,
                    1,
                    310528,
                    39,
                    310575,
                    75,
                    310651,
                    3,
                    310655,
                    3,
                    310660,
                    1,
                    310663,
                    1,
                    311489,
                    43,
                    311533,
                    78,
                    311612,
                    6,
                    311619,
                    2,
                    311623,
                    1,
                    312450,
                    46,
                    312497,
                    80,
                    312579,
                    1,
                    312581,
                    1,
                    313405,
                    1,
                    313411,
                    46,
                    313458,
                    79,
                    313538,
                    1,
                    313540,
                    2,
                    314360,
                    1,
                    314365,
                    1,
                    314372,
                    46,
                    314421,
                    1,
                    314425,
                    74,
                    314500,
                    2,
                    315329,
                    2,
                    315334,
                    45,
                    315394,
                    54,
                    315449,
                    9,
                    316289,
                    3,
                    316294,
                    46,
                    316354,
                    50,
                    316406,
                    11,
                    317249,
                    3,
                    317256,
                    44,
                    317315,
                    15,
                    317331,
                    30,
                    317363,
                    13,
                    318212,
                    2,
                    318216,
                    44,
                    318272,
                    1,
                    318274,
                    1,
                    318276,
                    14,
                    318292,
                    44,
                    319173,
                    3,
                    319177,
                    59,
                    319237,
                    15,
                    319253,
                    26,
                    319280,
                    15,
                    320128,
                    2,
                    320134,
                    2,
                    320138,
                    74,
                    320213,
                    42,
                    321088,
                    2,
                    321095,
                    1,
                    321099,
                    59,
                    321159,
                    27,
                    321191,
                    24,
                    321223,
                    1,
                    322055,
                    1,
                    322060,
                    91,
                    322155,
                    3,
                    322159,
                    1,
                    322161,
                    13,
                    322182,
                    2,
                    323021,
                    67,
                    323093,
                    15,
                    323109,
                    7,
                    323118,
                    15,
                    323135,
                    1,
                    323978,
                    1,
                    323982,
                    59,
                    324042,
                    3,
                    324046,
                    6,
                    324053,
                    18,
                    324072,
                    21,
                    324095,
                    1,
                    324938,
                    1,
                    324944,
                    58,
                    325003,
                    7,
                    325011,
                    11,
                    325023,
                    8,
                    325032,
                    3,
                    325036,
                    17,
                    325898,
                    2,
                    325905,
                    59,
                    325965,
                    3,
                    325974,
                    7,
                    325982,
                    13,
                    325996,
                    16,
                    326856,
                    3,
                    326862,
                    2,
                    326866,
                    60,
                    326927,
                    6,
                    326936,
                    36,
                    326974,
                    1,
                    327816,
                    2,
                    327824,
                    1,
                    327828,
                    60,
                    327889,
                    8,
                    327899,
                    33,
                    327934,
                    1,
                    328776,
                    1,
                    328784,
                    2,
                    328789,
                    102,
                    329740,
                    4,
                    329746,
                    2,
                    329750,
                    100,
                    329852,
                    2,
                    330712,
                    99,
                    330815,
                    1,
                    331672,
                    99,
                    331775,
                    1,
                    332634,
                    96,
                    333596,
                    91,
                    334557,
                    90,
                    334652,
                    1,
                    335513,
                    3,
                    335519,
                    87,
                    335607,
                    1,
                    336474,
                    2,
                    336480,
                    85,
                    336567,
                    1,
                    337432,
                    1,
                    337442,
                    82,
                    337528,
                    1,
                    338400,
                    1,
                    338404,
                    79,
                    339360,
                    1,
                    339365,
                    78,
                    339445,
                    2,
                    340328,
                    73,
                    340405,
                    1,
                    341289,
                    71,
                    342245,
                    3,
                    342251,
                    68,
                    342320,
                    1,
                    343207,
                    1,
                    343213,
                    65,
                    343286,
                    2,
                    344168,
                    1,
                    344174,
                    62,
                    344238,
                    2,
                    344246,
                    2,
                    345123,
                    2,
                    345131,
                    1,
                    345138,
                    56,
                    345202,
                    2,
                    346101,
                    51,
                    347056,
                    2,
                    347062,
                    48,
                    348016,
                    1,
                    348026,
                    42,
                    348071,
                    1,
                    348992,
                    32,
                    349028,
                    3,
                    349944,
                    2,
                    349955,
                    26,
                    349986,
                    3,
                    350898,
                    2,
                    350922,
                    10,
                    350936,
                    2,
                    350944,
                    2,
                    351856,
                    3,
                    351872,
                    5,
                    351888,
                    4,
                    351901,
                    3,
                    351910,
                    2,
                    352827,
                    5,
                    352839,
                    1,
                    352845,
                    3,
                    352858,
                    2,
                    352867,
                    1
                ]
            }
        }
    ]
}