{
    "image_id": 8,
    "file_name": "Wheat_001_001_002_003.jpg",
    "width": 960,
    "height": 540,
    "annotations": [
        {
            "id": 1,
            "category_id": 1123,
            "bbox": [
                400,
                144,
                607,
                382
            ],
            "bbox_mode": 0,
            "segmentation": {
                "size": [
                    540,
                    960
                ],
                "counts": [
                    138718,
                    1,
                    138721,
                    3,
                    138728,
                    2,
                    138733,
                    1,
                    138739,
                    2,
                    138752,
                    1,
                    138757,
                    3,
                    138762,
                    1,
                    138767,
                    1,
                    138770,
                    2,
                    138774,
                    3,
                    138785,
                    1,
                    139684,
                    4,
                    139691,
                    3,
                    139696,
                    9,
                    139710,
                    2,
                    139722,
                    1,
                    139727,
                    3,
                    139746,
                    1,
                    139748,
                    1,
                    140629,
                    4,
                    140640,
                    3,
                    140648,
                    3,
                    140655,
                    1,
                    140665,
                    6,
                    140674,
                    6,
                    140688,
                    2,
                    140693,
                    2,
                    140698,
                    2,
                    141589,
                    4,
                    141601,
                    8,
                    141610,
                    6,
                    141617,
                    14,
                    141633,
                    4,
                    141638,
                    2,
                    141641,
                    12,
                    141655,
                    1,
                    141661,
                    1,
                    142544,
                    2,
                    142553,
                    1,
                    142555,
                    1,
                    142561,
                    3,
                    142567,
                    11,
                    142579,
                    20,
                    142600,
                    5,
                    142608,
                    1,
                    142611,
                    1,
                    142614,
                    4,
                    142621,
                    2,
                    142631,
                    1,
                    143504,
                    1,
                    143523,
                    5,
                    143529,
                    3,
                    143533,
                    41,
                    143576,
                    3,
                    143581,
                    2,
                    143594,
                    1,
                    144480,
                    1,
                    144483,
                    49,
                    144533,
                    4,
                    144538,
                    1,
                    144544,
                    3,
                    145428,
                    1,
                    145438,
                    59,
                    145498,
                    2,
                    145503,
                    4,
                    146386,
                    2,
                    146390,
                    2,
                    146397,
                    65,
                    146464,
                    1,
                    146469,
                    2,
                    146472,
                    1,
                    146476,
                    1,
                    146479,
                    1,
                    147344,
                    1,
                    147347,
                    1,
                    147349,
                    2,
                    147352,
                    1,
                    147355,
                    1,
                    147357,
                    68,
                    147426,
                    2,
                    147431,
                    1,
                    147439,
                    1,
                    148304,
                    1,
                    148306,
                    3,
                    148313,
                    70,
                    148384,
                    3,
                    148388,
                    3,
                    148397,
                    1,
                    149264,
                    1,
                    149268,
                    82,
                    149351,
                    1,
                    150224,
                    1,
                    150227,
                    82,
                    150311,
                    1,
                    150316,
                    3,
                    151185,
                    84,
                    151270,
                    5,
                    151277,
                    1,
                    152144,
                    88,
                    152234,
                    2,
                    153101,
                    92,
                    153194,
                    2,
                    153199,
                    1,
                    154036,
                    1,
                    154039,
                    1,
                    154051,
                    1,
                    154054,
                    2,
                    154057,
                    101,
                    154160,
                    1,
                    154162,
                    6,
                    154996,
                    1,
                    154999,
                    1,
                    155008,
                    1,
                    155017,
                    1,
                    155020,
                    101,
                    155122,
                    1,
                    155124,
                    1,
                    155126,
                    2,
                    155973,
                    2,
                    155976,
                    2,
                    155979,
                    106,
                    156087,
                    1,
                    156925,
                    3,
                    156930,
                    2,
                    156936,
                    105,
                    157042,
                    3,
                    157047,
                    1,
                    157872,
                    1,
                    157884,
                    1,
                    157889,
                    2,
                    157896,
                    108,
                    158005,
                    3,
                    158012,
                    2,
                    158832,
                    2,
                    158849,
                    2,
                    158852,
                    3,
                    158856,
                    110,
                    158967,
                    1,
                    158972,
                    1,
                    159792,
                    1,
                    159811,
                    115,
                    159929,
                    3,
                    160769,
                    119,
                    160890,
                    2,
                    161721,
                    3,
                    161728,
                    3,
                    161732,
                    116,
                    161849,
                    2,
                    161853,
                    2,
                    162679,
                    3,
                    162683,
                    1,
                    162685,
                    1,
                    162687,
                    120,
                    162808,
                    3,
                    163640,
                    1,
                    163643,
                    2,
                    163647,
                    1,
                    163649,
                    119,
                    163769,
                    2,
                    163775,
                    1,
                    164598,
                    1,
                    164602,
                    3,
                    164607,
                    126,
                    164734,
                    1,
                    165556,
                    2,
                    165561,
                    1,
                    165563,
                    130,
                    166515,
                    2,
                    166520,
                    1,
                    166523,
                    131,
                    167477,
                    1,
                    167480,
                    1,
                    167482,
                    133,
                    168435,
                    1,
                    168440,
                    133,
                    168574,
                    1,
                    169393,
                    2,
                    169397,
                    1,
                    169399,
                    1,
                    169401,
                    135,
                    169537,
                    1,
                    169541,
                    1,
                    169551,
                    1,
                    170355,
                    1,
                    170357,
                    141,
                    170500,
                    2,
                    170503,
                    1,
                    170511,
                    1,
                    171312,
                    1,
                    171318,
                    141,
                    171460,
                    1,
                    171463,
                    1,
                    172273,
                    3,
                    172277,
                    142,
                    172423,
                    1,
                    173225,
                    1,
                    173229,
                    2,
                    173232,
                    2,
                    173235,
                    144,
                    173380,
                    1,
                    173383,
                    1,
                    174184,
                    2,
                    174188,
                    3,
                    174192,
                    2,
                    174195,
                    147,
                    174343,
                    1,
                    175143,
                    1,
                    175152,
                    1,
                    175155,
                    147,
                    175306,
                    2,
                    176102,
                    1,
                    176113,
                    151,
                    176266,
                    2,
                    177061,
                    1,
                    177064,
                    1,
                    177068,
                    1,
                    177071,
                    152,
                    177224,
                    2,
                    177227,
                    2,
                    177231,
                    1,
                    178020,
                    2,
                    178032,
                    152,
                    178189,
                    1,
                    178984,
                    1,
                    178991,
                    152,
                    179147,
                    3,
                    179950,
                    154,
                    180105,
                    3,
                    180110,
                    1,
                    180901,
                    1,
                    180909,
                    159,
                    181070,
                    1,
                    181860,
                    2,
                    181868,
                    160,
                    182030,
                    1,
                    182820,
                    2,
                    182828,
                    158,
                    182987,
                    2,
                    182990,
                    1,
                    183782,
                    1,
                    183788,
                    1,
                    183790,
                    156,
                    183948,
                    1,
                    183950,
                    1,
                    184742,
                    2,
                    184747,
                    161,
                    184910,
                    1,
                    184922,
                    2,
                    185696,
                    1,
                    185702,
                    168,
                    185871,
                    1,
                    185882,
                    3,
                    186656,
                    1,
                    186664,
                    1,
                    186666,
                    1,
                    186668,
                    164,
                    186843,
                    1,
                    187620,
                    1,
                    187625,
                    164,
                    187796,
                    1,
                    188581,
                    1,
                    188584,
                    167,
                    188754,
                    4,
                    189538,
                    1,
                    189544,
                    167,
                    189714,
                    5,
                    190499,
                    1,
                    190505,
                    166,
                    190676,
                    2,
                    191459,
                    1,
                    191463,
                    169,
                    191638,
                    1,
                    192418,
                    175,
                    192595,
                    2,
                    192599,
                    1,
                    192606,
                    2,
                    193376,
                    1,
                    193379,
                    173,
                    193553,
                    1,
                    193557,
                    1,
                    193566,
                    2,
                    194337,
                    2,
                    194340,
                    176,
                    194517,
                    1,
                    194526,
                    2,
                    195298,
                    1,
                    195300,
                    176,
                    195477,
                    1,
                    195486,
                    2,
                    196257,
                    1,
                    196259,
                    2,
                    196262,
                    174,
                    197217,
                    1,
                    197220,
                    174,
                    197395,
                    1,
                    197397,
                    1,
                    197401,
                    1,
                    198177,
                    1,
                    198179,
                    177,
                    198357,
                    2,
                    198360,
                    1,
                    199139,
                    177,
                    199318,
                    1,
                    199320,
                    2,
                    200080,
                    1,
                    200092,
                    2,
                    200098,
                    1,
                    200100,
                    178,
                    200279,
                    1,
                    201052,
                    2,
                    201057,
                    181,
                    201239,
                    1,
                    201247,
                    1,
                    202000,
                    1,
                    202012,
                    2,
                    202017,
                    1,
                    202019,
                    177,
                    202197,
                    1,
                    202199,
                    1,
                    202960,
                    1,
                    202977,
                    183,
                    203936,
                    183,
                    204896,
                    181,
                    205078,
                    1,
                    205084,
                    2,
                    205855,
                    1,
                    205857,
                    182,
                    206044,
                    2,
                    206815,
                    184,
                    207004,
                    2,
                    207767,
                    1,
                    207769,
                    1,
                    207774,
                    1,
                    207776,
                    184,
                    207962,
                    3,
                    208726,
                    1,
                    208728,
                    2,
                    208734,
                    185,
                    208924,
                    2,
                    209688,
                    2,
                    209691,
                    1,
                    209693,
                    187,
                    209885,
                    1,
                    210647,
                    2,
                    210653,
                    1,
                    210655,
                    186,
                    210845,
                    1,
                    211607,
                    2,
                    211613,
                    190,
                    211805,
                    1,
                    212568,
                    1,
                    212572,
                    1,
                    212574,
                    186,
                    212761,
                    2,
                    213529,
                    2,
                    213532,
                    1,
                    213534,
                    187,
                    213722,
                    2,
                    213726,
                    1,
                    214489,
                    2,
                    214492,
                    192,
                    214686,
                    1,
                    215449,
                    3,
                    215453,
                    189,
                    215643,
                    1,
                    215645,
                    1,
                    215647,
                    1,
                    216411,
                    1,
                    216413,
                    189,
                    216603,
                    1,
                    216605,
                    1,
                    217368,
                    3,
                    217372,
                    189,
                    217563,
                    1,
                    218328,
                    195,
                    219288,
                    1,
                    219290,
                    193,
                    220248,
                    1,
                    220252,
                    191,
                    221209,
                    1,
                    221211,
                    192,
                    222171,
                    192,
                    223129,
                    195,
                    223326,
                    1,
                    224089,
                    196,
                    224286,
                    1,
                    225044,
                    2,
                    225050,
                    195,
                    225247,
                    1,
                    226004,
                    2,
                    226010,
                    195,
                    226207,
                    1,
                    226969,
                    196,
                    227167,
                    1,
                    227927,
                    196,
                    228124,
                    1,
                    228127,
                    1,
                    228887,
                    197,
                    229848,
                    196,
                    230046,
                    1,
                    230803,
                    2,
                    230807,
                    198,
                    231006,
                    1,
                    231767,
                    199,
                    232727,
                    199,
                    233680,
                    1,
                    233685,
                    199,
                    233885,
                    1,
                    234640,
                    1,
                    234645,
                    200,
                    235605,
                    2,
                    235608,
                    199,
                    236565,
                    1,
                    236567,
                    200,
                    237525,
                    1,
                    237527,
                    200,
                    238480,
                    1,
                    238485,
                    200,
                    238686,
                    1,
                    239445,
                    1,
                    239447,
                    198,
                    239646,
                    1,
                    240405,
                    1,
                    240407,
                    198,
                    240606,
                    1,
                    241362,
                    1,
                    241365,
                    1,
                    241367,
                    198,
                    241566,
                    1,
                    242322,
                    1,
                    242325,
                    200,
                    243282,
                    1,
                    243285,
                    200,
                    244242,
                    1,
                    244245,
                    201,
                    245202,
                    1,
                    245205,
                    201,
                    246164,
                    1,
                    246166,
                    199,
                    246366,
                    1,
                    247124,
                    1,
                    247126,
                    199,
                    247326,
                    1,
                    248084,
                    1,
                    248086,
                    199,
                    248286,
                    1,
                    249048,
                    197,
                    249246,
                    1,
                    250008,
                    197,
                    250206,
                    1,
                    250968,
                    197,
                    251166,
                    1,
                    251928,
                    197,
                    252126,
                    1,
                    252887,
                    198,
                    253086,
                    1,
                    253847,
                    198,
                    254046,
                    1,
                    254807,
                    197,
                    255005,
                    1,
                    255767,
                    197,
                    255965,
                    1,
                    256724,
                    1,
                    256727,
                    197,
                    256925,
                    1,
                    257684,
                    1,
                    257687,
                    196,
                    257884,
                    2,
                    258644,
                    1,
                    258647,
                    196,
                    258844,
                    2,
                    259604,
                    1,
                    259607,
                    199,
                    259807,
                    1,
                    260564,
                    1,
                    260566,
                    199,
                    260767,
                    1,
                    261521,
                    1,
                    261523,
                    1,
                    261526,
                    199,
                    262481,
                    1,
                    262483,
                    1,
                    262486,
                    196,
                    262683,
                    2,
                    263440,
                    2,
                    263443,
                    1,
                    263446,
                    196,
                    263643,
                    2,
                    264400,
                    2,
                    264403,
                    202,
                    265360,
                    2,
                    265363,
                    202,
                    265566,
                    1,
                    266321,
                    1,
                    266325,
                    2,
                    266328,
                    196,
                    266526,
                    1,
                    267281,
                    1,
                    267285,
                    196,
                    267482,
                    2,
                    267486,
                    1,
                    268241,
                    1,
                    268245,
                    196,
                    268442,
                    2,
                    268446,
                    1,
                    269201,
                    1,
                    269204,
                    1,
                    269206,
                    194,
                    269401,
                    3,
                    269406,
                    1,
                    270161,
                    1,
                    270164,
                    1,
                    270166,
                    2,
                    270169,
                    195,
                    270366,
                    1,
                    271121,
                    1,
                    271126,
                    198,
                    271326,
                    1,
                    272081,
                    1,
                    272086,
                    4,
                    272091,
                    190,
                    272282,
                    2,
                    272286,
                    1,
                    273041,
                    1,
                    273044,
                    1,
                    273046,
                    198,
                    274001,
                    1,
                    274004,
                    1,
                    274006,
                    5,
                    274012,
                    188,
                    274201,
                    1,
                    274961,
                    1,
                    274964,
                    1,
                    274966,
                    6,
                    274973,
                    185,
                    275159,
                    3,
                    275165,
                    1,
                    275921,
                    1,
                    275926,
                    4,
                    275931,
                    186,
                    276119,
                    4,
                    276125,
                    1,
                    276885,
                    8,
                    276894,
                    182,
                    277077,
                    5,
                    277084,
                    2,
                    277845,
                    197,
                    278044,
                    2,
                    278800,
                    1,
                    278806,
                    189,
                    278996,
                    6,
                    279760,
                    2,
                    279767,
                    195,
                    279967,
                    1,
                    280720,
                    2,
                    280728,
                    194,
                    280927,
                    1,
                    281688,
                    6,
                    281695,
                    187,
                    281887,
                    1,
                    282648,
                    6,
                    282655,
                    179,
                    282835,
                    6,
                    283608,
                    6,
                    283615,
                    186,
                    284568,
                    6,
                    284575,
                    184,
                    285528,
                    1,
                    285530,
                    190,
                    286490,
                    190,
                    287449,
                    190,
                    288409,
                    189,
                    289369,
                    189,
                    289559,
                    1,
                    290330,
                    5,
                    290336,
                    182,
                    291290,
                    5,
                    291296,
                    167,
                    291465,
                    6,
                    291472,
                    6,
                    292248,
                    1,
                    292251,
                    4,
                    292256,
                    167,
                    292426,
                    1,
                    292429,
                    8,
                    292439,
                    1,
                    293208,
                    1,
                    293211,
                    4,
                    293216,
                    167,
                    293384,
                    1,
                    293386,
                    4,
                    293391,
                    6,
                    293399,
                    1,
                    294171,
                    171,
                    294343,
                    1,
                    294347,
                    10,
                    294359,
                    1,
                    295129,
                    1,
                    295132,
                    169,
                    295302,
                    2,
                    295305,
                    1,
                    295307,
                    9,
                    296089,
                    1,
                    296092,
                    5,
                    296098,
                    162,
                    296261,
                    1,
                    296263,
                    1,
                    296265,
                    1,
                    296267,
                    9,
                    296278,
                    1,
                    297049,
                    2,
                    297052,
                    6,
                    297059,
                    161,
                    297227,
                    1,
                    297229,
                    7,
                    297238,
                    1,
                    298012,
                    167,
                    298184,
                    1,
                    298186,
                    9,
                    298973,
                    166,
                    299140,
                    1,
                    299146,
                    1,
                    299148,
                    7,
                    299157,
                    1,
                    299933,
                    9,
                    299943,
                    154,
                    300098,
                    1,
                    300106,
                    8,
                    300116,
                    1,
                    300893,
                    163,
                    301057,
                    2,
                    301060,
                    1,
                    301067,
                    7,
                    301076,
                    1,
                    301079,
                    1,
                    301854,
                    10,
                    301865,
                    154,
                    302025,
                    9,
                    302036,
                    1,
                    302039,
                    1,
                    302814,
                    159,
                    302974,
                    3,
                    302985,
                    8,
                    302995,
                    1,
                    302999,
                    1,
                    303768,
                    1,
                    303771,
                    1,
                    303773,
                    159,
                    303933,
                    2,
                    303940,
                    1,
                    303945,
                    7,
                    303955,
                    1,
                    303959,
                    1,
                    304728,
                    1,
                    304731,
                    1,
                    304734,
                    14,
                    304750,
                    140,
                    304891,
                    1,
                    304893,
                    2,
                    304899,
                    1,
                    304904,
                    7,
                    305695,
                    152,
                    305848,
                    4,
                    305855,
                    1,
                    305859,
                    1,
                    305864,
                    7,
                    306649,
                    1,
                    306653,
                    1,
                    306656,
                    152,
                    306813,
                    2,
                    306819,
                    1,
                    306822,
                    10,
                    306837,
                    2,
                    307616,
                    20,
                    307637,
                    129,
                    307774,
                    1,
                    307776,
                    1,
                    307779,
                    1,
                    307781,
                    9,
                    307791,
                    1,
                    308577,
                    148,
                    308726,
                    1,
                    308734,
                    2,
                    308741,
                    9,
                    308751,
                    1,
                    309537,
                    148,
                    309694,
                    1,
                    309697,
                    1,
                    309700,
                    9,
                    310498,
                    22,
                    310522,
                    1,
                    310524,
                    121,
                    310653,
                    3,
                    310659,
                    10,
                    311456,
                    1,
                    311458,
                    22,
                    311481,
                    3,
                    311485,
                    119,
                    311613,
                    2,
                    311619,
                    9,
                    312416,
                    1,
                    312419,
                    21,
                    312441,
                    10,
                    312452,
                    113,
                    312573,
                    2,
                    312578,
                    10,
                    312590,
                    1,
                    313379,
                    35,
                    313415,
                    108,
                    313533,
                    2,
                    313537,
                    10,
                    313550,
                    1,
                    314340,
                    27,
                    314368,
                    115,
                    314492,
                    1,
                    314497,
                    9,
                    314509,
                    1,
                    315301,
                    20,
                    315322,
                    121,
                    315450,
                    1,
                    315454,
                    13,
                    316261,
                    20,
                    316282,
                    121,
                    316409,
                    1,
                    316412,
                    14,
                    317218,
                    1,
                    317221,
                    20,
                    317242,
                    120,
                    317364,
                    1,
                    317372,
                    13,
                    317389,
                    1,
                    318177,
                    2,
                    318182,
                    140,
                    318330,
                    14,
                    319138,
                    1,
                    319142,
                    20,
                    319163,
                    119,
                    319285,
                    1,
                    319289,
                    14,
                    319308,
                    1,
                    320104,
                    19,
                    320124,
                    100,
                    320225,
                    16,
                    320244,
                    3,
                    320248,
                    15,
                    320266,
                    3,
                    321064,
                    19,
                    321084,
                    99,
                    321184,
                    1,
                    321186,
                    16,
                    321203,
                    2,
                    321206,
                    16,
                    322025,
                    18,
                    322044,
                    98,
                    322143,
                    1,
                    322146,
                    1,
                    322148,
                    14,
                    322163,
                    1,
                    322165,
                    16,
                    322183,
                    1,
                    322191,
                    1,
                    322985,
                    14,
                    323000,
                    4,
                    323005,
                    96,
                    323104,
                    1,
                    323108,
                    3,
                    323112,
                    9,
                    323122,
                    19,
                    323143,
                    1,
                    323946,
                    17,
                    323964,
                    3,
                    323969,
                    91,
                    324067,
                    5,
                    324073,
                    28,
                    324906,
                    112,
                    325026,
                    33,
                    325865,
                    1,
                    325867,
                    18,
                    325887,
                    10,
                    325899,
                    35,
                    325938,
                    40,
                    325985,
                    34,
                    326825,
                    2,
                    326828,
                    23,
                    326853,
                    40,
                    326895,
                    41,
                    326944,
                    34,
                    327785,
                    2,
                    327789,
                    27,
                    327819,
                    27,
                    327851,
                    29,
                    327881,
                    14,
                    327896,
                    1,
                    327904,
                    32,
                    327938,
                    2,
                    327943,
                    1,
                    328749,
                    32,
                    328784,
                    15,
                    328800,
                    1,
                    328805,
                    33,
                    328840,
                    14,
                    328862,
                    34,
                    328898,
                    2,
                    328903,
                    1,
                    329704,
                    1,
                    329707,
                    1,
                    329710,
                    49,
                    329760,
                    18,
                    329779,
                    17,
                    329798,
                    2,
                    329803,
                    10,
                    329816,
                    1,
                    329822,
                    33,
                    330672,
                    48,
                    330721,
                    2,
                    330725,
                    2,
                    330728,
                    26,
                    330756,
                    2,
                    330760,
                    3,
                    330765,
                    7,
                    330775,
                    2,
                    330780,
                    34,
                    331632,
                    48,
                    331681,
                    3,
                    331685,
                    11,
                    331697,
                    15,
                    331715,
                    2,
                    331723,
                    2,
                    331726,
                    6,
                    331740,
                    34,
                    332593,
                    48,
                    332642,
                    18,
                    332661,
                    9,
                    332672,
                    2,
                    332684,
                    1,
                    332687,
                    3,
                    332698,
                    35,
                    333554,
                    65,
                    333621,
                    7,
                    333639,
                    1,
                    333641,
                    1,
                    333644,
                    1,
                    333646,
                    6,
                    333658,
                    34,
                    334514,
                    48,
                    334563,
                    3,
                    334567,
                    9,
                    334577,
                    9,
                    334587,
                    2,
                    334605,
                    5,
                    334616,
                    35,
                    335476,
                    49,
                    335526,
                    15,
                    335542,
                    2,
                    335546,
                    2,
                    335551,
                    1,
                    335556,
                    1,
                    335563,
                    10,
                    335574,
                    1,
                    335576,
                    34,
                    336437,
                    46,
                    336484,
                    14,
                    336499,
                    7,
                    336513,
                    3,
                    336520,
                    14,
                    336536,
                    32,
                    337397,
                    46,
                    337444,
                    12,
                    337457,
                    9,
                    337467,
                    1,
                    337469,
                    1,
                    337480,
                    47,
                    338360,
                    44,
                    338405,
                    6,
                    338412,
                    16,
                    338429,
                    2,
                    338438,
                    47,
                    338487,
                    1,
                    339320,
                    68,
                    339390,
                    1,
                    339396,
                    49,
                    339447,
                    1,
                    340281,
                    68,
                    340355,
                    48,
                    340406,
                    2,
                    341242,
                    67,
                    341313,
                    49,
                    341366,
                    1,
                    342203,
                    67,
                    342271,
                    51,
                    343162,
                    118,
                    343283,
                    1,
                    344122,
                    2,
                    344126,
                    113,
                    344244,
                    1,
                    345080,
                    1,
                    345084,
                    1,
                    345086,
                    111,
                    345199,
                    3,
                    345205,
                    1,
                    346048,
                    107,
                    347008,
                    107,
                    347117,
                    2,
                    347970,
                    104,
                    348076,
                    2,
                    348928,
                    1,
                    348932,
                    100,
                    349036,
                    2,
                    349889,
                    1,
                    349893,
                    97,
                    349992,
                    1,
                    350849,
                    3,
                    350855,
                    93,
                    350951,
                    4,
                    351810,
                    2,
                    351817,
                    90,
                    351911,
                    3,
                    351919,
                    1,
                    352768,
                    1,
                    352774,
                    2,
                    352778,
                    87,
                    352868,
                    3,
                    352878,
                    2,
                    353740,
                    83,
                    354701,
                    81,
                    355664,
                    76,
                    355743,
                    1,
                    356626,
                    70,
                    356701,
                    3,
                    357582,
                    4,
                    357589,
                    65,
                    358543,
                    1,
                    358551,
                    60,
                    358616,
                    2,
                    359496,
                    1,
                    359508,
                    4,
                    359514,
                    53,
                    359575,
                    1,
                    359582,
                    2,
                    360458,
                    4,
                    360464,
                    2,
                    360472,
                    2,
                    360479,
                    44,
                    360527,
                    1,
                    361442,
                    38,
                    362405,
                    33,
                    363360,
                    1,
                    363375,
                    1,
                    363378,
                    12,
                    364322,
                    3,
                    365292,
                    4,
                    365299,
                    5,
                    365312,
                    3,
                    367200,
                    3,
                    367216,
                    8
                ]
            }
        }
    ]
}