{
    "image_id": 60,
    "file_name": "Wheat_005_001_003_003.jpg",
    "width": 960,
    "height": 540,
    "annotations": [
        {
            "id": 1,
            "category_id": 5133,
            "bbox": [
                352,
                148,
                606,
                399
            ],
            "bbox_mode": 0,
            "segmentation": {
                "size": [
                    540,
                    960
                ],
                "counts": [
                    142529,
                    4,
                    142588,
                    3,
                    143489,
                    5,
                    143549,
                    2,
                    146379,
                    2,
                    146382,
                    1,
                    146388,
                    1,
                    146396,
                    2,
                    146406,
                    2,
                    146414,
                    1,
                    146416,
                    1,
                    146421,
                    1,
                    146431,
                    1,
                    147332,
                    4,
                    147337,
                    6,
                    147344,
                    1,
                    147352,
                    2,
                    147355,
                    3,
                    147373,
                    9,
                    147386,
                    3,
                    147391,
                    1,
                    148288,
                    1,
                    148291,
                    2,
                    148296,
                    2,
                    148304,
                    2,
                    148322,
                    8,
                    148332,
                    2,
                    148336,
                    2,
                    148340,
                    3,
                    148344,
                    2,
                    148351,
                    1,
                    149254,
                    2,
                    149260,
                    4,
                    149267,
                    21,
                    149292,
                    3,
                    149296,
                    2,
                    149304,
                    3,
                    149310,
                    2,
                    150208,
                    1,
                    150210,
                    2,
                    150214,
                    4,
                    150222,
                    6,
                    150229,
                    19,
                    150250,
                    6,
                    150258,
                    8,
                    150267,
                    2,
                    150271,
                    1,
                    151168,
                    2,
                    151172,
                    1,
                    151175,
                    2,
                    151178,
                    40,
                    151219,
                    8,
                    152132,
                    60,
                    153087,
                    1,
                    153089,
                    63,
                    154024,
                    1,
                    154027,
                    2,
                    154032,
                    1,
                    154034,
                    3,
                    154041,
                    2,
                    154045,
                    70,
                    154127,
                    1,
                    154129,
                    2,
                    154132,
                    1,
                    154134,
                    2,
                    154988,
                    1,
                    154990,
                    2,
                    154997,
                    4,
                    155003,
                    74,
                    155079,
                    1,
                    155085,
                    1,
                    155087,
                    1,
                    155091,
                    4,
                    155944,
                    1,
                    155949,
                    2,
                    155953,
                    3,
                    155957,
                    1,
                    155959,
                    81,
                    156041,
                    2,
                    156044,
                    3,
                    156048,
                    2,
                    156052,
                    2,
                    156907,
                    1,
                    156911,
                    2,
                    156914,
                    4,
                    156919,
                    84,
                    157007,
                    2,
                    157013,
                    1,
                    157015,
                    1,
                    157867,
                    1,
                    157872,
                    90,
                    157963,
                    2,
                    157967,
                    3,
                    158816,
                    2,
                    158824,
                    1,
                    158828,
                    3,
                    158832,
                    98,
                    158933,
                    2,
                    159778,
                    1,
                    159786,
                    105,
                    159893,
                    2,
                    160745,
                    2,
                    160748,
                    107,
                    161688,
                    1,
                    161690,
                    1,
                    161692,
                    3,
                    161697,
                    1,
                    161701,
                    1,
                    161703,
                    1,
                    161705,
                    1,
                    161707,
                    105,
                    161813,
                    2,
                    161816,
                    3,
                    161821,
                    3,
                    162648,
                    1,
                    162650,
                    2,
                    162655,
                    2,
                    162658,
                    2,
                    162661,
                    116,
                    162778,
                    4,
                    162783,
                    1,
                    163608,
                    3,
                    163614,
                    2,
                    163617,
                    5,
                    163623,
                    119,
                    163743,
                    1,
                    164568,
                    1,
                    164573,
                    2,
                    164576,
                    2,
                    164579,
                    122,
                    164703,
                    1,
                    165531,
                    2,
                    165534,
                    1,
                    165536,
                    127,
                    166491,
                    1,
                    166494,
                    3,
                    166498,
                    125,
                    167449,
                    1,
                    167451,
                    1,
                    167453,
                    131,
                    168409,
                    2,
                    168412,
                    133,
                    169360,
                    1,
                    169363,
                    2,
                    169368,
                    1,
                    169370,
                    138,
                    169510,
                    3,
                    169517,
                    3,
                    170321,
                    6,
                    170328,
                    143,
                    170476,
                    2,
                    170479,
                    1,
                    171280,
                    1,
                    171283,
                    3,
                    171287,
                    144,
                    171433,
                    1,
                    171436,
                    4,
                    172240,
                    1,
                    172243,
                    2,
                    172247,
                    146,
                    172394,
                    3,
                    173200,
                    2,
                    173203,
                    3,
                    173207,
                    146,
                    173354,
                    1,
                    173357,
                    1,
                    173359,
                    1,
                    174162,
                    151,
                    174314,
                    1,
                    174317,
                    3,
                    175120,
                    1,
                    175122,
                    155,
                    175278,
                    1,
                    176081,
                    158,
                    177032,
                    2,
                    177035,
                    2,
                    177040,
                    159,
                    177200,
                    5,
                    177996,
                    3,
                    178000,
                    164,
                    178167,
                    1,
                    178954,
                    3,
                    178958,
                    164,
                    179123,
                    3,
                    179914,
                    4,
                    179919,
                    162,
                    180082,
                    1,
                    180084,
                    2,
                    180087,
                    1,
                    180872,
                    2,
                    180876,
                    169,
                    181046,
                    2,
                    181832,
                    1,
                    181834,
                    171,
                    182006,
                    2,
                    182792,
                    1,
                    182794,
                    1,
                    182796,
                    169,
                    182966,
                    2,
                    183753,
                    1,
                    183755,
                    172,
                    184704,
                    2,
                    184707,
                    2,
                    184710,
                    1,
                    184712,
                    175,
                    184888,
                    1,
                    184891,
                    1,
                    184894,
                    1,
                    185664,
                    3,
                    185668,
                    1,
                    185671,
                    178,
                    185850,
                    2,
                    185855,
                    1,
                    186624,
                    1,
                    186626,
                    2,
                    186629,
                    178,
                    186809,
                    1,
                    186812,
                    1,
                    187584,
                    2,
                    187587,
                    183,
                    187772,
                    1,
                    187775,
                    1,
                    188545,
                    1,
                    188547,
                    184,
                    188732,
                    1,
                    188735,
                    1,
                    189506,
                    190,
                    190464,
                    191,
                    191424,
                    189,
                    191615,
                    1,
                    192376,
                    1,
                    192379,
                    1,
                    192381,
                    1,
                    192383,
                    1,
                    192385,
                    190,
                    192576,
                    1,
                    192582,
                    1,
                    193337,
                    1,
                    193339,
                    3,
                    193344,
                    189,
                    193534,
                    1,
                    193536,
                    1,
                    193538,
                    2,
                    194296,
                    2,
                    194299,
                    3,
                    194303,
                    191,
                    194495,
                    1,
                    194499,
                    2,
                    195256,
                    1,
                    195258,
                    1,
                    195262,
                    196,
                    195460,
                    1,
                    196216,
                    202,
                    196419,
                    1,
                    196421,
                    1,
                    196423,
                    1,
                    197178,
                    1,
                    197180,
                    200,
                    197381,
                    1,
                    197383,
                    1,
                    198137,
                    1,
                    198140,
                    1,
                    198142,
                    197,
                    198341,
                    1,
                    198343,
                    1,
                    199097,
                    202,
                    199301,
                    1,
                    199303,
                    1,
                    200057,
                    1,
                    200059,
                    201,
                    200262,
                    2,
                    201016,
                    206,
                    201223,
                    1,
                    201977,
                    204,
                    202182,
                    2,
                    202936,
                    207,
                    203896,
                    1,
                    203898,
                    205,
                    204856,
                    206,
                    205063,
                    1,
                    205816,
                    209,
                    206775,
                    211,
                    207728,
                    1,
                    207730,
                    3,
                    207734,
                    213,
                    208690,
                    2,
                    208693,
                    213,
                    208908,
                    2,
                    209648,
                    2,
                    209652,
                    215,
                    209868,
                    1,
                    209870,
                    2,
                    210609,
                    1,
                    210611,
                    215,
                    210828,
                    2,
                    210831,
                    1,
                    211568,
                    1,
                    211570,
                    1,
                    211572,
                    216,
                    211789,
                    1,
                    212529,
                    2,
                    212533,
                    213,
                    212747,
                    1,
                    212750,
                    1,
                    213490,
                    217,
                    213710,
                    1,
                    214449,
                    1,
                    214452,
                    216,
                    214670,
                    1,
                    215408,
                    221,
                    215630,
                    1,
                    216368,
                    1,
                    216370,
                    221,
                    217329,
                    220,
                    217550,
                    1,
                    218289,
                    221,
                    219248,
                    1,
                    219250,
                    222,
                    220207,
                    225,
                    221168,
                    225,
                    222128,
                    225,
                    223073,
                    1,
                    223080,
                    1,
                    223086,
                    227,
                    223317,
                    1,
                    224033,
                    1,
                    224042,
                    2,
                    224045,
                    227,
                    224273,
                    1,
                    224278,
                    1,
                    225002,
                    2,
                    225005,
                    1,
                    225007,
                    227,
                    225236,
                    1,
                    225238,
                    1,
                    225962,
                    1,
                    225965,
                    229,
                    226196,
                    1,
                    226198,
                    1,
                    226920,
                    1,
                    226925,
                    229,
                    227156,
                    3,
                    227883,
                    2,
                    227886,
                    228,
                    228118,
                    1,
                    228841,
                    1,
                    228843,
                    233,
                    229078,
                    1,
                    229800,
                    4,
                    229805,
                    234,
                    230760,
                    235,
                    230996,
                    2,
                    231720,
                    1,
                    231722,
                    236,
                    231959,
                    1,
                    232681,
                    1,
                    232683,
                    233,
                    232918,
                    2,
                    233641,
                    1,
                    233643,
                    237,
                    234601,
                    1,
                    234603,
                    232,
                    234836,
                    3,
                    235560,
                    239,
                    236520,
                    1,
                    236523,
                    236,
                    237480,
                    2,
                    237483,
                    233,
                    237717,
                    3,
                    238442,
                    238,
                    239402,
                    236,
                    240361,
                    238,
                    241321,
                    238,
                    242282,
                    237,
                    243240,
                    238,
                    243479,
                    1,
                    244200,
                    238,
                    245160,
                    239,
                    246116,
                    1,
                    246120,
                    240,
                    247072,
                    1,
                    247076,
                    1,
                    247081,
                    239,
                    248032,
                    1,
                    248035,
                    1,
                    248039,
                    239,
                    248279,
                    1,
                    248994,
                    1,
                    248999,
                    241,
                    249958,
                    242,
                    250917,
                    1,
                    250920,
                    240,
                    251877,
                    1,
                    251879,
                    241,
                    252832,
                    2,
                    252836,
                    244,
                    253795,
                    1,
                    253797,
                    243,
                    254755,
                    1,
                    254757,
                    243,
                    255715,
                    1,
                    255717,
                    243,
                    256675,
                    1,
                    256677,
                    243,
                    257635,
                    1,
                    257637,
                    243,
                    258595,
                    1,
                    258597,
                    242,
                    259555,
                    1,
                    259557,
                    242,
                    260515,
                    1,
                    260517,
                    243,
                    261473,
                    1,
                    261477,
                    244,
                    262433,
                    1,
                    262437,
                    244,
                    262686,
                    1,
                    263393,
                    1,
                    263397,
                    244,
                    263646,
                    1,
                    264353,
                    1,
                    264357,
                    244,
                    264606,
                    1,
                    265313,
                    1,
                    265317,
                    244,
                    265566,
                    1,
                    266273,
                    1,
                    266277,
                    244,
                    266526,
                    1,
                    267233,
                    1,
                    267237,
                    244,
                    267486,
                    1,
                    268193,
                    1,
                    268197,
                    242,
                    268440,
                    1,
                    268446,
                    1,
                    269153,
                    1,
                    269157,
                    244,
                    269406,
                    1,
                    270113,
                    1,
                    270117,
                    244,
                    270366,
                    1,
                    271073,
                    1,
                    271077,
                    244,
                    271326,
                    1,
                    272033,
                    1,
                    272037,
                    244,
                    272286,
                    1,
                    272993,
                    1,
                    272997,
                    241,
                    273239,
                    2,
                    273246,
                    1,
                    273953,
                    1,
                    273957,
                    244,
                    274206,
                    1,
                    274913,
                    1,
                    274917,
                    244,
                    275166,
                    1,
                    275873,
                    1,
                    275877,
                    4,
                    275882,
                    238,
                    276836,
                    1,
                    276840,
                    240,
                    277796,
                    1,
                    277799,
                    241,
                    278760,
                    240,
                    279720,
                    240,
                    280680,
                    238,
                    280919,
                    1,
                    281632,
                    1,
                    281640,
                    238,
                    282592,
                    1,
                    282601,
                    237,
                    283552,
                    1,
                    283557,
                    1,
                    283561,
                    238,
                    284521,
                    238,
                    285481,
                    238,
                    286441,
                    237,
                    286679,
                    1,
                    287400,
                    1,
                    287402,
                    234,
                    287637,
                    1,
                    287639,
                    1,
                    288360,
                    1,
                    288362,
                    236,
                    288599,
                    1,
                    289321,
                    237,
                    290281,
                    1,
                    290283,
                    236,
                    291241,
                    1,
                    291243,
                    234,
                    291478,
                    2,
                    292201,
                    1,
                    292203,
                    2,
                    292206,
                    232,
                    293163,
                    2,
                    293166,
                    233,
                    294124,
                    235,
                    295080,
                    1,
                    295084,
                    235,
                    296040,
                    1,
                    296042,
                    1,
                    296044,
                    233,
                    297002,
                    1,
                    297004,
                    1,
                    297006,
                    230,
                    297965,
                    231,
                    298197,
                    1,
                    298923,
                    235,
                    299159,
                    1,
                    299881,
                    230,
                    300112,
                    3,
                    300117,
                    2,
                    300841,
                    1,
                    300844,
                    231,
                    301077,
                    2,
                    301801,
                    1,
                    301804,
                    231,
                    302039,
                    1,
                    302764,
                    226,
                    302991,
                    3,
                    302996,
                    1,
                    302999,
                    1,
                    303725,
                    229,
                    303956,
                    1,
                    304685,
                    229,
                    304916,
                    1,
                    305642,
                    1,
                    305645,
                    218,
                    305864,
                    5,
                    305870,
                    4,
                    305879,
                    1,
                    306601,
                    2,
                    306606,
                    6,
                    306613,
                    211,
                    306825,
                    8,
                    306838,
                    2,
                    307560,
                    1,
                    307565,
                    216,
                    307782,
                    10,
                    308520,
                    1,
                    308525,
                    223,
                    308749,
                    3,
                    309486,
                    221,
                    309708,
                    4,
                    310448,
                    6,
                    310455,
                    216,
                    311403,
                    1,
                    311408,
                    223,
                    312369,
                    222,
                    313329,
                    222,
                    314287,
                    1,
                    314290,
                    220,
                    314511,
                    1,
                    315248,
                    221,
                    315471,
                    1,
                    316208,
                    1,
                    316210,
                    206,
                    316417,
                    12,
                    316431,
                    1,
                    317168,
                    1,
                    317170,
                    221,
                    318128,
                    1,
                    318131,
                    217,
                    318349,
                    2,
                    319088,
                    1,
                    319091,
                    216,
                    319309,
                    2,
                    320048,
                    1,
                    320052,
                    15,
                    320068,
                    186,
                    320255,
                    12,
                    321009,
                    1,
                    321013,
                    15,
                    321029,
                    197,
                    321228,
                    1,
                    321231,
                    1,
                    321969,
                    1,
                    321973,
                    213,
                    322187,
                    2,
                    322191,
                    1,
                    322931,
                    1,
                    322934,
                    15,
                    322950,
                    171,
                    323122,
                    22,
                    323891,
                    1,
                    323894,
                    186,
                    324081,
                    2,
                    324085,
                    19,
                    324848,
                    1,
                    324851,
                    1,
                    324854,
                    187,
                    325043,
                    3,
                    325047,
                    4,
                    325052,
                    12,
                    325808,
                    1,
                    325811,
                    2,
                    325815,
                    16,
                    325832,
                    171,
                    326006,
                    2,
                    326009,
                    1,
                    326011,
                    12,
                    326768,
                    1,
                    326771,
                    2,
                    326776,
                    182,
                    326959,
                    5,
                    326966,
                    17,
                    327731,
                    2,
                    327737,
                    15,
                    327753,
                    164,
                    327918,
                    1,
                    327920,
                    1,
                    327923,
                    3,
                    327928,
                    14,
                    327943,
                    1,
                    328690,
                    2,
                    328697,
                    182,
                    328880,
                    1,
                    328883,
                    3,
                    328888,
                    13,
                    328903,
                    1,
                    329649,
                    3,
                    329658,
                    15,
                    329674,
                    162,
                    329837,
                    8,
                    329846,
                    15,
                    329863,
                    1,
                    330618,
                    16,
                    330635,
                    160,
                    330796,
                    2,
                    330799,
                    5,
                    330806,
                    14,
                    330822,
                    1,
                    331579,
                    176,
                    331756,
                    1,
                    331759,
                    1,
                    331761,
                    2,
                    331765,
                    15,
                    331781,
                    2,
                    332536,
                    2,
                    332540,
                    15,
                    332556,
                    8,
                    332565,
                    9,
                    332576,
                    138,
                    332715,
                    2,
                    332719,
                    1,
                    332721,
                    2,
                    332724,
                    15,
                    332741,
                    2,
                    333496,
                    1,
                    333501,
                    175,
                    333677,
                    2,
                    333680,
                    18,
                    333703,
                    1,
                    334461,
                    175,
                    334637,
                    2,
                    334642,
                    16,
                    334659,
                    2,
                    334663,
                    1,
                    335422,
                    27,
                    335450,
                    145,
                    335597,
                    2,
                    335602,
                    15,
                    335619,
                    2,
                    335623,
                    1,
                    336379,
                    1,
                    336383,
                    168,
                    336552,
                    2,
                    336555,
                    3,
                    336559,
                    1,
                    336561,
                    15,
                    337336,
                    1,
                    337339,
                    1,
                    337343,
                    27,
                    337371,
                    142,
                    337515,
                    2,
                    337519,
                    16,
                    337541,
                    1,
                    338305,
                    26,
                    338332,
                    139,
                    338473,
                    3,
                    338477,
                    18,
                    339265,
                    149,
                    339415,
                    3,
                    339419,
                    10,
                    339430,
                    1,
                    339432,
                    4,
                    339438,
                    17,
                    340226,
                    156,
                    340383,
                    5,
                    340390,
                    6,
                    340397,
                    16,
                    340415,
                    1,
                    341184,
                    1,
                    341186,
                    27,
                    341214,
                    119,
                    341334,
                    13,
                    341348,
                    1,
                    341351,
                    4,
                    341356,
                    16,
                    341375,
                    1,
                    342146,
                    28,
                    342175,
                    117,
                    342293,
                    18,
                    342312,
                    1,
                    342316,
                    15,
                    342335,
                    1,
                    343105,
                    2,
                    343108,
                    143,
                    343252,
                    38,
                    343293,
                    2,
                    344066,
                    1,
                    344069,
                    181,
                    344253,
                    2,
                    345024,
                    1,
                    345026,
                    2,
                    345029,
                    179,
                    345209,
                    2,
                    345992,
                    25,
                    346018,
                    149,
                    346952,
                    175,
                    347913,
                    134,
                    348048,
                    38,
                    348874,
                    25,
                    348900,
                    21,
                    348923,
                    83,
                    349007,
                    38,
                    349835,
                    25,
                    349862,
                    52,
                    349917,
                    48,
                    349966,
                    38,
                    350797,
                    166,
                    350965,
                    1,
                    351757,
                    102,
                    351860,
                    62,
                    351925,
                    2,
                    352718,
                    108,
                    352827,
                    16,
                    352844,
                    37,
                    352885,
                    1,
                    353680,
                    113,
                    353794,
                    8,
                    353803,
                    37,
                    354641,
                    116,
                    354758,
                    3,
                    354762,
                    37,
                    355601,
                    157,
                    356563,
                    153,
                    356719,
                    1,
                    357524,
                    151,
                    357678,
                    2,
                    358481,
                    1,
                    358485,
                    149,
                    358636,
                    3,
                    359446,
                    146,
                    359595,
                    3,
                    360407,
                    145,
                    360553,
                    2,
                    361370,
                    138,
                    361511,
                    1,
                    362331,
                    137,
                    363293,
                    134,
                    363429,
                    1,
                    364254,
                    131,
                    365210,
                    2,
                    365216,
                    128,
                    365351,
                    1,
                    366175,
                    2,
                    366178,
                    125,
                    366306,
                    2,
                    366311,
                    1,
                    367128,
                    1,
                    367134,
                    2,
                    367139,
                    122,
                    368088,
                    2,
                    368093,
                    1,
                    368096,
                    1,
                    368101,
                    117,
                    368221,
                    1,
                    368224,
                    1,
                    368229,
                    1,
                    369064,
                    112,
                    370024,
                    110,
                    370984,
                    1,
                    370986,
                    106,
                    371095,
                    1,
                    371947,
                    103,
                    372054,
                    2,
                    372904,
                    2,
                    372910,
                    97,
                    373010,
                    3,
                    373866,
                    2,
                    373874,
                    91,
                    374826,
                    3,
                    374832,
                    1,
                    374835,
                    88,
                    374926,
                    2,
                    374933,
                    3,
                    375791,
                    3,
                    375800,
                    82,
                    376762,
                    76,
                    377725,
                    72,
                    378680,
                    1,
                    378688,
                    63,
                    378758,
                    2,
                    379640,
                    4,
                    379651,
                    56,
                    379717,
                    3,
                    380608,
                    2,
                    380616,
                    45,
                    380670,
                    2,
                    381580,
                    36,
                    381624,
                    5,
                    382520,
                    6,
                    382528,
                    1,
                    382532,
                    7,
                    382548,
                    23,
                    382575,
                    1,
                    382581,
                    3,
                    382592,
                    2,
                    382597,
                    3,
                    383487,
                    3,
                    383495,
                    1,
                    383500,
                    7,
                    383534,
                    2,
                    383549,
                    4
                ]
            }
        }
    ]
}