{
    "image_id": 45,
    "file_name": "Wheat_004_001_003_000.jpg",
    "width": 960,
    "height": 540,
    "annotations": [
        {
            "id": 1,
            "category_id": 4130,
            "bbox": [
                408,
                144,
                591,
                367
            ],
            "bbox_mode": 0,
            "segmentation": {
                "size": [
                    540,
                    960
                ],
                "counts": [
                    138693,
                    5,
                    138699,
                    1,
                    138709,
                    1,
                    138712,
                    1,
                    138732,
                    2,
                    138742,
                    2,
                    139654,
                    3,
                    139658,
                    3,
                    139666,
                    3,
                    139671,
                    1,
                    139675,
                    2,
                    139679,
                    1,
                    139684,
                    1,
                    139686,
                    3,
                    139692,
                    1,
                    139696,
                    1,
                    139703,
                    1,
                    140616,
                    2,
                    140622,
                    1,
                    140626,
                    2,
                    140630,
                    4,
                    140637,
                    3,
                    140645,
                    5,
                    140656,
                    2,
                    140661,
                    2,
                    141584,
                    1,
                    141588,
                    2,
                    141592,
                    7,
                    141600,
                    9,
                    141616,
                    4,
                    141621,
                    2,
                    142524,
                    5,
                    142536,
                    1,
                    142538,
                    1,
                    142540,
                    1,
                    142542,
                    2,
                    142546,
                    19,
                    142566,
                    6,
                    142573,
                    4,
                    142580,
                    1,
                    142593,
                    3,
                    143480,
                    2,
                    143484,
                    1,
                    143496,
                    2,
                    143499,
                    4,
                    143504,
                    31,
                    143536,
                    4,
                    143541,
                    2,
                    143555,
                    1,
                    143558,
                    2,
                    144459,
                    37,
                    144497,
                    2,
                    144500,
                    4,
                    145413,
                    4,
                    145418,
                    46,
                    146364,
                    1,
                    146367,
                    1,
                    146369,
                    2,
                    146372,
                    55,
                    146429,
                    1,
                    146431,
                    1,
                    146435,
                    1,
                    146437,
                    2,
                    147320,
                    8,
                    147330,
                    62,
                    147393,
                    3,
                    148282,
                    3,
                    148289,
                    61,
                    148353,
                    1,
                    148357,
                    2,
                    149240,
                    1,
                    149243,
                    2,
                    149247,
                    62,
                    149310,
                    2,
                    149314,
                    4,
                    149319,
                    1,
                    150201,
                    1,
                    150203,
                    1,
                    150205,
                    70,
                    150276,
                    1,
                    150279,
                    1,
                    151161,
                    4,
                    151166,
                    71,
                    151238,
                    2,
                    152120,
                    1,
                    152122,
                    76,
                    152199,
                    1,
                    153080,
                    80,
                    154016,
                    2,
                    154032,
                    1,
                    154040,
                    82,
                    154125,
                    1,
                    154128,
                    2,
                    154133,
                    1,
                    154976,
                    1,
                    154994,
                    2,
                    154997,
                    1,
                    154999,
                    85,
                    155095,
                    1,
                    155936,
                    2,
                    155953,
                    1,
                    155956,
                    90,
                    156047,
                    2,
                    156051,
                    2,
                    156055,
                    1,
                    156916,
                    89,
                    157006,
                    3,
                    157011,
                    2,
                    157874,
                    94,
                    157975,
                    1,
                    157977,
                    2,
                    158833,
                    1,
                    158835,
                    92,
                    158929,
                    3,
                    158934,
                    2,
                    159793,
                    99,
                    159894,
                    1,
                    160752,
                    98,
                    160851,
                    1,
                    160854,
                    1,
                    161708,
                    1,
                    161710,
                    104,
                    161815,
                    1,
                    161818,
                    2,
                    161823,
                    1,
                    162666,
                    1,
                    162668,
                    3,
                    162672,
                    102,
                    162775,
                    1,
                    162777,
                    1,
                    162779,
                    1,
                    162781,
                    2,
                    163626,
                    1,
                    163628,
                    109,
                    163739,
                    2,
                    164584,
                    2,
                    164587,
                    110,
                    164699,
                    2,
                    164703,
                    1,
                    165540,
                    2,
                    165547,
                    111,
                    165659,
                    1,
                    165661,
                    2,
                    166500,
                    1,
                    166506,
                    1,
                    166508,
                    109,
                    166618,
                    6,
                    167460,
                    1,
                    167465,
                    115,
                    167583,
                    1,
                    168426,
                    116,
                    168543,
                    1,
                    169378,
                    1,
                    169380,
                    1,
                    169382,
                    1,
                    169384,
                    119,
                    169504,
                    1,
                    169508,
                    1,
                    169511,
                    3,
                    170342,
                    1,
                    170344,
                    123,
                    170469,
                    1,
                    170472,
                    1,
                    171296,
                    1,
                    171299,
                    1,
                    171302,
                    1,
                    171304,
                    121,
                    171428,
                    1,
                    171430,
                    2,
                    171433,
                    1,
                    172256,
                    1,
                    172259,
                    1,
                    172264,
                    122,
                    172388,
                    4,
                    173216,
                    1,
                    173218,
                    2,
                    173222,
                    125,
                    173349,
                    2,
                    174179,
                    1,
                    174181,
                    2,
                    174184,
                    122,
                    174307,
                    3,
                    175141,
                    1,
                    175143,
                    126,
                    175270,
                    2,
                    176096,
                    1,
                    176101,
                    130,
                    177056,
                    1,
                    177061,
                    129,
                    177199,
                    1,
                    178019,
                    2,
                    178022,
                    129,
                    178155,
                    1,
                    178976,
                    2,
                    178979,
                    134,
                    179939,
                    132,
                    180073,
                    1,
                    180078,
                    1,
                    180896,
                    136,
                    181033,
                    2,
                    181038,
                    1,
                    181856,
                    137,
                    181994,
                    2,
                    181998,
                    1,
                    182817,
                    1,
                    182819,
                    137,
                    182958,
                    1,
                    183777,
                    137,
                    183915,
                    1,
                    183918,
                    1,
                    184737,
                    142,
                    185698,
                    140,
                    185839,
                    1,
                    186656,
                    142,
                    186799,
                    1,
                    187616,
                    143,
                    188576,
                    142,
                    189536,
                    145,
                    190495,
                    146,
                    191455,
                    146,
                    192408,
                    1,
                    192413,
                    2,
                    192416,
                    149,
                    192566,
                    2,
                    193368,
                    1,
                    193373,
                    151,
                    194328,
                    1,
                    194330,
                    2,
                    194333,
                    1,
                    194335,
                    149,
                    194486,
                    1,
                    195290,
                    2,
                    195293,
                    1,
                    195295,
                    148,
                    195444,
                    1,
                    195447,
                    1,
                    196250,
                    2,
                    196253,
                    1,
                    196255,
                    153,
                    197210,
                    1,
                    197213,
                    1,
                    197215,
                    152,
                    198170,
                    1,
                    198173,
                    154,
                    199130,
                    1,
                    199133,
                    155,
                    200092,
                    156,
                    200252,
                    1,
                    200255,
                    1,
                    201052,
                    1,
                    201054,
                    153,
                    201209,
                    1,
                    201212,
                    1,
                    201215,
                    1,
                    202012,
                    1,
                    202014,
                    154,
                    202169,
                    1,
                    202175,
                    1,
                    202972,
                    1,
                    202974,
                    154,
                    203129,
                    2,
                    203135,
                    1,
                    203931,
                    1,
                    203933,
                    158,
                    204093,
                    1,
                    204891,
                    1,
                    204893,
                    159,
                    205053,
                    1,
                    205851,
                    1,
                    205853,
                    159,
                    206811,
                    1,
                    206813,
                    157,
                    206971,
                    1,
                    207773,
                    159,
                    207934,
                    2,
                    208733,
                    158,
                    208892,
                    1,
                    208895,
                    1,
                    209691,
                    1,
                    209693,
                    161,
                    210651,
                    163,
                    211611,
                    1,
                    211613,
                    161,
                    212571,
                    1,
                    212573,
                    163,
                    213531,
                    1,
                    213533,
                    163,
                    214491,
                    164,
                    215451,
                    1,
                    215453,
                    163,
                    215617,
                    1,
                    215620,
                    2,
                    215623,
                    1,
                    216411,
                    1,
                    216413,
                    163,
                    216577,
                    1,
                    216580,
                    2,
                    216583,
                    1,
                    216590,
                    1,
                    217371,
                    1,
                    217373,
                    162,
                    217536,
                    2,
                    217540,
                    1,
                    217543,
                    1,
                    217550,
                    1,
                    218331,
                    1,
                    218333,
                    165,
                    218500,
                    1,
                    218502,
                    2,
                    219291,
                    1,
                    219293,
                    163,
                    219457,
                    1,
                    219460,
                    1,
                    219463,
                    1,
                    220251,
                    1,
                    220253,
                    164,
                    220418,
                    1,
                    221213,
                    166,
                    221381,
                    1,
                    222173,
                    166,
                    222341,
                    1,
                    223132,
                    1,
                    223134,
                    165,
                    223300,
                    2,
                    224090,
                    3,
                    224094,
                    165,
                    224260,
                    2,
                    224263,
                    1,
                    225050,
                    170,
                    225221,
                    1,
                    225223,
                    1,
                    225227,
                    1,
                    226011,
                    169,
                    226181,
                    1,
                    226183,
                    1,
                    226186,
                    2,
                    226972,
                    2,
                    226975,
                    165,
                    227143,
                    1,
                    227146,
                    2,
                    227932,
                    2,
                    227937,
                    163,
                    228106,
                    2,
                    228890,
                    1,
                    228892,
                    168,
                    229066,
                    2,
                    229850,
                    1,
                    229852,
                    3,
                    229858,
                    162,
                    230022,
                    1,
                    230026,
                    2,
                    230810,
                    1,
                    230812,
                    3,
                    230816,
                    1,
                    230818,
                    164,
                    231770,
                    1,
                    231772,
                    3,
                    231778,
                    163,
                    231942,
                    1,
                    232730,
                    1,
                    232732,
                    3,
                    232738,
                    165,
                    233690,
                    1,
                    233692,
                    5,
                    233698,
                    166,
                    234652,
                    5,
                    234659,
                    163,
                    234823,
                    1,
                    235612,
                    4,
                    235619,
                    165,
                    236572,
                    4,
                    236579,
                    165,
                    237532,
                    4,
                    237539,
                    166,
                    238493,
                    2,
                    238497,
                    1,
                    238499,
                    164,
                    238664,
                    1,
                    239453,
                    2,
                    239456,
                    2,
                    239459,
                    166,
                    240410,
                    1,
                    240413,
                    2,
                    240417,
                    1,
                    240419,
                    166,
                    241370,
                    1,
                    241373,
                    3,
                    241379,
                    167,
                    242328,
                    1,
                    242333,
                    3,
                    242339,
                    166,
                    243288,
                    2,
                    243292,
                    6,
                    243299,
                    165,
                    244249,
                    1,
                    244252,
                    1,
                    244254,
                    4,
                    244259,
                    166,
                    245209,
                    1,
                    245212,
                    1,
                    245214,
                    4,
                    245219,
                    167,
                    246168,
                    1,
                    246174,
                    5,
                    246180,
                    166,
                    246347,
                    2,
                    246350,
                    1,
                    247128,
                    1,
                    247131,
                    1,
                    247134,
                    172,
                    247307,
                    2,
                    248088,
                    1,
                    248091,
                    1,
                    248094,
                    6,
                    248101,
                    164,
                    248268,
                    1,
                    249048,
                    1,
                    249051,
                    2,
                    249055,
                    6,
                    249062,
                    165,
                    250011,
                    2,
                    250015,
                    173,
                    250971,
                    2,
                    250976,
                    172,
                    251149,
                    1,
                    251933,
                    1,
                    251936,
                    9,
                    251946,
                    160,
                    252109,
                    1,
                    252893,
                    1,
                    252896,
                    10,
                    252907,
                    159,
                    253069,
                    1,
                    253857,
                    10,
                    253868,
                    160,
                    254817,
                    11,
                    254829,
                    159,
                    255777,
                    12,
                    255790,
                    157,
                    256737,
                    12,
                    256752,
                    155,
                    257697,
                    12,
                    257711,
                    1,
                    257713,
                    154,
                    257868,
                    1,
                    258657,
                    12,
                    258670,
                    1,
                    258675,
                    152,
                    258828,
                    1,
                    259617,
                    12,
                    259630,
                    1,
                    259636,
                    151,
                    259788,
                    1,
                    260578,
                    12,
                    260598,
                    149,
                    260748,
                    1,
                    261536,
                    1,
                    261539,
                    11,
                    261559,
                    148,
                    261708,
                    1,
                    261710,
                    1,
                    262496,
                    1,
                    262499,
                    11,
                    262520,
                    147,
                    262668,
                    1,
                    262670,
                    1,
                    263459,
                    11,
                    263480,
                    147,
                    263628,
                    1,
                    264419,
                    12,
                    264440,
                    149,
                    265377,
                    1,
                    265380,
                    11,
                    265400,
                    149,
                    266336,
                    2,
                    266340,
                    11,
                    266360,
                    149,
                    267300,
                    11,
                    267320,
                    149,
                    267471,
                    1,
                    268260,
                    11,
                    268281,
                    148,
                    268431,
                    1,
                    269221,
                    11,
                    269241,
                    147,
                    269389,
                    1,
                    270181,
                    10,
                    270201,
                    147,
                    270349,
                    1,
                    271142,
                    9,
                    271161,
                    147,
                    271309,
                    1,
                    272096,
                    1,
                    272099,
                    1,
                    272102,
                    10,
                    272119,
                    1,
                    272121,
                    149,
                    273056,
                    1,
                    273059,
                    1,
                    273061,
                    12,
                    273074,
                    2,
                    273081,
                    149,
                    274016,
                    1,
                    274019,
                    1,
                    274023,
                    11,
                    274035,
                    2,
                    274041,
                    149,
                    274984,
                    12,
                    275001,
                    146,
                    275148,
                    1,
                    275937,
                    1,
                    275941,
                    1,
                    275944,
                    13,
                    275960,
                    147,
                    276108,
                    1,
                    276904,
                    16,
                    276922,
                    145,
                    277070,
                    1,
                    277864,
                    16,
                    277882,
                    145,
                    278030,
                    1,
                    278825,
                    17,
                    278843,
                    144,
                    278990,
                    1,
                    279785,
                    18,
                    279804,
                    143,
                    279950,
                    1,
                    280746,
                    18,
                    280766,
                    141,
                    280910,
                    1,
                    281706,
                    21,
                    281728,
                    138,
                    282667,
                    22,
                    282690,
                    139,
                    283627,
                    24,
                    283652,
                    137,
                    284585,
                    1,
                    284588,
                    25,
                    284614,
                    131,
                    284746,
                    4,
                    285545,
                    1,
                    285548,
                    157,
                    285706,
                    2,
                    285709,
                    1,
                    286504,
                    1,
                    286508,
                    29,
                    286538,
                    129,
                    286669,
                    3,
                    287464,
                    1,
                    287469,
                    30,
                    287501,
                    126,
                    288424,
                    1,
                    288430,
                    31,
                    288464,
                    123,
                    288589,
                    1,
                    289384,
                    1,
                    289390,
                    29,
                    289420,
                    4,
                    289427,
                    120,
                    289549,
                    1,
                    290350,
                    29,
                    290383,
                    5,
                    290390,
                    114,
                    290505,
                    2,
                    290509,
                    1,
                    290511,
                    1,
                    291312,
                    30,
                    291343,
                    2,
                    291349,
                    118,
                    292272,
                    27,
                    292302,
                    6,
                    292313,
                    115,
                    293232,
                    28,
                    293262,
                    6,
                    293272,
                    116,
                    294193,
                    36,
                    294232,
                    1,
                    294234,
                    113,
                    295154,
                    39,
                    295194,
                    109,
                    295304,
                    3,
                    295309,
                    1,
                    296112,
                    1,
                    296115,
                    26,
                    296143,
                    10,
                    296154,
                    102,
                    296259,
                    8,
                    296269,
                    1,
                    297072,
                    1,
                    297075,
                    26,
                    297103,
                    11,
                    297115,
                    101,
                    297219,
                    8,
                    298035,
                    26,
                    298063,
                    11,
                    298075,
                    100,
                    298179,
                    1,
                    298181,
                    1,
                    298183,
                    4,
                    298188,
                    1,
                    298191,
                    1,
                    298993,
                    2,
                    298996,
                    25,
                    299023,
                    9,
                    299033,
                    1,
                    299035,
                    101,
                    299138,
                    1,
                    299141,
                    1,
                    299143,
                    6,
                    299151,
                    1,
                    299957,
                    31,
                    299992,
                    2,
                    299995,
                    99,
                    300099,
                    2,
                    300102,
                    4,
                    300108,
                    1,
                    300111,
                    1,
                    300917,
                    25,
                    300943,
                    1,
                    300946,
                    8,
                    300955,
                    101,
                    301060,
                    6,
                    301068,
                    1,
                    301071,
                    1,
                    301878,
                    24,
                    301904,
                    6,
                    301912,
                    3,
                    301916,
                    95,
                    302012,
                    2,
                    302020,
                    6,
                    302028,
                    1,
                    302031,
                    1,
                    302838,
                    26,
                    302866,
                    9,
                    302877,
                    89,
                    302970,
                    1,
                    302979,
                    1,
                    302981,
                    5,
                    302988,
                    1,
                    303794,
                    1,
                    303799,
                    25,
                    303830,
                    2,
                    303837,
                    90,
                    303935,
                    1,
                    303940,
                    5,
                    304754,
                    2,
                    304759,
                    29,
                    304797,
                    92,
                    304900,
                    4,
                    305714,
                    2,
                    305721,
                    35,
                    305757,
                    88,
                    305851,
                    2,
                    305859,
                    5,
                    306681,
                    35,
                    306717,
                    89,
                    306816,
                    2,
                    306819,
                    5,
                    307640,
                    1,
                    307642,
                    36,
                    307679,
                    2,
                    307682,
                    85,
                    307778,
                    5,
                    308602,
                    46,
                    308652,
                    75,
                    308732,
                    2,
                    308738,
                    5,
                    309561,
                    2,
                    309564,
                    51,
                    309622,
                    2,
                    309632,
                    54,
                    309691,
                    3,
                    309697,
                    6,
                    310525,
                    51,
                    310578,
                    5,
                    310592,
                    53,
                    310648,
                    1,
                    310656,
                    6,
                    311485,
                    51,
                    311552,
                    53,
                    311616,
                    6,
                    311623,
                    1,
                    312440,
                    1,
                    312443,
                    2,
                    312446,
                    50,
                    312500,
                    4,
                    312513,
                    36,
                    312551,
                    14,
                    312574,
                    8,
                    313407,
                    49,
                    313474,
                    34,
                    313509,
                    2,
                    313512,
                    13,
                    313533,
                    8,
                    314361,
                    2,
                    314365,
                    2,
                    314368,
                    52,
                    314424,
                    1,
                    314431,
                    2,
                    314434,
                    35,
                    314471,
                    13,
                    314493,
                    7,
                    314502,
                    1,
                    315329,
                    49,
                    315380,
                    1,
                    315394,
                    15,
                    315410,
                    2,
                    315413,
                    12,
                    315427,
                    2,
                    315434,
                    10,
                    315445,
                    1,
                    315451,
                    9,
                    315461,
                    3,
                    316289,
                    49,
                    316349,
                    3,
                    316354,
                    13,
                    316369,
                    15,
                    316392,
                    3,
                    316396,
                    6,
                    316404,
                    1,
                    316408,
                    1,
                    316410,
                    10,
                    316421,
                    2,
                    317250,
                    49,
                    317312,
                    2,
                    317315,
                    9,
                    317325,
                    8,
                    317334,
                    9,
                    317345,
                    2,
                    317351,
                    5,
                    317357,
                    6,
                    317365,
                    2,
                    317369,
                    11,
                    318211,
                    49,
                    318273,
                    1,
                    318276,
                    6,
                    318284,
                    10,
                    318295,
                    7,
                    318305,
                    2,
                    318310,
                    15,
                    318326,
                    13,
                    318343,
                    1,
                    319172,
                    48,
                    319224,
                    1,
                    319236,
                    18,
                    319255,
                    6,
                    319263,
                    1,
                    319266,
                    1,
                    319270,
                    28,
                    319300,
                    1,
                    319303,
                    1,
                    320133,
                    47,
                    320183,
                    1,
                    320191,
                    24,
                    320216,
                    4,
                    320222,
                    1,
                    320227,
                    31,
                    320260,
                    1,
                    320263,
                    1,
                    321090,
                    1,
                    321094,
                    47,
                    321142,
                    37,
                    321181,
                    1,
                    321187,
                    31,
                    322051,
                    3,
                    322056,
                    45,
                    322102,
                    36,
                    322143,
                    2,
                    322147,
                    29,
                    322178,
                    1,
                    323017,
                    74,
                    323092,
                    7,
                    323103,
                    2,
                    323106,
                    30,
                    323977,
                    83,
                    324063,
                    1,
                    324065,
                    31,
                    324938,
                    83,
                    325024,
                    31,
                    325896,
                    1,
                    325899,
                    83,
                    325984,
                    30,
                    326856,
                    1,
                    326860,
                    114,
                    326975,
                    1,
                    327816,
                    2,
                    327821,
                    62,
                    327884,
                    49,
                    327935,
                    1,
                    328782,
                    110,
                    328895,
                    1,
                    329744,
                    107,
                    329852,
                    1,
                    329854,
                    1,
                    330704,
                    106,
                    331664,
                    106,
                    331772,
                    1,
                    332624,
                    1,
                    332628,
                    102,
                    332732,
                    1,
                    333589,
                    99,
                    333691,
                    1,
                    333695,
                    1,
                    334546,
                    1,
                    334550,
                    98,
                    334650,
                    1,
                    334655,
                    1,
                    335504,
                    1,
                    335508,
                    2,
                    335512,
                    95,
                    335609,
                    2,
                    335614,
                    2,
                    336464,
                    1,
                    336468,
                    2,
                    336473,
                    93,
                    336569,
                    2,
                    336573,
                    2,
                    337426,
                    1,
                    337431,
                    1,
                    337434,
                    90,
                    337527,
                    1,
                    337533,
                    1,
                    337535,
                    1,
                    338396,
                    87,
                    339357,
                    86,
                    339445,
                    1,
                    340320,
                    81,
                    340404,
                    3,
                    341274,
                    2,
                    341280,
                    79,
                    341360,
                    1,
                    341364,
                    2,
                    342233,
                    3,
                    342238,
                    2,
                    342242,
                    76,
                    342320,
                    1,
                    343193,
                    2,
                    343199,
                    2,
                    343204,
                    72,
                    343279,
                    1,
                    343286,
                    2,
                    344160,
                    1,
                    344165,
                    70,
                    344239,
                    1,
                    344247,
                    1,
                    345114,
                    3,
                    345124,
                    1,
                    345128,
                    66,
                    345196,
                    2,
                    345202,
                    2,
                    346090,
                    62,
                    347048,
                    1,
                    347051,
                    59,
                    348008,
                    2,
                    348014,
                    54,
                    348071,
                    1,
                    348977,
                    49,
                    349030,
                    2,
                    349931,
                    5,
                    349938,
                    46,
                    349986,
                    3,
                    350896,
                    2,
                    350903,
                    38,
                    351848,
                    1,
                    351862,
                    2,
                    351868,
                    27,
                    351901,
                    3,
                    351909,
                    3,
                    352808,
                    2,
                    352814,
                    2,
                    352817,
                    3,
                    352823,
                    3,
                    352836,
                    10
                ]
            }
        }
    ]
}