{
    "image_id": 36,
    "file_name": "Wheat_003_001_003_003.jpg",
    "width": 960,
    "height": 540,
    "annotations": [
        {
            "id": 1,
            "category_id": 3133,
            "bbox": [
                352,
                176,
                591,
                375
            ],
            "bbox_mode": 0,
            "segmentation": {
                "size": [
                    540,
                    960
                ],
                "counts": [
                    169382,
                    1,
                    169399,
                    1,
                    169405,
                    1,
                    169407,
                    1,
                    169411,
                    1,
                    169420,
                    2,
                    169427,
                    3,
                    169439,
                    1,
                    169445,
                    3,
                    169455,
                    2,
                    169459,
                    3,
                    169470,
                    1,
                    170355,
                    3,
                    170360,
                    2,
                    170364,
                    1,
                    170368,
                    1,
                    170372,
                    1,
                    170374,
                    2,
                    170379,
                    4,
                    170385,
                    4,
                    170392,
                    3,
                    170400,
                    4,
                    170407,
                    4,
                    170414,
                    2,
                    170419,
                    2,
                    170423,
                    1,
                    171312,
                    1,
                    171317,
                    1,
                    171320,
                    1,
                    171323,
                    3,
                    171328,
                    2,
                    171336,
                    3,
                    171352,
                    1,
                    171357,
                    2,
                    171365,
                    4,
                    171371,
                    2,
                    171374,
                    2,
                    171383,
                    1,
                    172270,
                    4,
                    172280,
                    2,
                    172284,
                    2,
                    172288,
                    1,
                    172290,
                    4,
                    172301,
                    7,
                    172316,
                    3,
                    172322,
                    3,
                    172327,
                    3,
                    172331,
                    1,
                    172334,
                    2,
                    173228,
                    1,
                    173230,
                    3,
                    173234,
                    3,
                    173240,
                    1,
                    173242,
                    1,
                    173245,
                    2,
                    173248,
                    24,
                    173273,
                    11,
                    173286,
                    2,
                    173296,
                    1,
                    173300,
                    2,
                    174191,
                    1,
                    174198,
                    4,
                    174203,
                    49,
                    174254,
                    2,
                    174261,
                    2,
                    175136,
                    3,
                    175152,
                    2,
                    175156,
                    3,
                    175160,
                    50,
                    175211,
                    9,
                    175245,
                    1,
                    176096,
                    3,
                    176114,
                    62,
                    176177,
                    4,
                    176183,
                    1,
                    176206,
                    1,
                    177050,
                    5,
                    177056,
                    2,
                    177060,
                    1,
                    177063,
                    2,
                    177068,
                    76,
                    177145,
                    2,
                    177148,
                    5,
                    177163,
                    3,
                    178008,
                    1,
                    178010,
                    2,
                    178013,
                    5,
                    178020,
                    1,
                    178022,
                    1,
                    178026,
                    85,
                    178112,
                    5,
                    178119,
                    1,
                    178121,
                    2,
                    178126,
                    1,
                    178970,
                    1,
                    178975,
                    2,
                    178979,
                    1,
                    178981,
                    87,
                    179069,
                    2,
                    179073,
                    2,
                    179076,
                    2,
                    179081,
                    2,
                    179084,
                    1,
                    179086,
                    1,
                    179933,
                    3,
                    179937,
                    94,
                    180032,
                    4,
                    180039,
                    1,
                    180044,
                    2,
                    180888,
                    1,
                    180890,
                    3,
                    180896,
                    1,
                    180898,
                    96,
                    180995,
                    2,
                    180998,
                    3,
                    181002,
                    3,
                    181850,
                    2,
                    181853,
                    1,
                    181855,
                    104,
                    181960,
                    1,
                    181962,
                    1,
                    182809,
                    3,
                    182813,
                    2,
                    182816,
                    105,
                    182922,
                    1,
                    182926,
                    1,
                    183771,
                    110,
                    183882,
                    2,
                    183885,
                    3,
                    184712,
                    1,
                    184716,
                    2,
                    184720,
                    1,
                    184722,
                    1,
                    184724,
                    1,
                    184726,
                    1,
                    184729,
                    117,
                    184850,
                    3,
                    184858,
                    1,
                    184861,
                    3,
                    185673,
                    2,
                    185676,
                    1,
                    185683,
                    2,
                    185686,
                    119,
                    185806,
                    2,
                    185809,
                    6,
                    185816,
                    6,
                    185823,
                    1,
                    186633,
                    2,
                    186637,
                    5,
                    186643,
                    131,
                    186775,
                    8,
                    186785,
                    1,
                    187590,
                    1,
                    187596,
                    2,
                    187601,
                    132,
                    187734,
                    1,
                    187736,
                    4,
                    187741,
                    2,
                    188552,
                    1,
                    188555,
                    1,
                    188558,
                    1,
                    188561,
                    134,
                    188696,
                    4,
                    188703,
                    1,
                    188711,
                    4,
                    189511,
                    1,
                    189514,
                    2,
                    189517,
                    1,
                    189519,
                    138,
                    189658,
                    1,
                    189660,
                    1,
                    189662,
                    2,
                    189671,
                    1,
                    189673,
                    2,
                    190473,
                    2,
                    190477,
                    2,
                    190480,
                    144,
                    190633,
                    1,
                    191433,
                    1,
                    191435,
                    1,
                    191437,
                    145,
                    192385,
                    5,
                    192391,
                    1,
                    192396,
                    148,
                    192545,
                    4,
                    192550,
                    1,
                    193344,
                    1,
                    193347,
                    2,
                    193351,
                    3,
                    193355,
                    148,
                    193505,
                    4,
                    193510,
                    2,
                    194304,
                    6,
                    194311,
                    2,
                    194314,
                    154,
                    194471,
                    1,
                    195268,
                    2,
                    195271,
                    2,
                    195274,
                    151,
                    195427,
                    1,
                    195429,
                    2,
                    196227,
                    158,
                    196386,
                    2,
                    196389,
                    1,
                    197185,
                    165,
                    197351,
                    1,
                    198144,
                    1,
                    198147,
                    162,
                    198310,
                    2,
                    198318,
                    2,
                    199104,
                    167,
                    200057,
                    4,
                    200062,
                    2,
                    200065,
                    168,
                    200235,
                    1,
                    200237,
                    1,
                    200247,
                    1,
                    201012,
                    1,
                    201015,
                    1,
                    201018,
                    5,
                    201024,
                    170,
                    201195,
                    1,
                    201197,
                    2,
                    201207,
                    1,
                    201974,
                    1,
                    201978,
                    180,
                    202936,
                    5,
                    202942,
                    175,
                    203118,
                    2,
                    203896,
                    1,
                    203899,
                    178,
                    204078,
                    1,
                    204856,
                    1,
                    204858,
                    179,
                    205038,
                    1,
                    205820,
                    180,
                    206776,
                    1,
                    206778,
                    182,
                    207729,
                    2,
                    207732,
                    1,
                    207735,
                    2,
                    207738,
                    183,
                    207925,
                    2,
                    208688,
                    2,
                    208691,
                    1,
                    208693,
                    191,
                    208885,
                    3,
                    209649,
                    2,
                    209653,
                    2,
                    209656,
                    187,
                    209844,
                    1,
                    209846,
                    1,
                    210609,
                    196,
                    210806,
                    2,
                    211568,
                    1,
                    211570,
                    1,
                    211573,
                    192,
                    211766,
                    1,
                    212528,
                    200,
                    213489,
                    2,
                    213492,
                    194,
                    213687,
                    2,
                    214449,
                    1,
                    214452,
                    198,
                    215395,
                    1,
                    215410,
                    2,
                    215413,
                    200,
                    215614,
                    2,
                    216354,
                    2,
                    216369,
                    201,
                    216573,
                    1,
                    216575,
                    1,
                    217314,
                    2,
                    217329,
                    2,
                    217332,
                    203,
                    218274,
                    2,
                    218288,
                    204,
                    218493,
                    3,
                    219234,
                    1,
                    219249,
                    203,
                    219453,
                    3,
                    220208,
                    208,
                    221167,
                    209,
                    222127,
                    208,
                    223080,
                    3,
                    223084,
                    2,
                    223087,
                    208,
                    223296,
                    6,
                    224043,
                    1,
                    224045,
                    212,
                    224258,
                    1,
                    224260,
                    1,
                    224262,
                    1,
                    225000,
                    4,
                    225005,
                    214,
                    225220,
                    1,
                    225222,
                    2,
                    225960,
                    1,
                    225964,
                    1,
                    225966,
                    213,
                    226180,
                    1,
                    226183,
                    1,
                    226920,
                    3,
                    226924,
                    214,
                    227139,
                    5,
                    227876,
                    1,
                    227881,
                    218,
                    228101,
                    1,
                    228841,
                    3,
                    228845,
                    214,
                    229060,
                    2,
                    229801,
                    2,
                    229804,
                    215,
                    230020,
                    2,
                    230023,
                    1,
                    230762,
                    1,
                    230764,
                    217,
                    231721,
                    220,
                    231942,
                    2,
                    232680,
                    2,
                    232683,
                    219,
                    232903,
                    1,
                    233641,
                    1,
                    233643,
                    220,
                    234600,
                    1,
                    234603,
                    220,
                    235560,
                    1,
                    235563,
                    221,
                    236521,
                    223,
                    237480,
                    223,
                    237705,
                    1,
                    238441,
                    228,
                    239401,
                    226,
                    239628,
                    1,
                    240361,
                    227,
                    240589,
                    1,
                    241321,
                    225,
                    241547,
                    1,
                    242281,
                    225,
                    242507,
                    4,
                    243240,
                    226,
                    243468,
                    3,
                    244200,
                    226,
                    244428,
                    1,
                    244430,
                    1,
                    245160,
                    226,
                    245387,
                    1,
                    245389,
                    1,
                    246113,
                    1,
                    246116,
                    1,
                    246119,
                    228,
                    246348,
                    4,
                    247073,
                    1,
                    247079,
                    232,
                    248032,
                    2,
                    248037,
                    234,
                    248992,
                    1,
                    248997,
                    2,
                    249000,
                    229,
                    249230,
                    1,
                    249952,
                    1,
                    249957,
                    232,
                    250915,
                    1,
                    250917,
                    1,
                    250919,
                    230,
                    251151,
                    1,
                    251872,
                    1,
                    251875,
                    3,
                    251879,
                    231,
                    252111,
                    1,
                    252832,
                    1,
                    252835,
                    235,
                    253795,
                    1,
                    253797,
                    1,
                    253799,
                    232,
                    254755,
                    1,
                    254757,
                    233,
                    254991,
                    1,
                    255717,
                    233,
                    255951,
                    1,
                    256677,
                    233,
                    256911,
                    1,
                    257638,
                    233,
                    258598,
                    233,
                    259558,
                    233,
                    260515,
                    1,
                    260518,
                    233,
                    261472,
                    1,
                    261477,
                    1,
                    261479,
                    231,
                    262432,
                    1,
                    262437,
                    1,
                    262439,
                    233,
                    263397,
                    1,
                    263399,
                    233,
                    264354,
                    1,
                    264357,
                    1,
                    264359,
                    232,
                    265314,
                    1,
                    265317,
                    1,
                    265319,
                    232,
                    266277,
                    1,
                    266279,
                    233,
                    267234,
                    1,
                    267239,
                    233,
                    268194,
                    1,
                    268197,
                    235,
                    269160,
                    1,
                    269162,
                    230,
                    270121,
                    230,
                    271080,
                    231,
                    272041,
                    1,
                    272043,
                    228,
                    273001,
                    1,
                    273003,
                    229,
                    273961,
                    1,
                    273963,
                    229,
                    274921,
                    1,
                    274923,
                    229,
                    275880,
                    2,
                    275884,
                    228,
                    276840,
                    1,
                    276842,
                    230,
                    277800,
                    1,
                    277804,
                    228,
                    278760,
                    1,
                    278762,
                    1,
                    278764,
                    228,
                    279722,
                    1,
                    279724,
                    226,
                    280681,
                    1,
                    280684,
                    227,
                    281641,
                    230,
                    282601,
                    2,
                    282604,
                    1,
                    282606,
                    225,
                    283561,
                    1,
                    283564,
                    227,
                    284520,
                    1,
                    284524,
                    1,
                    284526,
                    224,
                    284751,
                    1,
                    285483,
                    1,
                    285485,
                    224,
                    285711,
                    1,
                    286443,
                    1,
                    286445,
                    2,
                    286448,
                    221,
                    286671,
                    1,
                    287401,
                    1,
                    287405,
                    224,
                    287630,
                    1,
                    288361,
                    2,
                    288365,
                    226,
                    289321,
                    2,
                    289324,
                    227,
                    290281,
                    4,
                    290286,
                    3,
                    290290,
                    220,
                    291241,
                    1,
                    291243,
                    226,
                    291471,
                    1,
                    292204,
                    226,
                    292431,
                    1,
                    293164,
                    225,
                    294125,
                    221,
                    294347,
                    4,
                    295086,
                    2,
                    295089,
                    222,
                    296049,
                    218,
                    296269,
                    2,
                    297009,
                    218,
                    297968,
                    1,
                    297970,
                    217,
                    298189,
                    1,
                    298928,
                    2,
                    298931,
                    213,
                    299145,
                    1,
                    299147,
                    1,
                    299149,
                    1,
                    299891,
                    215,
                    300848,
                    1,
                    300851,
                    4,
                    300856,
                    210,
                    301068,
                    1,
                    301808,
                    1,
                    301812,
                    5,
                    301818,
                    207,
                    302028,
                    1,
                    302773,
                    211,
                    303733,
                    11,
                    303745,
                    199,
                    304688,
                    2,
                    304692,
                    211,
                    304905,
                    1,
                    305649,
                    1,
                    305651,
                    212,
                    306608,
                    3,
                    306612,
                    212,
                    306830,
                    1,
                    307576,
                    206,
                    307783,
                    1,
                    308536,
                    206,
                    309496,
                    1,
                    309498,
                    204,
                    310459,
                    203,
                    311419,
                    201,
                    311622,
                    2,
                    312377,
                    2,
                    312380,
                    200,
                    312582,
                    2,
                    313337,
                    2,
                    313341,
                    198,
                    313541,
                    1,
                    314296,
                    1,
                    314299,
                    1,
                    314302,
                    196,
                    314500,
                    2,
                    315264,
                    184,
                    315449,
                    7,
                    316224,
                    13,
                    316238,
                    178,
                    317185,
                    173,
                    317361,
                    6,
                    317368,
                    8,
                    318144,
                    178,
                    318324,
                    2,
                    318327,
                    8,
                    319106,
                    170,
                    319277,
                    3,
                    319281,
                    3,
                    319285,
                    10,
                    320064,
                    1,
                    320067,
                    168,
                    320236,
                    4,
                    320241,
                    2,
                    320244,
                    10,
                    321024,
                    1,
                    321028,
                    166,
                    321195,
                    3,
                    321199,
                    3,
                    321203,
                    10,
                    321215,
                    1,
                    321984,
                    1,
                    321988,
                    166,
                    322155,
                    2,
                    322158,
                    3,
                    322162,
                    10,
                    322174,
                    1,
                    322945,
                    2,
                    322950,
                    20,
                    322971,
                    149,
                    323121,
                    11,
                    323905,
                    3,
                    323910,
                    21,
                    323932,
                    142,
                    324075,
                    3,
                    324079,
                    12,
                    324865,
                    3,
                    324872,
                    159,
                    325032,
                    2,
                    325035,
                    15,
                    325828,
                    2,
                    325833,
                    164,
                    325998,
                    12,
                    326789,
                    3,
                    326794,
                    155,
                    326950,
                    19,
                    327744,
                    2,
                    327750,
                    3,
                    327756,
                    19,
                    327776,
                    119,
                    327896,
                    2,
                    327900,
                    11,
                    327912,
                    15,
                    328704,
                    2,
                    328711,
                    2,
                    328717,
                    137,
                    328855,
                    1,
                    328863,
                    4,
                    328868,
                    3,
                    328872,
                    1,
                    328874,
                    12,
                    329671,
                    1,
                    329674,
                    2,
                    329678,
                    21,
                    329700,
                    1,
                    329702,
                    111,
                    329815,
                    1,
                    329824,
                    4,
                    329829,
                    15,
                    329847,
                    1,
                    330640,
                    133,
                    330774,
                    1,
                    330781,
                    9,
                    330791,
                    12,
                    330805,
                    1,
                    331601,
                    131,
                    331740,
                    22,
                    331765,
                    2,
                    332562,
                    129,
                    332692,
                    1,
                    332699,
                    21,
                    332725,
                    2,
                    333523,
                    37,
                    333561,
                    87,
                    333653,
                    1,
                    333655,
                    2,
                    333658,
                    21,
                    334480,
                    2,
                    334485,
                    122,
                    334610,
                    1,
                    334617,
                    21,
                    334641,
                    2,
                    334647,
                    1,
                    335442,
                    1,
                    335446,
                    36,
                    335483,
                    56,
                    335540,
                    26,
                    335569,
                    1,
                    335571,
                    1,
                    335573,
                    1,
                    335575,
                    22,
                    335599,
                    1,
                    335606,
                    2,
                    336402,
                    1,
                    336407,
                    36,
                    336444,
                    55,
                    336500,
                    3,
                    336504,
                    6,
                    336511,
                    14,
                    336528,
                    1,
                    336534,
                    22,
                    336559,
                    1,
                    336565,
                    3,
                    337360,
                    2,
                    337365,
                    1,
                    337369,
                    89,
                    337459,
                    26,
                    337491,
                    1,
                    337493,
                    21,
                    337516,
                    2,
                    337524,
                    1,
                    338331,
                    86,
                    338418,
                    22,
                    338441,
                    1,
                    338443,
                    1,
                    338446,
                    2,
                    338451,
                    21,
                    339288,
                    1,
                    339292,
                    84,
                    339378,
                    30,
                    339409,
                    23,
                    340248,
                    1,
                    340255,
                    80,
                    340336,
                    54,
                    341217,
                    37,
                    341255,
                    93,
                    341351,
                    1,
                    342178,
                    46,
                    342227,
                    26,
                    342254,
                    52,
                    342307,
                    1,
                    342310,
                    2,
                    343140,
                    56,
                    343197,
                    68,
                    343268,
                    3,
                    344102,
                    63,
                    344167,
                    5,
                    344173,
                    50,
                    344228,
                    2,
                    345053,
                    3,
                    345065,
                    116,
                    345183,
                    4,
                    345191,
                    1,
                    346026,
                    113,
                    346143,
                    1,
                    346987,
                    111,
                    347103,
                    1,
                    347950,
                    105,
                    348914,
                    99,
                    349867,
                    5,
                    349877,
                    93,
                    349976,
                    1,
                    350840,
                    88,
                    350932,
                    2,
                    350942,
                    2,
                    351803,
                    81,
                    351891,
                    3,
                    351902,
                    2,
                    352750,
                    4,
                    352767,
                    73,
                    352844,
                    2,
                    352848,
                    1,
                    352854,
                    2,
                    353730,
                    66,
                    354693,
                    62,
                    355648,
                    1,
                    355656,
                    52,
                    356610,
                    3,
                    356624,
                    36,
                    356669,
                    3,
                    356674,
                    4,
                    357583,
                    1,
                    357591,
                    1,
                    357595,
                    16,
                    357624,
                    5,
                    357632,
                    8,
                    358543,
                    1,
                    358584,
                    3,
                    358598,
                    2,
                    359488,
                    3,
                    359496,
                    2,
                    359512,
                    24,
                    360459,
                    5,
                    360472,
                    3,
                    360488,
                    2,
                    360504,
                    2,
                    360512,
                    5
                ]
            }
        }
    ]
}