{
    "image_id": 27,
    "file_name": "Wheat_003_001_001_002.jpg",
    "width": 960,
    "height": 540,
    "annotations": [
        {
            "id": 1,
            "category_id": 3112,
            "bbox": [
                376,
                192,
                570,
                383
            ],
            "bbox_mode": 0,
            "segmentation": {
                "size": [
                    540,
                    960
                ],
                "counts": [
                    184736,
                    3,
                    184766,
                    1,
                    185696,
                    3,
                    186720,
                    1,
                    187630,
                    1,
                    190505,
                    1,
                    190507,
                    4,
                    191470,
                    1,
                    191485,
                    2,
                    192416,
                    1,
                    192419,
                    1,
                    192423,
                    1,
                    192425,
                    3,
                    192433,
                    1,
                    192435,
                    3,
                    192439,
                    2,
                    192443,
                    11,
                    192456,
                    3,
                    192461,
                    14,
                    192486,
                    2,
                    193376,
                    1,
                    193378,
                    2,
                    193386,
                    1,
                    193389,
                    2,
                    193392,
                    1,
                    193400,
                    37,
                    193438,
                    2,
                    193442,
                    3,
                    193447,
                    1,
                    193450,
                    2,
                    193455,
                    1,
                    194336,
                    1,
                    194338,
                    2,
                    194347,
                    1,
                    194351,
                    1,
                    194353,
                    1,
                    194356,
                    48,
                    194405,
                    4,
                    194410,
                    2,
                    194413,
                    3,
                    195296,
                    1,
                    195298,
                    1,
                    195304,
                    2,
                    195309,
                    6,
                    195316,
                    49,
                    195367,
                    5,
                    195374,
                    2,
                    195379,
                    2,
                    196256,
                    1,
                    196261,
                    2,
                    196264,
                    1,
                    196266,
                    60,
                    196327,
                    3,
                    196332,
                    4,
                    196341,
                    3,
                    197221,
                    2,
                    197224,
                    72,
                    197302,
                    2,
                    198177,
                    1,
                    198181,
                    2,
                    198184,
                    1,
                    198186,
                    69,
                    198256,
                    2,
                    198263,
                    1,
                    199137,
                    1,
                    199140,
                    3,
                    199144,
                    71,
                    199216,
                    3,
                    200089,
                    6,
                    200096,
                    1,
                    200098,
                    81,
                    200180,
                    4,
                    200187,
                    3,
                    200206,
                    1,
                    201041,
                    1,
                    201050,
                    2,
                    201057,
                    87,
                    201145,
                    1,
                    201147,
                    2,
                    201151,
                    1,
                    202001,
                    1,
                    202008,
                    7,
                    202016,
                    89,
                    202106,
                    6,
                    202114,
                    2,
                    202962,
                    1,
                    202968,
                    1,
                    202971,
                    2,
                    202975,
                    92,
                    203068,
                    2,
                    203071,
                    1,
                    203923,
                    2,
                    203929,
                    100,
                    204031,
                    1,
                    204039,
                    1,
                    204884,
                    1,
                    204886,
                    1,
                    204888,
                    3,
                    204893,
                    99,
                    204999,
                    2,
                    205848,
                    1,
                    205850,
                    100,
                    205951,
                    3,
                    205959,
                    3,
                    206808,
                    107,
                    206919,
                    1,
                    207762,
                    1,
                    207764,
                    112,
                    207877,
                    4,
                    207884,
                    1,
                    207887,
                    1,
                    208721,
                    116,
                    208838,
                    2,
                    208841,
                    2,
                    208845,
                    2,
                    209680,
                    126,
                    210641,
                    117,
                    210759,
                    4,
                    210764,
                    1,
                    210766,
                    2,
                    211600,
                    1,
                    211603,
                    116,
                    211720,
                    2,
                    211727,
                    1,
                    212561,
                    119,
                    212681,
                    5,
                    212687,
                    1,
                    213521,
                    124,
                    213646,
                    2,
                    214480,
                    128,
                    215434,
                    133,
                    215569,
                    1,
                    215573,
                    3,
                    216397,
                    131,
                    216531,
                    3,
                    216535,
                    1,
                    217349,
                    1,
                    217353,
                    3,
                    217357,
                    132,
                    217491,
                    5,
                    218314,
                    136,
                    218451,
                    2,
                    218454,
                    1,
                    218463,
                    1,
                    219264,
                    1,
                    219272,
                    3,
                    219276,
                    140,
                    220233,
                    1,
                    220235,
                    141,
                    221193,
                    140,
                    222152,
                    1,
                    222154,
                    140,
                    222295,
                    1,
                    223105,
                    3,
                    223110,
                    149,
                    223260,
                    1,
                    224064,
                    4,
                    224069,
                    2,
                    224072,
                    147,
                    224221,
                    1,
                    225025,
                    155,
                    225182,
                    1,
                    225984,
                    2,
                    225987,
                    2,
                    225990,
                    149,
                    226141,
                    1,
                    226944,
                    1,
                    226947,
                    1,
                    226950,
                    150,
                    227101,
                    2,
                    227905,
                    1,
                    227907,
                    154,
                    228062,
                    1,
                    228866,
                    1,
                    228869,
                    151,
                    229021,
                    3,
                    229824,
                    2,
                    229827,
                    2,
                    229830,
                    154,
                    230785,
                    2,
                    230788,
                    155,
                    230945,
                    3,
                    230950,
                    2,
                    231745,
                    163,
                    232705,
                    163,
                    232876,
                    1,
                    233665,
                    1,
                    233667,
                    159,
                    233827,
                    1,
                    233830,
                    1,
                    233835,
                    3,
                    234626,
                    162,
                    234789,
                    1,
                    234791,
                    1,
                    234794,
                    2,
                    234797,
                    1,
                    235585,
                    163,
                    235749,
                    3,
                    235754,
                    1,
                    235756,
                    1,
                    236545,
                    163,
                    236709,
                    3,
                    236714,
                    1,
                    237505,
                    161,
                    237667,
                    1,
                    237670,
                    1,
                    237673,
                    1,
                    238464,
                    165,
                    238631,
                    1,
                    239424,
                    164,
                    239590,
                    2,
                    240384,
                    164,
                    240550,
                    1,
                    241343,
                    169,
                    242302,
                    1,
                    242304,
                    168,
                    243261,
                    171,
                    244221,
                    2,
                    244224,
                    170,
                    245181,
                    173,
                    246137,
                    2,
                    246140,
                    1,
                    246142,
                    174,
                    246318,
                    2,
                    247097,
                    1,
                    247100,
                    1,
                    247102,
                    173,
                    247277,
                    1,
                    248057,
                    1,
                    248059,
                    2,
                    248062,
                    172,
                    248237,
                    1,
                    249017,
                    1,
                    249019,
                    177,
                    249977,
                    4,
                    249982,
                    174,
                    250937,
                    1,
                    250939,
                    178,
                    251896,
                    4,
                    251901,
                    176,
                    252856,
                    1,
                    252858,
                    1,
                    252860,
                    178,
                    253817,
                    1,
                    253820,
                    1,
                    253822,
                    175,
                    253998,
                    1,
                    254780,
                    178,
                    255741,
                    177,
                    256699,
                    1,
                    256701,
                    178,
                    257659,
                    1,
                    257661,
                    178,
                    258619,
                    179,
                    258799,
                    1,
                    259577,
                    1,
                    259580,
                    180,
                    260537,
                    1,
                    260540,
                    179,
                    261498,
                    1,
                    261501,
                    178,
                    261681,
                    1,
                    261686,
                    1,
                    261689,
                    1,
                    262456,
                    1,
                    262458,
                    1,
                    262460,
                    185,
                    262648,
                    3,
                    263416,
                    1,
                    263420,
                    1,
                    263422,
                    183,
                    263607,
                    4,
                    264376,
                    1,
                    264380,
                    1,
                    264382,
                    180,
                    264564,
                    1,
                    264568,
                    2,
                    265338,
                    1,
                    265340,
                    1,
                    265342,
                    181,
                    265526,
                    2,
                    265529,
                    1,
                    266298,
                    2,
                    266301,
                    180,
                    266482,
                    2,
                    266486,
                    1,
                    267258,
                    1,
                    267261,
                    182,
                    267447,
                    1,
                    268218,
                    1,
                    268221,
                    181,
                    268404,
                    1,
                    268407,
                    1,
                    269178,
                    2,
                    269181,
                    181,
                    269364,
                    1,
                    269366,
                    1,
                    270136,
                    1,
                    270138,
                    2,
                    270141,
                    182,
                    270325,
                    2,
                    271096,
                    1,
                    271098,
                    185,
                    271284,
                    1,
                    271286,
                    1,
                    272056,
                    1,
                    272058,
                    3,
                    272062,
                    186,
                    273016,
                    1,
                    273018,
                    3,
                    273022,
                    183,
                    273976,
                    1,
                    273978,
                    1,
                    273980,
                    1,
                    273982,
                    184,
                    274167,
                    1,
                    274936,
                    1,
                    274938,
                    1,
                    274940,
                    186,
                    275127,
                    1,
                    275896,
                    1,
                    275898,
                    1,
                    275900,
                    184,
                    276085,
                    3,
                    276857,
                    1,
                    276859,
                    186,
                    277046,
                    1,
                    277817,
                    1,
                    277820,
                    185,
                    278006,
                    1,
                    278780,
                    2,
                    278783,
                    181,
                    278966,
                    1,
                    279742,
                    182,
                    279926,
                    1,
                    280702,
                    185,
                    281663,
                    184,
                    282618,
                    1,
                    282622,
                    1,
                    282624,
                    180,
                    282806,
                    1,
                    283577,
                    2,
                    283581,
                    2,
                    283584,
                    180,
                    283766,
                    1,
                    284544,
                    3,
                    284548,
                    176,
                    284726,
                    1,
                    285504,
                    4,
                    285509,
                    176,
                    286464,
                    181,
                    287424,
                    181,
                    287606,
                    1,
                    288385,
                    180,
                    288566,
                    1,
                    289345,
                    180,
                    289526,
                    1,
                    290304,
                    181,
                    290486,
                    1,
                    291266,
                    179,
                    291446,
                    1,
                    292225,
                    180,
                    292407,
                    1,
                    293186,
                    6,
                    293193,
                    173,
                    293367,
                    1,
                    294145,
                    181,
                    294327,
                    1,
                    295105,
                    181,
                    296065,
                    1,
                    296068,
                    178,
                    297028,
                    5,
                    297034,
                    171,
                    297206,
                    1,
                    297989,
                    176,
                    298949,
                    176,
                    299909,
                    176,
                    300086,
                    1,
                    300869,
                    176,
                    301046,
                    1,
                    301830,
                    174,
                    302006,
                    1,
                    302784,
                    1,
                    302790,
                    173,
                    303744,
                    1,
                    303750,
                    174,
                    303926,
                    2,
                    304704,
                    1,
                    304707,
                    1,
                    304711,
                    177,
                    305664,
                    1,
                    305667,
                    2,
                    305671,
                    173,
                    305845,
                    2,
                    306624,
                    1,
                    306627,
                    2,
                    306631,
                    1,
                    306633,
                    13,
                    306647,
                    156,
                    306805,
                    1,
                    307593,
                    12,
                    307606,
                    1,
                    307614,
                    149,
                    307765,
                    2,
                    308553,
                    13,
                    308572,
                    1,
                    308574,
                    149,
                    308726,
                    1,
                    309514,
                    14,
                    309531,
                    2,
                    309535,
                    148,
                    309686,
                    1,
                    310474,
                    14,
                    310489,
                    1,
                    310492,
                    1,
                    310495,
                    148,
                    310644,
                    1,
                    310646,
                    1,
                    311435,
                    12,
                    311449,
                    1,
                    311452,
                    1,
                    311455,
                    144,
                    311600,
                    2,
                    311604,
                    1,
                    311607,
                    1,
                    312392,
                    1,
                    312395,
                    13,
                    312409,
                    1,
                    312412,
                    2,
                    312415,
                    1,
                    312417,
                    145,
                    312567,
                    1,
                    313352,
                    2,
                    313356,
                    12,
                    313369,
                    2,
                    313372,
                    2,
                    313375,
                    1,
                    313377,
                    141,
                    313519,
                    3,
                    313525,
                    1,
                    314313,
                    1,
                    314317,
                    14,
                    314332,
                    2,
                    314335,
                    1,
                    314338,
                    144,
                    314485,
                    1,
                    315278,
                    11,
                    315290,
                    1,
                    315293,
                    2,
                    315296,
                    146,
                    315445,
                    2,
                    316235,
                    1,
                    316238,
                    13,
                    316258,
                    144,
                    316405,
                    2,
                    317195,
                    1,
                    317199,
                    11,
                    317211,
                    2,
                    317215,
                    1,
                    317217,
                    1,
                    317219,
                    142,
                    317365,
                    1,
                    318152,
                    1,
                    318160,
                    13,
                    318175,
                    1,
                    318177,
                    1,
                    318180,
                    140,
                    318325,
                    1,
                    319112,
                    2,
                    319117,
                    1,
                    319121,
                    10,
                    319132,
                    1,
                    319140,
                    140,
                    320072,
                    2,
                    320077,
                    2,
                    320080,
                    17,
                    320098,
                    2,
                    320101,
                    138,
                    321033,
                    2,
                    321037,
                    2,
                    321042,
                    11,
                    321061,
                    132,
                    321194,
                    5,
                    321993,
                    2,
                    322000,
                    2,
                    322003,
                    17,
                    322021,
                    12,
                    322034,
                    124,
                    322160,
                    3,
                    322960,
                    1,
                    322963,
                    136,
                    323100,
                    18,
                    323924,
                    134,
                    324060,
                    18,
                    324882,
                    1,
                    324885,
                    132,
                    325018,
                    1,
                    325020,
                    18,
                    325845,
                    34,
                    325880,
                    97,
                    325978,
                    1,
                    325980,
                    16,
                    325998,
                    1,
                    326806,
                    132,
                    326940,
                    16,
                    326958,
                    1,
                    327760,
                    1,
                    327764,
                    1,
                    327768,
                    127,
                    327896,
                    4,
                    327901,
                    15,
                    327918,
                    1,
                    328720,
                    1,
                    328724,
                    1,
                    328728,
                    125,
                    328854,
                    1,
                    328856,
                    2,
                    328859,
                    1,
                    328861,
                    1,
                    328863,
                    12,
                    329683,
                    2,
                    329687,
                    1,
                    329689,
                    33,
                    329723,
                    91,
                    329817,
                    3,
                    329823,
                    11,
                    330651,
                    120,
                    330772,
                    1,
                    330774,
                    1,
                    330776,
                    1,
                    330778,
                    2,
                    330783,
                    12,
                    330799,
                    1,
                    331608,
                    2,
                    331612,
                    119,
                    331732,
                    1,
                    331736,
                    1,
                    331740,
                    1,
                    331742,
                    13,
                    331759,
                    1,
                    332568,
                    2,
                    332572,
                    50,
                    332623,
                    40,
                    332664,
                    1,
                    332666,
                    24,
                    332695,
                    2,
                    332700,
                    1,
                    332702,
                    12,
                    333530,
                    1,
                    333534,
                    87,
                    333622,
                    3,
                    333626,
                    19,
                    333646,
                    6,
                    333657,
                    2,
                    333660,
                    12,
                    334490,
                    4,
                    334496,
                    48,
                    334545,
                    34,
                    334581,
                    2,
                    334588,
                    23,
                    334615,
                    1,
                    334619,
                    12,
                    334636,
                    1,
                    335448,
                    1,
                    335452,
                    2,
                    335456,
                    31,
                    335488,
                    17,
                    335506,
                    34,
                    335541,
                    2,
                    335544,
                    1,
                    335548,
                    23,
                    335572,
                    1,
                    335575,
                    16,
                    336408,
                    1,
                    336417,
                    49,
                    336467,
                    30,
                    336498,
                    2,
                    336504,
                    2,
                    336509,
                    23,
                    336536,
                    14,
                    337371,
                    1,
                    337378,
                    49,
                    337428,
                    25,
                    337456,
                    1,
                    337465,
                    1,
                    337467,
                    2,
                    337470,
                    23,
                    337495,
                    14,
                    337512,
                    1,
                    338339,
                    73,
                    338432,
                    21,
                    338454,
                    14,
                    338470,
                    2,
                    339299,
                    50,
                    339350,
                    22,
                    339373,
                    1,
                    339392,
                    35,
                    340258,
                    1,
                    340261,
                    63,
                    340325,
                    7,
                    340333,
                    1,
                    340352,
                    3,
                    340356,
                    30,
                    340389,
                    1,
                    341218,
                    1,
                    341222,
                    72,
                    341312,
                    34,
                    341349,
                    1,
                    342180,
                    1,
                    342184,
                    55,
                    342240,
                    16,
                    342263,
                    1,
                    342267,
                    1,
                    342270,
                    34,
                    342306,
                    1,
                    342311,
                    1,
                    343136,
                    1,
                    343139,
                    3,
                    343145,
                    71,
                    343228,
                    35,
                    343266,
                    2,
                    343271,
                    1,
                    344098,
                    1,
                    344106,
                    72,
                    344186,
                    36,
                    344226,
                    1,
                    344231,
                    1,
                    345058,
                    1,
                    345062,
                    3,
                    345068,
                    70,
                    345144,
                    37,
                    345183,
                    1,
                    346029,
                    70,
                    346100,
                    1,
                    346102,
                    38,
                    346984,
                    1,
                    346990,
                    109,
                    347944,
                    2,
                    347953,
                    105,
                    348904,
                    3,
                    348914,
                    103,
                    349867,
                    2,
                    349876,
                    99,
                    350832,
                    3,
                    350837,
                    96,
                    351793,
                    3,
                    351799,
                    93,
                    351895,
                    1,
                    352759,
                    1,
                    352762,
                    88,
                    353724,
                    84,
                    354685,
                    82,
                    355649,
                    76,
                    356602,
                    4,
                    356611,
                    72,
                    356687,
                    1,
                    357560,
                    8,
                    357574,
                    66,
                    357646,
                    2,
                    358520,
                    2,
                    358530,
                    2,
                    358537,
                    60,
                    358602,
                    3,
                    359490,
                    3,
                    359498,
                    57,
                    359558,
                    6,
                    360443,
                    5,
                    360455,
                    3,
                    360462,
                    48,
                    360520,
                    2,
                    360526,
                    2,
                    361432,
                    32,
                    362394,
                    27,
                    363363,
                    11,
                    364312,
                    6,
                    364336,
                    8,
                    365296,
                    2,
                    366244,
                    4,
                    367192,
                    4,
                    367220,
                    4,
                    368157,
                    3
                ]
            }
        }
    ]
}