{
    "image_id": 22,
    "file_name": "Wheat_002_001_003_001.jpg",
    "width": 960,
    "height": 540,
    "annotations": [
        {
            "id": 1,
            "category_id": 2131,
            "bbox": [
                392,
                150,
                591,
                359
            ],
            "bbox_mode": 0,
            "segmentation": {
                "size": [
                    540,
                    960
                ],
                "counts": [
                    144464,
                    2,
                    145425,
                    2,
                    146369,
                    2,
                    146376,
                    1,
                    146378,
                    2,
                    146381,
                    2,
                    146384,
                    2,
                    146391,
                    1,
                    146393,
                    3,
                    146399,
                    1,
                    146407,
                    1,
                    146409,
                    1,
                    146412,
                    1,
                    146416,
                    1,
                    146419,
                    3,
                    147328,
                    2,
                    147331,
                    1,
                    147333,
                    7,
                    147343,
                    1,
                    147360,
                    1,
                    147363,
                    2,
                    147374,
                    3,
                    147381,
                    3,
                    148288,
                    1,
                    148290,
                    3,
                    148294,
                    3,
                    148298,
                    5,
                    148304,
                    1,
                    148306,
                    6,
                    148316,
                    3,
                    148320,
                    1,
                    148323,
                    2,
                    148329,
                    1,
                    148331,
                    5,
                    148339,
                    3,
                    148343,
                    1,
                    149251,
                    5,
                    149257,
                    4,
                    149272,
                    13,
                    149287,
                    3,
                    149294,
                    2,
                    149297,
                    3,
                    149302,
                    2,
                    150208,
                    1,
                    150210,
                    1,
                    150212,
                    2,
                    150215,
                    3,
                    150221,
                    33,
                    150255,
                    1,
                    150261,
                    1,
                    150263,
                    1,
                    151168,
                    1,
                    151170,
                    1,
                    151174,
                    3,
                    151178,
                    35,
                    151214,
                    5,
                    151221,
                    3,
                    152129,
                    2,
                    152133,
                    48,
                    153089,
                    55,
                    154021,
                    1,
                    154032,
                    2,
                    154035,
                    4,
                    154040,
                    5,
                    154047,
                    60,
                    154110,
                    1,
                    154112,
                    1,
                    154119,
                    2,
                    154123,
                    3,
                    154980,
                    1,
                    154992,
                    3,
                    154996,
                    1,
                    154998,
                    3,
                    155002,
                    1,
                    155004,
                    2,
                    155007,
                    64,
                    155072,
                    3,
                    155077,
                    2,
                    155080,
                    3,
                    155084,
                    2,
                    155087,
                    1,
                    155952,
                    4,
                    155958,
                    2,
                    155961,
                    72,
                    156034,
                    1,
                    156037,
                    1,
                    156039,
                    1,
                    156041,
                    5,
                    156047,
                    1,
                    156058,
                    2,
                    156912,
                    1,
                    156914,
                    1,
                    156921,
                    1,
                    156923,
                    70,
                    156994,
                    2,
                    156997,
                    5,
                    157004,
                    1,
                    157017,
                    1,
                    157872,
                    1,
                    157874,
                    2,
                    157877,
                    2,
                    157880,
                    78,
                    157959,
                    2,
                    157967,
                    1,
                    158833,
                    1,
                    158835,
                    1,
                    158837,
                    1,
                    158839,
                    84,
                    158925,
                    2,
                    159792,
                    1,
                    159794,
                    87,
                    159882,
                    1,
                    159884,
                    3,
                    160753,
                    92,
                    160847,
                    1,
                    161705,
                    1,
                    161711,
                    93,
                    161805,
                    1,
                    161807,
                    1,
                    161810,
                    3,
                    161815,
                    1,
                    161823,
                    1,
                    162665,
                    5,
                    162671,
                    101,
                    162773,
                    3,
                    163625,
                    1,
                    163628,
                    101,
                    163730,
                    2,
                    163733,
                    3,
                    163737,
                    1,
                    164585,
                    109,
                    164695,
                    1,
                    165545,
                    106,
                    165652,
                    1,
                    165655,
                    1,
                    166504,
                    1,
                    166506,
                    108,
                    166615,
                    1,
                    166622,
                    2,
                    167464,
                    115,
                    167583,
                    1,
                    168424,
                    116,
                    169376,
                    3,
                    169380,
                    119,
                    169500,
                    4,
                    169505,
                    2,
                    169509,
                    1,
                    170337,
                    2,
                    170340,
                    121,
                    170463,
                    2,
                    170466,
                    4,
                    170471,
                    1,
                    171296,
                    1,
                    171298,
                    1,
                    171300,
                    122,
                    171423,
                    5,
                    172257,
                    1,
                    172260,
                    124,
                    172389,
                    3,
                    173217,
                    1,
                    173219,
                    126,
                    173346,
                    2,
                    174176,
                    130,
                    174308,
                    1,
                    174310,
                    2,
                    175137,
                    129,
                    175267,
                    3,
                    175271,
                    1,
                    176096,
                    131,
                    176229,
                    1,
                    177049,
                    2,
                    177052,
                    136,
                    177189,
                    2,
                    177194,
                    2,
                    177198,
                    1,
                    178010,
                    1,
                    178012,
                    141,
                    178157,
                    2,
                    178969,
                    1,
                    178971,
                    138,
                    179110,
                    1,
                    179112,
                    2,
                    179117,
                    2,
                    179929,
                    1,
                    179932,
                    140,
                    180075,
                    2,
                    180078,
                    1,
                    180889,
                    2,
                    180892,
                    142,
                    181036,
                    1,
                    181038,
                    2,
                    181850,
                    145,
                    181996,
                    1,
                    181998,
                    2,
                    182809,
                    1,
                    182811,
                    144,
                    182956,
                    2,
                    183768,
                    1,
                    183770,
                    145,
                    183917,
                    1,
                    184720,
                    1,
                    184722,
                    1,
                    184725,
                    1,
                    184729,
                    148,
                    184878,
                    4,
                    184887,
                    2,
                    185682,
                    1,
                    185685,
                    2,
                    185688,
                    152,
                    185843,
                    4,
                    185848,
                    1,
                    186641,
                    1,
                    186644,
                    1,
                    186647,
                    156,
                    186805,
                    3,
                    187601,
                    1,
                    187607,
                    154,
                    187762,
                    1,
                    187764,
                    1,
                    187766,
                    2,
                    188560,
                    2,
                    188566,
                    1,
                    188568,
                    152,
                    188723,
                    1,
                    189521,
                    1,
                    189523,
                    1,
                    189525,
                    157,
                    189683,
                    3,
                    190481,
                    1,
                    190483,
                    1,
                    190487,
                    157,
                    190645,
                    3,
                    191440,
                    1,
                    191442,
                    2,
                    191446,
                    157,
                    191604,
                    4,
                    192401,
                    3,
                    192405,
                    157,
                    192563,
                    2,
                    192567,
                    1,
                    193361,
                    164,
                    193526,
                    2,
                    194321,
                    1,
                    194324,
                    163,
                    195282,
                    1,
                    195284,
                    164,
                    196242,
                    1,
                    196244,
                    163,
                    197200,
                    2,
                    197204,
                    164,
                    198160,
                    2,
                    198163,
                    165,
                    199122,
                    166,
                    199290,
                    1,
                    200080,
                    171,
                    200252,
                    4,
                    201041,
                    171,
                    201214,
                    1,
                    202001,
                    170,
                    202173,
                    1,
                    202961,
                    171,
                    203133,
                    3,
                    203922,
                    169,
                    204092,
                    1,
                    204094,
                    2,
                    204880,
                    173,
                    205054,
                    1,
                    205840,
                    172,
                    206013,
                    2,
                    206800,
                    176,
                    207757,
                    2,
                    207761,
                    175,
                    207939,
                    2,
                    208717,
                    2,
                    208720,
                    175,
                    208896,
                    1,
                    208903,
                    1,
                    209672,
                    1,
                    209678,
                    176,
                    209855,
                    2,
                    209859,
                    1,
                    209863,
                    1,
                    210632,
                    1,
                    210638,
                    178,
                    210819,
                    2,
                    211598,
                    177,
                    211780,
                    2,
                    212557,
                    1,
                    212560,
                    178,
                    212741,
                    2,
                    213513,
                    2,
                    213517,
                    1,
                    213519,
                    180,
                    213702,
                    2,
                    214473,
                    2,
                    214477,
                    183,
                    215432,
                    1,
                    215436,
                    183,
                    215620,
                    3,
                    216395,
                    2,
                    216398,
                    181,
                    216580,
                    1,
                    216582,
                    1,
                    217355,
                    1,
                    217359,
                    181,
                    217542,
                    1,
                    218314,
                    186,
                    218502,
                    1,
                    219275,
                    186,
                    219462,
                    1,
                    220235,
                    186,
                    221193,
                    1,
                    221195,
                    1,
                    221197,
                    186,
                    222153,
                    1,
                    222155,
                    2,
                    222158,
                    185,
                    223113,
                    3,
                    223117,
                    187,
                    224074,
                    1,
                    224077,
                    187,
                    225034,
                    1,
                    225037,
                    186,
                    225993,
                    1,
                    225995,
                    1,
                    225997,
                    187,
                    226953,
                    1,
                    226955,
                    1,
                    226957,
                    187,
                    227913,
                    1,
                    227915,
                    1,
                    227917,
                    187,
                    228105,
                    1,
                    228873,
                    1,
                    228877,
                    187,
                    229066,
                    1,
                    229833,
                    1,
                    229836,
                    188,
                    230025,
                    1,
                    230793,
                    1,
                    230795,
                    1,
                    230797,
                    192,
                    231753,
                    1,
                    231755,
                    1,
                    231757,
                    187,
                    231945,
                    3,
                    231950,
                    1,
                    232713,
                    1,
                    232715,
                    1,
                    232717,
                    189,
                    232908,
                    1,
                    232910,
                    1,
                    233673,
                    1,
                    233675,
                    1,
                    233677,
                    189,
                    233868,
                    1,
                    233870,
                    1,
                    234633,
                    1,
                    234635,
                    1,
                    234637,
                    189,
                    234827,
                    2,
                    234830,
                    1,
                    235593,
                    1,
                    235595,
                    1,
                    235597,
                    190,
                    235788,
                    1,
                    235790,
                    1,
                    236553,
                    1,
                    236555,
                    1,
                    236557,
                    190,
                    236748,
                    2,
                    236751,
                    1,
                    237513,
                    1,
                    237515,
                    1,
                    237517,
                    190,
                    237709,
                    3,
                    238474,
                    1,
                    238478,
                    189,
                    238668,
                    3,
                    239434,
                    1,
                    239437,
                    191,
                    239630,
                    1,
                    240392,
                    1,
                    240394,
                    1,
                    240397,
                    191,
                    240590,
                    1,
                    241356,
                    192,
                    241550,
                    1,
                    242313,
                    1,
                    242316,
                    192,
                    242509,
                    2,
                    243273,
                    1,
                    243276,
                    1,
                    243279,
                    191,
                    243471,
                    1,
                    244233,
                    1,
                    244236,
                    1,
                    244238,
                    191,
                    244431,
                    1,
                    245193,
                    1,
                    245196,
                    1,
                    245198,
                    191,
                    245391,
                    1,
                    246158,
                    190,
                    246350,
                    1,
                    247118,
                    1,
                    247120,
                    189,
                    247310,
                    1,
                    248078,
                    191,
                    249038,
                    191,
                    249999,
                    190,
                    250191,
                    1,
                    250960,
                    190,
                    251151,
                    1,
                    251920,
                    190,
                    252872,
                    1,
                    252881,
                    1,
                    252883,
                    187,
                    253840,
                    3,
                    253844,
                    186,
                    254801,
                    189,
                    255761,
                    189,
                    256721,
                    188,
                    257680,
                    189,
                    258640,
                    6,
                    258647,
                    183,
                    258831,
                    1,
                    259602,
                    190,
                    260560,
                    192,
                    261522,
                    189,
                    262480,
                    2,
                    262483,
                    188,
                    263440,
                    1,
                    263443,
                    188,
                    264400,
                    1,
                    264403,
                    188,
                    265360,
                    1,
                    265363,
                    188,
                    266324,
                    187,
                    267281,
                    1,
                    267284,
                    186,
                    268241,
                    2,
                    268245,
                    11,
                    268257,
                    173,
                    269205,
                    12,
                    269218,
                    172,
                    270165,
                    184,
                    270351,
                    1,
                    271120,
                    1,
                    271125,
                    185,
                    272080,
                    1,
                    272086,
                    184,
                    273046,
                    185,
                    274007,
                    181,
                    274190,
                    2,
                    274967,
                    12,
                    274980,
                    169,
                    275923,
                    1,
                    275927,
                    183,
                    276111,
                    1,
                    276889,
                    181,
                    277849,
                    183,
                    278809,
                    179,
                    278990,
                    1,
                    279769,
                    11,
                    279781,
                    167,
                    279950,
                    1,
                    280728,
                    1,
                    280730,
                    10,
                    280741,
                    168,
                    280910,
                    2,
                    281688,
                    1,
                    281691,
                    177,
                    282648,
                    1,
                    282651,
                    177,
                    283611,
                    172,
                    283784,
                    1,
                    283787,
                    1,
                    283790,
                    1,
                    284569,
                    1,
                    284572,
                    174,
                    284747,
                    1,
                    284751,
                    1,
                    285529,
                    1,
                    285532,
                    173,
                    285706,
                    3,
                    285711,
                    1,
                    286490,
                    1,
                    286493,
                    172,
                    286667,
                    1,
                    286671,
                    1,
                    287448,
                    1,
                    287451,
                    1,
                    287454,
                    172,
                    287627,
                    1,
                    287631,
                    1,
                    288408,
                    1,
                    288411,
                    2,
                    288414,
                    172,
                    288587,
                    1,
                    289371,
                    2,
                    289376,
                    13,
                    289390,
                    155,
                    289547,
                    2,
                    290333,
                    1,
                    290336,
                    170,
                    290507,
                    1,
                    291289,
                    2,
                    291294,
                    1,
                    291297,
                    165,
                    291463,
                    5,
                    291471,
                    1,
                    292258,
                    16,
                    292275,
                    151,
                    292428,
                    1,
                    292431,
                    1,
                    293218,
                    168,
                    293388,
                    1,
                    293391,
                    1,
                    294179,
                    20,
                    294200,
                    146,
                    294348,
                    1,
                    294351,
                    1,
                    295140,
                    160,
                    295301,
                    4,
                    295308,
                    1,
                    296097,
                    2,
                    296100,
                    158,
                    296259,
                    5,
                    296268,
                    1,
                    297057,
                    2,
                    297061,
                    155,
                    297217,
                    7,
                    298022,
                    28,
                    298051,
                    123,
                    298175,
                    9,
                    298186,
                    1,
                    298976,
                    1,
                    298982,
                    161,
                    299145,
                    2,
                    299944,
                    28,
                    299973,
                    2,
                    299976,
                    115,
                    300092,
                    11,
                    300904,
                    31,
                    300936,
                    127,
                    301864,
                    29,
                    301894,
                    10,
                    301905,
                    118,
                    302825,
                    28,
                    302854,
                    3,
                    302859,
                    123,
                    303786,
                    33,
                    303820,
                    1,
                    303822,
                    1,
                    303824,
                    117,
                    304746,
                    28,
                    304775,
                    10,
                    304789,
                    112,
                    305704,
                    1,
                    305707,
                    29,
                    305738,
                    111,
                    305850,
                    10,
                    306665,
                    1,
                    306668,
                    40,
                    306710,
                    111,
                    306822,
                    1,
                    307625,
                    2,
                    307629,
                    26,
                    307656,
                    12,
                    307669,
                    89,
                    307760,
                    19,
                    308586,
                    1,
                    308589,
                    39,
                    308631,
                    108,
                    309550,
                    32,
                    309585,
                    114,
                    309701,
                    1,
                    310512,
                    51,
                    310571,
                    87,
                    310661,
                    2,
                    311464,
                    1,
                    311473,
                    41,
                    311519,
                    3,
                    311530,
                    50,
                    311581,
                    37,
                    311621,
                    2,
                    312424,
                    1,
                    312434,
                    41,
                    312479,
                    9,
                    312492,
                    20,
                    312513,
                    28,
                    312542,
                    34,
                    312581,
                    2,
                    313395,
                    41,
                    313437,
                    2,
                    313448,
                    2,
                    313452,
                    19,
                    313473,
                    1,
                    313475,
                    21,
                    313497,
                    5,
                    313503,
                    33,
                    314346,
                    2,
                    314352,
                    1,
                    314356,
                    40,
                    314398,
                    1,
                    314409,
                    1,
                    314412,
                    18,
                    314431,
                    1,
                    314433,
                    1,
                    314435,
                    24,
                    314460,
                    4,
                    314465,
                    30,
                    315313,
                    2,
                    315317,
                    40,
                    315359,
                    6,
                    315371,
                    3,
                    315375,
                    13,
                    315392,
                    1,
                    315394,
                    17,
                    315412,
                    13,
                    315426,
                    28,
                    316274,
                    1,
                    316277,
                    41,
                    316328,
                    20,
                    316350,
                    2,
                    316353,
                    33,
                    316387,
                    4,
                    316392,
                    23,
                    317238,
                    40,
                    317282,
                    14,
                    317297,
                    10,
                    317308,
                    3,
                    317312,
                    38,
                    317351,
                    21,
                    317373,
                    2,
                    318200,
                    65,
                    318267,
                    41,
                    318309,
                    23,
                    319152,
                    1,
                    319161,
                    61,
                    319225,
                    67,
                    319295,
                    1,
                    320112,
                    1,
                    320122,
                    60,
                    320185,
                    2,
                    320189,
                    37,
                    320227,
                    23,
                    320251,
                    2,
                    320255,
                    1,
                    321083,
                    59,
                    321147,
                    63,
                    321212,
                    2,
                    322034,
                    2,
                    322041,
                    2,
                    322045,
                    57,
                    322104,
                    1,
                    322107,
                    64,
                    322173,
                    2,
                    323008,
                    56,
                    323065,
                    63,
                    323968,
                    119,
                    324929,
                    117,
                    325890,
                    114,
                    326007,
                    1,
                    326852,
                    111,
                    326966,
                    2,
                    327812,
                    110,
                    327924,
                    3,
                    328770,
                    2,
                    328773,
                    108,
                    328884,
                    2,
                    329728,
                    3,
                    329737,
                    102,
                    329840,
                    1,
                    330698,
                    100,
                    331659,
                    98,
                    331759,
                    1,
                    332621,
                    95,
                    332719,
                    1,
                    333577,
                    2,
                    333582,
                    93,
                    334538,
                    2,
                    334545,
                    87,
                    334636,
                    2,
                    335501,
                    1,
                    335506,
                    85,
                    335592,
                    1,
                    336456,
                    1,
                    336461,
                    5,
                    336469,
                    80,
                    336552,
                    2,
                    337431,
                    76,
                    337508,
                    1,
                    337511,
                    1,
                    337514,
                    4,
                    338394,
                    70,
                    339355,
                    68,
                    340312,
                    2,
                    340318,
                    63,
                    341272,
                    1,
                    341283,
                    54,
                    341341,
                    3,
                    342237,
                    4,
                    342246,
                    48,
                    342301,
                    1,
                    343202,
                    3,
                    343210,
                    42,
                    343256,
                    1,
                    343260,
                    2,
                    344163,
                    3,
                    344176,
                    31,
                    344214,
                    2,
                    344220,
                    4,
                    345115,
                    2,
                    345120,
                    1,
                    345139,
                    20,
                    345176,
                    1
                ]
            }
        }
    ]
}