{
    "image_id": 31,
    "file_name": "Wheat_003_001_002_002.jpg",
    "width": 960,
    "height": 540,
    "annotations": [
        {
            "id": 1,
            "category_id": 3122,
            "bbox": [
                400,
                144,
                599,
                383
            ],
            "bbox_mode": 0,
            "segmentation": {
                "size": [
                    540,
                    960
                ],
                "counts": [
                    138721,
                    1,
                    140669,
                    1,
                    140671,
                    2,
                    140676,
                    1,
                    140685,
                    1,
                    141629,
                    3,
                    141640,
                    4,
                    142583,
                    2,
                    143543,
                    1,
                    143569,
                    2,
                    143572,
                    1,
                    144491,
                    1,
                    144529,
                    2,
                    146400,
                    1,
                    146403,
                    3,
                    146407,
                    3,
                    146411,
                    3,
                    146416,
                    1,
                    146418,
                    1,
                    146420,
                    1,
                    146431,
                    3,
                    146444,
                    1,
                    146447,
                    1,
                    146450,
                    2,
                    146454,
                    1,
                    147361,
                    2,
                    147364,
                    1,
                    147367,
                    1,
                    147371,
                    2,
                    147374,
                    1,
                    147390,
                    2,
                    147405,
                    3,
                    147412,
                    2,
                    147415,
                    1,
                    148321,
                    2,
                    148324,
                    1,
                    148326,
                    1,
                    148328,
                    1,
                    148331,
                    1,
                    148333,
                    6,
                    148342,
                    2,
                    148347,
                    11,
                    148361,
                    3,
                    148368,
                    3,
                    148372,
                    1,
                    148374,
                    2,
                    148378,
                    2,
                    148382,
                    1,
                    149280,
                    1,
                    149284,
                    2,
                    149287,
                    1,
                    149289,
                    3,
                    149293,
                    3,
                    149297,
                    2,
                    149300,
                    20,
                    149321,
                    8,
                    149331,
                    2,
                    149334,
                    2,
                    149338,
                    1,
                    149341,
                    1,
                    150240,
                    1,
                    150242,
                    1,
                    150244,
                    1,
                    150248,
                    2,
                    150251,
                    4,
                    150256,
                    35,
                    150292,
                    6,
                    150301,
                    2,
                    151201,
                    1,
                    151205,
                    1,
                    151207,
                    2,
                    151210,
                    1,
                    151212,
                    39,
                    151252,
                    1,
                    151254,
                    2,
                    151257,
                    1,
                    151261,
                    2,
                    152165,
                    1,
                    152167,
                    53,
                    152222,
                    1,
                    153121,
                    1,
                    153123,
                    3,
                    153127,
                    53,
                    154064,
                    1,
                    154067,
                    2,
                    154073,
                    2,
                    154077,
                    1,
                    154080,
                    62,
                    154143,
                    4,
                    154149,
                    2,
                    154152,
                    1,
                    154154,
                    2,
                    154157,
                    3,
                    155024,
                    1,
                    155026,
                    1,
                    155029,
                    6,
                    155036,
                    1,
                    155039,
                    63,
                    155103,
                    4,
                    155108,
                    1,
                    155111,
                    1,
                    155113,
                    3,
                    155119,
                    2,
                    155984,
                    5,
                    155991,
                    77,
                    156069,
                    1,
                    156071,
                    2,
                    156075,
                    1,
                    156077,
                    2,
                    156080,
                    2,
                    156936,
                    9,
                    156948,
                    3,
                    156952,
                    1,
                    156954,
                    73,
                    157028,
                    2,
                    157031,
                    3,
                    157037,
                    1,
                    157893,
                    2,
                    157898,
                    4,
                    157903,
                    1,
                    157907,
                    1,
                    157909,
                    1,
                    157912,
                    78,
                    157991,
                    1,
                    157999,
                    1,
                    158007,
                    4,
                    158852,
                    2,
                    158858,
                    1,
                    158864,
                    2,
                    158868,
                    1,
                    158870,
                    83,
                    158954,
                    2,
                    158957,
                    3,
                    158967,
                    1,
                    158969,
                    2,
                    159812,
                    2,
                    159825,
                    1,
                    159828,
                    85,
                    159914,
                    2,
                    159917,
                    3,
                    159929,
                    1,
                    160774,
                    1,
                    160785,
                    1,
                    160788,
                    91,
                    161739,
                    1,
                    161742,
                    1,
                    161745,
                    93,
                    161839,
                    1,
                    161841,
                    1,
                    161845,
                    3,
                    162697,
                    3,
                    162701,
                    1,
                    162704,
                    2,
                    162707,
                    91,
                    162799,
                    2,
                    162802,
                    1,
                    162804,
                    1,
                    163656,
                    4,
                    163661,
                    99,
                    163762,
                    3,
                    163766,
                    2,
                    164616,
                    3,
                    164620,
                    2,
                    164623,
                    100,
                    164724,
                    1,
                    165568,
                    1,
                    165577,
                    3,
                    165581,
                    104,
                    165686,
                    2,
                    166536,
                    108,
                    166646,
                    1,
                    167496,
                    109,
                    167606,
                    2,
                    167614,
                    2,
                    168457,
                    111,
                    168574,
                    1,
                    169406,
                    1,
                    169411,
                    2,
                    169414,
                    1,
                    169416,
                    112,
                    169530,
                    6,
                    170366,
                    1,
                    170368,
                    1,
                    170372,
                    116,
                    170491,
                    1,
                    170493,
                    1,
                    170495,
                    1,
                    171328,
                    1,
                    171331,
                    1,
                    171333,
                    115,
                    171449,
                    1,
                    171451,
                    1,
                    171454,
                    1,
                    172288,
                    3,
                    172292,
                    118,
                    172411,
                    4,
                    173235,
                    2,
                    173248,
                    1,
                    173250,
                    120,
                    173371,
                    1,
                    173373,
                    2,
                    174194,
                    2,
                    174208,
                    124,
                    174334,
                    1,
                    175154,
                    2,
                    175166,
                    128,
                    175295,
                    1,
                    176115,
                    1,
                    176129,
                    126,
                    177084,
                    129,
                    177214,
                    3,
                    177218,
                    1,
                    177222,
                    2,
                    178040,
                    4,
                    178046,
                    128,
                    178175,
                    1,
                    178177,
                    2,
                    178180,
                    2,
                    179002,
                    133,
                    179136,
                    1,
                    179138,
                    1,
                    179140,
                    3,
                    179960,
                    3,
                    179964,
                    133,
                    180098,
                    1,
                    180100,
                    1,
                    180102,
                    1,
                    180921,
                    134,
                    181058,
                    3,
                    181880,
                    142,
                    182840,
                    1,
                    182842,
                    139,
                    182983,
                    1,
                    183800,
                    139,
                    183940,
                    1,
                    184750,
                    1,
                    184752,
                    2,
                    184755,
                    3,
                    184759,
                    140,
                    184900,
                    4,
                    184908,
                    1,
                    185704,
                    2,
                    185710,
                    1,
                    185712,
                    4,
                    185719,
                    141,
                    185861,
                    2,
                    185868,
                    1,
                    186672,
                    6,
                    186679,
                    142,
                    187623,
                    1,
                    187634,
                    1,
                    187636,
                    145,
                    188582,
                    1,
                    188593,
                    2,
                    188596,
                    144,
                    188741,
                    2,
                    189542,
                    1,
                    189553,
                    148,
                    189702,
                    1,
                    190513,
                    150,
                    191473,
                    151,
                    191630,
                    1,
                    192424,
                    3,
                    192429,
                    2,
                    192432,
                    152,
                    192589,
                    1,
                    192591,
                    1,
                    193385,
                    2,
                    193389,
                    2,
                    193392,
                    152,
                    193551,
                    1,
                    194345,
                    2,
                    194350,
                    154,
                    194507,
                    1,
                    194510,
                    1,
                    195307,
                    1,
                    195309,
                    155,
                    195467,
                    1,
                    195470,
                    1,
                    196264,
                    1,
                    196267,
                    1,
                    196269,
                    1,
                    196271,
                    153,
                    196425,
                    1,
                    196430,
                    2,
                    197224,
                    1,
                    197228,
                    159,
                    197390,
                    2,
                    198185,
                    2,
                    198188,
                    157,
                    198346,
                    1,
                    198348,
                    3,
                    199145,
                    1,
                    199148,
                    158,
                    199308,
                    4,
                    200100,
                    1,
                    200104,
                    1,
                    200106,
                    162,
                    200271,
                    1,
                    201059,
                    2,
                    201065,
                    2,
                    201068,
                    159,
                    201229,
                    2,
                    202024,
                    1,
                    202026,
                    162,
                    202189,
                    2,
                    202984,
                    2,
                    202987,
                    161,
                    203149,
                    1,
                    203151,
                    1,
                    203943,
                    164,
                    204110,
                    1,
                    204904,
                    165,
                    205070,
                    1,
                    205865,
                    164,
                    206030,
                    1,
                    206824,
                    165,
                    207776,
                    1,
                    207779,
                    2,
                    207783,
                    166,
                    207950,
                    1,
                    208736,
                    1,
                    208742,
                    167,
                    209697,
                    2,
                    209701,
                    169,
                    209871,
                    1,
                    210657,
                    1,
                    210661,
                    169,
                    210831,
                    1,
                    211617,
                    1,
                    211619,
                    1,
                    211621,
                    169,
                    212577,
                    1,
                    212579,
                    1,
                    212581,
                    169,
                    213536,
                    1,
                    213538,
                    2,
                    213541,
                    171,
                    214496,
                    175,
                    215457,
                    175,
                    216416,
                    1,
                    216418,
                    173,
                    217377,
                    175,
                    218338,
                    174,
                    219297,
                    175,
                    220256,
                    176,
                    221216,
                    176,
                    222176,
                    176,
                    223128,
                    1,
                    223131,
                    1,
                    223134,
                    180,
                    223315,
                    2,
                    223318,
                    1,
                    224090,
                    1,
                    224092,
                    2,
                    224095,
                    178,
                    224275,
                    4,
                    225050,
                    1,
                    225052,
                    181,
                    225235,
                    1,
                    225237,
                    2,
                    226010,
                    1,
                    226013,
                    181,
                    226195,
                    1,
                    226197,
                    1,
                    226969,
                    1,
                    226971,
                    2,
                    226974,
                    180,
                    227159,
                    1,
                    227929,
                    1,
                    227931,
                    183,
                    228118,
                    2,
                    228889,
                    1,
                    228891,
                    184,
                    229077,
                    3,
                    229849,
                    1,
                    229852,
                    1,
                    229854,
                    181,
                    230036,
                    4,
                    230809,
                    1,
                    230811,
                    183,
                    230996,
                    2,
                    231772,
                    182,
                    231956,
                    2,
                    232729,
                    2,
                    232732,
                    182,
                    232916,
                    2,
                    232919,
                    1,
                    233690,
                    183,
                    233876,
                    1,
                    233879,
                    1,
                    234651,
                    183,
                    234836,
                    1,
                    234839,
                    1,
                    235608,
                    1,
                    235610,
                    183,
                    235796,
                    1,
                    235799,
                    1,
                    236568,
                    3,
                    236572,
                    181,
                    236756,
                    1,
                    236759,
                    1,
                    237530,
                    183,
                    237719,
                    1,
                    238490,
                    186,
                    238677,
                    2,
                    239448,
                    1,
                    239450,
                    185,
                    239637,
                    1,
                    240408,
                    187,
                    241368,
                    2,
                    241371,
                    184,
                    241556,
                    1,
                    242328,
                    1,
                    242330,
                    185,
                    242516,
                    1,
                    243290,
                    185,
                    243476,
                    1,
                    244249,
                    186,
                    244436,
                    1,
                    245208,
                    187,
                    245396,
                    1,
                    245399,
                    1,
                    246168,
                    187,
                    246358,
                    1,
                    247128,
                    187,
                    247318,
                    1,
                    248088,
                    186,
                    248278,
                    1,
                    249048,
                    187,
                    249236,
                    1,
                    249238,
                    1,
                    250008,
                    187,
                    250196,
                    1,
                    250968,
                    186,
                    251156,
                    1,
                    251928,
                    185,
                    252114,
                    1,
                    252116,
                    1,
                    252888,
                    185,
                    253076,
                    1,
                    253844,
                    1,
                    253847,
                    187,
                    254038,
                    1,
                    254804,
                    1,
                    254807,
                    188,
                    254998,
                    1,
                    255760,
                    2,
                    255767,
                    186,
                    255954,
                    1,
                    255958,
                    1,
                    256722,
                    2,
                    256726,
                    1,
                    256728,
                    185,
                    256914,
                    1,
                    256918,
                    1,
                    257683,
                    1,
                    257685,
                    187,
                    257874,
                    1,
                    258641,
                    1,
                    258643,
                    189,
                    258833,
                    1,
                    259600,
                    2,
                    259603,
                    190,
                    259796,
                    1,
                    260560,
                    3,
                    260565,
                    1,
                    260567,
                    186,
                    260756,
                    2,
                    261521,
                    1,
                    261524,
                    187,
                    262481,
                    1,
                    262484,
                    1,
                    262486,
                    186,
                    263441,
                    1,
                    263444,
                    1,
                    263447,
                    185,
                    264401,
                    1,
                    264404,
                    1,
                    264406,
                    186,
                    265364,
                    1,
                    265366,
                    186,
                    266324,
                    1,
                    266326,
                    184,
                    266511,
                    1,
                    267284,
                    1,
                    267287,
                    185,
                    268247,
                    185,
                    269201,
                    1,
                    269205,
                    186,
                    270161,
                    2,
                    270165,
                    186,
                    271122,
                    1,
                    271125,
                    186,
                    272085,
                    184,
                    272270,
                    1,
                    273044,
                    185,
                    273230,
                    1,
                    274000,
                    1,
                    274004,
                    186,
                    274960,
                    1,
                    274964,
                    185,
                    275920,
                    1,
                    275924,
                    1,
                    275926,
                    182,
                    276110,
                    2,
                    276881,
                    1,
                    276885,
                    1,
                    276887,
                    182,
                    277071,
                    1,
                    277841,
                    1,
                    277845,
                    1,
                    277847,
                    181,
                    278029,
                    1,
                    278801,
                    1,
                    278805,
                    1,
                    278807,
                    181,
                    279763,
                    1,
                    279765,
                    1,
                    279767,
                    182,
                    280720,
                    1,
                    280723,
                    1,
                    280726,
                    181,
                    280908,
                    1,
                    281680,
                    1,
                    281683,
                    1,
                    281686,
                    183,
                    282640,
                    1,
                    282643,
                    1,
                    282646,
                    182,
                    282830,
                    1,
                    283600,
                    1,
                    283603,
                    1,
                    283606,
                    180,
                    283787,
                    1,
                    283790,
                    1,
                    284560,
                    1,
                    284566,
                    181,
                    284749,
                    2,
                    285520,
                    1,
                    285526,
                    179,
                    285706,
                    1,
                    285709,
                    2,
                    286480,
                    1,
                    286486,
                    179,
                    286666,
                    1,
                    286670,
                    1,
                    287440,
                    1,
                    287443,
                    1,
                    287446,
                    178,
                    287625,
                    2,
                    288400,
                    1,
                    288403,
                    1,
                    288407,
                    177,
                    288585,
                    2,
                    288591,
                    1,
                    289363,
                    1,
                    289366,
                    181,
                    289551,
                    1,
                    290323,
                    2,
                    290326,
                    177,
                    290504,
                    1,
                    291283,
                    2,
                    291287,
                    177,
                    292249,
                    175,
                    293209,
                    175,
                    294169,
                    172,
                    294342,
                    1,
                    295129,
                    174,
                    296088,
                    175,
                    297048,
                    176,
                    298008,
                    174,
                    298183,
                    1,
                    298968,
                    173,
                    299142,
                    1,
                    299929,
                    168,
                    300098,
                    3,
                    300889,
                    167,
                    301057,
                    4,
                    301062,
                    2,
                    301849,
                    1,
                    301851,
                    169,
                    302022,
                    1,
                    302809,
                    170,
                    302981,
                    1,
                    302983,
                    1,
                    303768,
                    3,
                    303772,
                    160,
                    303933,
                    10,
                    304729,
                    170,
                    305688,
                    163,
                    305852,
                    6,
                    306648,
                    170,
                    306820,
                    2,
                    307609,
                    167,
                    308568,
                    1,
                    308571,
                    2,
                    308574,
                    162,
                    309528,
                    1,
                    309530,
                    1,
                    309532,
                    164,
                    310489,
                    1,
                    310492,
                    164,
                    311449,
                    166,
                    312409,
                    165,
                    313368,
                    1,
                    313373,
                    2,
                    313376,
                    157,
                    314328,
                    3,
                    314333,
                    159,
                    315288,
                    1,
                    315291,
                    1,
                    315294,
                    158,
                    316248,
                    1,
                    316251,
                    1,
                    316254,
                    3,
                    316258,
                    154,
                    317208,
                    1,
                    317211,
                    1,
                    317214,
                    4,
                    317219,
                    152,
                    318171,
                    1,
                    318175,
                    155,
                    318335,
                    1,
                    319131,
                    1,
                    319135,
                    148,
                    319284,
                    6,
                    319291,
                    2,
                    319295,
                    1,
                    320096,
                    4,
                    320101,
                    138,
                    320240,
                    8,
                    320251,
                    2,
                    320255,
                    1,
                    321057,
                    150,
                    321210,
                    1,
                    321213,
                    2,
                    322016,
                    151,
                    322170,
                    1,
                    322173,
                    2,
                    322978,
                    149,
                    323936,
                    1,
                    323938,
                    148,
                    324896,
                    149,
                    325856,
                    1,
                    325859,
                    145,
                    326819,
                    145,
                    326966,
                    1,
                    327779,
                    133,
                    327913,
                    10,
                    327925,
                    2,
                    328741,
                    141,
                    328885,
                    1,
                    329698,
                    2,
                    329701,
                    129,
                    329831,
                    11,
                    329844,
                    1,
                    329847,
                    1,
                    330656,
                    3,
                    330662,
                    127,
                    330790,
                    10,
                    331616,
                    3,
                    331622,
                    138,
                    332578,
                    2,
                    332583,
                    136,
                    333537,
                    3,
                    333544,
                    134,
                    334503,
                    13,
                    334517,
                    108,
                    334626,
                    11,
                    335456,
                    1,
                    335462,
                    2,
                    335465,
                    13,
                    335479,
                    98,
                    335578,
                    18,
                    336422,
                    2,
                    336426,
                    14,
                    336441,
                    115,
                    337387,
                    107,
                    337495,
                    19,
                    337517,
                    1,
                    338347,
                    125,
                    339308,
                    18,
                    339327,
                    105,
                    340268,
                    21,
                    340290,
                    80,
                    340371,
                    20,
                    341229,
                    100,
                    341330,
                    20,
                    342190,
                    119,
                    342311,
                    1,
                    343147,
                    1,
                    343151,
                    20,
                    343172,
                    98,
                    344107,
                    2,
                    344111,
                    116,
                    344229,
                    1,
                    345067,
                    2,
                    345073,
                    114,
                    345190,
                    2,
                    346032,
                    1,
                    346035,
                    17,
                    346053,
                    91,
                    346995,
                    109,
                    347956,
                    106,
                    348917,
                    104,
                    349878,
                    15,
                    349894,
                    85,
                    349983,
                    1,
                    350836,
                    1,
                    350840,
                    13,
                    350854,
                    52,
                    350907,
                    31,
                    350941,
                    2,
                    351794,
                    2,
                    351801,
                    95,
                    351900,
                    2,
                    352753,
                    2,
                    352759,
                    2,
                    352762,
                    16,
                    352779,
                    39,
                    352819,
                    35,
                    352855,
                    1,
                    353723,
                    19,
                    353743,
                    31,
                    353775,
                    38,
                    354684,
                    22,
                    354708,
                    64,
                    354775,
                    1,
                    355646,
                    83,
                    355734,
                    2,
                    356608,
                    79,
                    356694,
                    2,
                    357564,
                    4,
                    357570,
                    76,
                    357648,
                    6,
                    358532,
                    72,
                    358607,
                    1,
                    359488,
                    2,
                    359493,
                    70,
                    359566,
                    2,
                    360450,
                    3,
                    360456,
                    65,
                    360524,
                    2,
                    361418,
                    60,
                    362380,
                    55,
                    363336,
                    1,
                    363339,
                    1,
                    363341,
                    50,
                    363399,
                    1,
                    364304,
                    44,
                    364355,
                    3,
                    365258,
                    4,
                    365270,
                    36,
                    365310,
                    2,
                    366234,
                    24,
                    367176,
                    1,
                    367182,
                    2,
                    367186,
                    1,
                    367189,
                    3,
                    367200,
                    1,
                    367224,
                    5,
                    367237,
                    3,
                    368138,
                    5,
                    368172,
                    4,
                    368190,
                    2
                ]
            }
        }
    ]
}