{
    "image_id": 10,
    "file_name": "Wheat_001_001_003_001.jpg",
    "width": 960,
    "height": 540,
    "annotations": [
        {
            "id": 1,
            "category_id": 1131,
            "bbox": [
                384,
                144,
                607,
                367
            ],
            "bbox_mode": 0,
            "segmentation": {
                "size": [
                    540,
                    960
                ],
                "counts": [
                    138672,
                    2,
                    138705,
                    1,
                    138711,
                    1,
                    138718,
                    10,
                    138730,
                    6,
                    138750,
                    2,
                    139632,
                    2,
                    139667,
                    9,
                    139678,
                    2,
                    139696,
                    4,
                    139704,
                    6,
                    140612,
                    1,
                    140614,
                    1,
                    140624,
                    1,
                    140630,
                    2,
                    140636,
                    8,
                    140652,
                    7,
                    140671,
                    3,
                    141575,
                    1,
                    141589,
                    4,
                    141595,
                    3,
                    141613,
                    4,
                    141620,
                    6,
                    141633,
                    1,
                    141642,
                    2,
                    142524,
                    1,
                    142544,
                    1,
                    142555,
                    8,
                    142569,
                    3,
                    142576,
                    4,
                    142584,
                    1,
                    142587,
                    3,
                    142605,
                    7,
                    142614,
                    1,
                    143484,
                    1,
                    143504,
                    2,
                    143513,
                    6,
                    143520,
                    3,
                    143524,
                    6,
                    143532,
                    16,
                    143568,
                    1,
                    143570,
                    2,
                    143574,
                    2,
                    144464,
                    2,
                    144467,
                    35,
                    144504,
                    4,
                    144512,
                    3,
                    145422,
                    5,
                    145428,
                    48,
                    146360,
                    1,
                    146362,
                    2,
                    146365,
                    1,
                    146369,
                    7,
                    146379,
                    4,
                    146384,
                    52,
                    146440,
                    5,
                    147320,
                    1,
                    147322,
                    4,
                    147328,
                    5,
                    147336,
                    63,
                    147403,
                    4,
                    147408,
                    5,
                    148292,
                    1,
                    148294,
                    68,
                    148363,
                    1,
                    148365,
                    1,
                    148367,
                    4,
                    149240,
                    1,
                    149242,
                    1,
                    149244,
                    3,
                    149248,
                    78,
                    149327,
                    6,
                    150202,
                    1,
                    150206,
                    78,
                    150285,
                    6,
                    150295,
                    1,
                    151163,
                    89,
                    151254,
                    2,
                    152120,
                    1,
                    152122,
                    3,
                    152126,
                    83,
                    152210,
                    3,
                    152215,
                    1,
                    153081,
                    95,
                    154023,
                    3,
                    154027,
                    1,
                    154031,
                    1,
                    154033,
                    1,
                    154039,
                    101,
                    154144,
                    1,
                    154147,
                    2,
                    154155,
                    2,
                    154992,
                    2,
                    154997,
                    101,
                    155099,
                    4,
                    155104,
                    1,
                    155110,
                    2,
                    155114,
                    3,
                    155946,
                    1,
                    155952,
                    1,
                    155954,
                    1,
                    155956,
                    104,
                    156061,
                    4,
                    156066,
                    2,
                    156071,
                    1,
                    156899,
                    1,
                    156913,
                    3,
                    156917,
                    105,
                    157023,
                    1,
                    157857,
                    3,
                    157866,
                    1,
                    157870,
                    2,
                    157873,
                    108,
                    157982,
                    3,
                    157987,
                    1,
                    158817,
                    3,
                    158824,
                    1,
                    158826,
                    1,
                    158830,
                    118,
                    158950,
                    1,
                    158952,
                    2,
                    159778,
                    1,
                    159788,
                    2,
                    159791,
                    118,
                    160744,
                    1,
                    160748,
                    2,
                    160751,
                    119,
                    161700,
                    4,
                    161705,
                    1,
                    161707,
                    124,
                    161832,
                    1,
                    161834,
                    3,
                    161839,
                    1,
                    162656,
                    1,
                    162664,
                    2,
                    162667,
                    1,
                    162669,
                    120,
                    162790,
                    1,
                    162792,
                    1,
                    162794,
                    6,
                    163621,
                    2,
                    163624,
                    129,
                    163758,
                    2,
                    164582,
                    1,
                    164585,
                    129,
                    164719,
                    1,
                    165537,
                    2,
                    165540,
                    1,
                    165544,
                    132,
                    165677,
                    3,
                    166497,
                    1,
                    166501,
                    2,
                    166504,
                    133,
                    167460,
                    137,
                    167598,
                    2,
                    168419,
                    141,
                    169362,
                    3,
                    169370,
                    1,
                    169378,
                    142,
                    169525,
                    2,
                    170323,
                    2,
                    170333,
                    2,
                    170338,
                    1,
                    170340,
                    141,
                    170483,
                    2,
                    170487,
                    1,
                    171292,
                    1,
                    171296,
                    2,
                    171299,
                    141,
                    171442,
                    2,
                    171445,
                    1,
                    171451,
                    1,
                    172251,
                    2,
                    172254,
                    1,
                    172256,
                    148,
                    172406,
                    2,
                    172411,
                    2,
                    173215,
                    147,
                    173363,
                    1,
                    173367,
                    1,
                    173374,
                    1,
                    174166,
                    1,
                    174168,
                    2,
                    174173,
                    153,
                    174332,
                    1,
                    174334,
                    1,
                    175129,
                    1,
                    175131,
                    1,
                    175133,
                    1,
                    175135,
                    150,
                    175286,
                    2,
                    175294,
                    1,
                    176092,
                    156,
                    177042,
                    2,
                    177048,
                    2,
                    177051,
                    2,
                    177054,
                    154,
                    177209,
                    1,
                    177211,
                    3,
                    178003,
                    1,
                    178008,
                    162,
                    178172,
                    1,
                    178174,
                    2,
                    178964,
                    2,
                    178968,
                    2,
                    178971,
                    160,
                    179132,
                    1,
                    179134,
                    1,
                    179924,
                    2,
                    179930,
                    161,
                    180885,
                    1,
                    180887,
                    169,
                    181847,
                    2,
                    181850,
                    164,
                    182015,
                    1,
                    182807,
                    169,
                    183767,
                    166,
                    183934,
                    1,
                    184723,
                    1,
                    184725,
                    169,
                    184895,
                    1,
                    184897,
                    2,
                    184901,
                    2,
                    184905,
                    2,
                    185681,
                    1,
                    185683,
                    1,
                    185685,
                    1,
                    185687,
                    168,
                    185857,
                    1,
                    185861,
                    1,
                    185865,
                    2,
                    186641,
                    1,
                    186644,
                    174,
                    186820,
                    1,
                    187601,
                    1,
                    187604,
                    176,
                    187783,
                    1,
                    188561,
                    1,
                    188563,
                    177,
                    188742,
                    2,
                    189520,
                    1,
                    189523,
                    1,
                    189525,
                    173,
                    189699,
                    3,
                    190480,
                    1,
                    190483,
                    176,
                    190660,
                    2,
                    191440,
                    1,
                    191443,
                    178,
                    191623,
                    1,
                    192402,
                    180,
                    192583,
                    1,
                    192587,
                    1,
                    192591,
                    1,
                    193361,
                    182,
                    193547,
                    2,
                    194321,
                    182,
                    194507,
                    2,
                    195280,
                    185,
                    195467,
                    1,
                    195469,
                    1,
                    196240,
                    186,
                    196429,
                    3,
                    197199,
                    188,
                    198159,
                    185,
                    198345,
                    2,
                    199118,
                    187,
                    199306,
                    1,
                    200072,
                    1,
                    200076,
                    2,
                    200079,
                    187,
                    200267,
                    1,
                    200269,
                    1,
                    201024,
                    1,
                    201032,
                    1,
                    201037,
                    192,
                    201230,
                    1,
                    201992,
                    4,
                    201998,
                    188,
                    202187,
                    4,
                    202952,
                    2,
                    202956,
                    1,
                    202958,
                    190,
                    203149,
                    3,
                    203916,
                    1,
                    203918,
                    194,
                    204873,
                    2,
                    204876,
                    196,
                    205836,
                    193,
                    206030,
                    1,
                    206790,
                    1,
                    206792,
                    1,
                    206796,
                    195,
                    207750,
                    1,
                    207754,
                    2,
                    207757,
                    194,
                    207958,
                    2,
                    208710,
                    1,
                    208714,
                    1,
                    208716,
                    194,
                    209670,
                    1,
                    209675,
                    197,
                    210632,
                    1,
                    210635,
                    196,
                    210836,
                    3,
                    211591,
                    2,
                    211595,
                    199,
                    211797,
                    3,
                    212550,
                    1,
                    212555,
                    200,
                    213510,
                    1,
                    213515,
                    197,
                    213714,
                    2,
                    214471,
                    1,
                    214473,
                    1,
                    214475,
                    199,
                    214675,
                    1,
                    215433,
                    200,
                    215634,
                    2,
                    215637,
                    1,
                    216393,
                    202,
                    216596,
                    1,
                    216598,
                    2,
                    217354,
                    200,
                    217556,
                    3,
                    218314,
                    201,
                    218516,
                    3,
                    219274,
                    201,
                    219477,
                    1,
                    220233,
                    203,
                    220437,
                    1,
                    221192,
                    204,
                    221399,
                    1,
                    222152,
                    204,
                    222357,
                    1,
                    222359,
                    1,
                    223112,
                    204,
                    223317,
                    1,
                    223319,
                    1,
                    224071,
                    206,
                    225032,
                    206,
                    225992,
                    206,
                    226952,
                    206,
                    227912,
                    205,
                    228122,
                    1,
                    228871,
                    1,
                    228873,
                    205,
                    229081,
                    2,
                    229831,
                    1,
                    229833,
                    205,
                    230791,
                    1,
                    230793,
                    206,
                    231004,
                    1,
                    231751,
                    1,
                    231753,
                    206,
                    231965,
                    1,
                    232711,
                    208,
                    232925,
                    1,
                    233671,
                    1,
                    233673,
                    207,
                    233885,
                    1,
                    234631,
                    1,
                    234633,
                    207,
                    235591,
                    1,
                    235593,
                    206,
                    235804,
                    1,
                    236551,
                    1,
                    236553,
                    206,
                    236760,
                    1,
                    236764,
                    1,
                    237511,
                    1,
                    237513,
                    2,
                    237516,
                    205,
                    238470,
                    5,
                    238476,
                    206,
                    238684,
                    1,
                    238687,
                    1,
                    239430,
                    2,
                    239433,
                    207,
                    239641,
                    1,
                    239647,
                    1,
                    240390,
                    210,
                    240601,
                    1,
                    240607,
                    1,
                    241351,
                    212,
                    241564,
                    1,
                    241567,
                    1,
                    242311,
                    3,
                    242315,
                    206,
                    242522,
                    1,
                    242524,
                    1,
                    243271,
                    3,
                    243275,
                    206,
                    243482,
                    1,
                    244231,
                    210,
                    244442,
                    1,
                    245191,
                    1,
                    245193,
                    208,
                    245402,
                    1,
                    246152,
                    211,
                    246367,
                    1,
                    247112,
                    211,
                    247327,
                    1,
                    248072,
                    1,
                    248074,
                    208,
                    248287,
                    1,
                    249032,
                    1,
                    249034,
                    208,
                    249244,
                    1,
                    249992,
                    2,
                    249995,
                    207,
                    250204,
                    1,
                    250952,
                    2,
                    250955,
                    208,
                    251164,
                    1,
                    251913,
                    210,
                    252127,
                    1,
                    252864,
                    2,
                    252873,
                    208,
                    253082,
                    1,
                    253087,
                    1,
                    253824,
                    2,
                    253832,
                    209,
                    254042,
                    1,
                    254045,
                    1,
                    254784,
                    2,
                    254792,
                    209,
                    255002,
                    1,
                    255005,
                    1,
                    255744,
                    2,
                    255753,
                    208,
                    256704,
                    2,
                    256714,
                    2,
                    256717,
                    205,
                    256924,
                    1,
                    257672,
                    209,
                    257884,
                    1,
                    257887,
                    1,
                    258632,
                    1,
                    258634,
                    206,
                    258841,
                    1,
                    258844,
                    1,
                    258847,
                    1,
                    259591,
                    1,
                    259593,
                    5,
                    259599,
                    201,
                    259801,
                    1,
                    259804,
                    1,
                    259807,
                    1,
                    260551,
                    211,
                    260764,
                    1,
                    260767,
                    1,
                    261512,
                    212,
                    262473,
                    7,
                    262481,
                    199,
                    262681,
                    3,
                    263435,
                    205,
                    263642,
                    2,
                    264393,
                    1,
                    264395,
                    205,
                    264602,
                    2,
                    265353,
                    1,
                    265355,
                    7,
                    265363,
                    195,
                    265559,
                    1,
                    265563,
                    1,
                    266313,
                    1,
                    266315,
                    203,
                    266519,
                    1,
                    266522,
                    2,
                    267275,
                    203,
                    267479,
                    1,
                    267482,
                    2,
                    268232,
                    1,
                    268235,
                    202,
                    268439,
                    1,
                    268442,
                    2,
                    269196,
                    200,
                    269398,
                    3,
                    270153,
                    1,
                    270156,
                    200,
                    270358,
                    2,
                    271113,
                    2,
                    271117,
                    198,
                    271316,
                    3,
                    272073,
                    2,
                    272077,
                    198,
                    272276,
                    4,
                    273033,
                    2,
                    273038,
                    197,
                    273237,
                    3,
                    273994,
                    2,
                    273998,
                    13,
                    274012,
                    183,
                    274197,
                    3,
                    274201,
                    1,
                    274955,
                    1,
                    274958,
                    14,
                    274973,
                    182,
                    275156,
                    2,
                    275161,
                    1,
                    275915,
                    1,
                    275918,
                    197,
                    276116,
                    5,
                    276880,
                    195,
                    277076,
                    4,
                    277840,
                    194,
                    278035,
                    2,
                    278038,
                    2,
                    278800,
                    200,
                    279760,
                    18,
                    279779,
                    181,
                    280721,
                    14,
                    280737,
                    2,
                    280740,
                    175,
                    280916,
                    3,
                    281681,
                    15,
                    281699,
                    2,
                    281702,
                    177,
                    282641,
                    15,
                    282657,
                    1,
                    282660,
                    2,
                    282663,
                    171,
                    282835,
                    4,
                    283600,
                    1,
                    283602,
                    14,
                    283618,
                    1,
                    283622,
                    2,
                    283625,
                    175,
                    284560,
                    1,
                    284562,
                    14,
                    284581,
                    1,
                    284584,
                    175,
                    285522,
                    14,
                    285545,
                    2,
                    285548,
                    164,
                    285713,
                    5,
                    286483,
                    13,
                    286505,
                    3,
                    286509,
                    161,
                    286671,
                    7,
                    287441,
                    1,
                    287443,
                    14,
                    287467,
                    171,
                    288401,
                    1,
                    288404,
                    13,
                    288424,
                    1,
                    288428,
                    2,
                    288431,
                    157,
                    288589,
                    10,
                    289364,
                    13,
                    289388,
                    1,
                    289391,
                    1,
                    289393,
                    154,
                    289548,
                    9,
                    289558,
                    1,
                    290324,
                    13,
                    290348,
                    1,
                    290351,
                    155,
                    290507,
                    12,
                    291280,
                    1,
                    291286,
                    11,
                    291312,
                    5,
                    291320,
                    160,
                    292242,
                    1,
                    292246,
                    12,
                    292262,
                    1,
                    292264,
                    1,
                    292268,
                    2,
                    292271,
                    9,
                    292281,
                    143,
                    292425,
                    11,
                    292438,
                    1,
                    293201,
                    2,
                    293206,
                    13,
                    293221,
                    1,
                    293224,
                    3,
                    293231,
                    165,
                    293397,
                    2,
                    294161,
                    2,
                    294167,
                    14,
                    294185,
                    2,
                    294192,
                    10,
                    294205,
                    137,
                    294343,
                    13,
                    294357,
                    2,
                    295122,
                    1,
                    295128,
                    15,
                    295144,
                    1,
                    295146,
                    1,
                    295148,
                    2,
                    295151,
                    148,
                    295304,
                    11,
                    295317,
                    2,
                    296089,
                    15,
                    296109,
                    1,
                    296111,
                    16,
                    296128,
                    130,
                    296264,
                    11,
                    296277,
                    1,
                    297049,
                    17,
                    297067,
                    1,
                    297069,
                    1,
                    297071,
                    145,
                    297224,
                    11,
                    297237,
                    1,
                    298005,
                    1,
                    298010,
                    17,
                    298032,
                    142,
                    298175,
                    2,
                    298179,
                    2,
                    298183,
                    11,
                    298196,
                    1,
                    298960,
                    1,
                    298965,
                    1,
                    298968,
                    1,
                    298971,
                    19,
                    298991,
                    7,
                    299002,
                    130,
                    299143,
                    11,
                    299156,
                    1,
                    299159,
                    1,
                    299929,
                    2,
                    299932,
                    19,
                    299952,
                    4,
                    299959,
                    3,
                    299963,
                    1,
                    299965,
                    126,
                    300092,
                    1,
                    300095,
                    1,
                    300099,
                    1,
                    300103,
                    11,
                    300889,
                    2,
                    300892,
                    20,
                    300914,
                    6,
                    300922,
                    5,
                    300928,
                    123,
                    301056,
                    1,
                    301060,
                    12,
                    301852,
                    23,
                    301876,
                    135,
                    302018,
                    1,
                    302021,
                    11,
                    302813,
                    25,
                    302839,
                    5,
                    302845,
                    126,
                    302978,
                    14,
                    303771,
                    1,
                    303774,
                    27,
                    303802,
                    4,
                    303808,
                    122,
                    303934,
                    17,
                    304731,
                    2,
                    304735,
                    29,
                    304765,
                    125,
                    304891,
                    20,
                    305696,
                    30,
                    305727,
                    1,
                    305729,
                    141,
                    305879,
                    1,
                    306657,
                    32,
                    306690,
                    110,
                    306809,
                    20,
                    306838,
                    2,
                    307617,
                    35,
                    307654,
                    100,
                    307768,
                    21,
                    308577,
                    41,
                    308620,
                    94,
                    308715,
                    1,
                    308723,
                    2,
                    308728,
                    21,
                    309537,
                    1,
                    309539,
                    43,
                    309585,
                    88,
                    309677,
                    2,
                    309688,
                    19,
                    309710,
                    1,
                    310496,
                    1,
                    310499,
                    49,
                    310549,
                    83,
                    310647,
                    20,
                    311457,
                    2,
                    311460,
                    51,
                    311514,
                    1,
                    311517,
                    84,
                    311606,
                    20,
                    311629,
                    1,
                    312416,
                    3,
                    312421,
                    50,
                    312475,
                    1,
                    312490,
                    60,
                    312552,
                    34,
                    313381,
                    51,
                    313441,
                    1,
                    313443,
                    1,
                    313445,
                    1,
                    313449,
                    1,
                    313452,
                    41,
                    313496,
                    49,
                    313548,
                    1,
                    313551,
                    1,
                    314336,
                    1,
                    314339,
                    52,
                    314408,
                    1,
                    314412,
                    20,
                    314433,
                    20,
                    314456,
                    13,
                    314470,
                    34,
                    314508,
                    1,
                    314511,
                    1,
                    315304,
                    48,
                    315372,
                    17,
                    315395,
                    17,
                    315416,
                    8,
                    315425,
                    3,
                    315429,
                    34,
                    316264,
                    48,
                    316332,
                    12,
                    316345,
                    1,
                    316356,
                    16,
                    316378,
                    9,
                    316388,
                    35,
                    317224,
                    48,
                    317292,
                    6,
                    317314,
                    2,
                    317317,
                    15,
                    317336,
                    45,
                    318186,
                    46,
                    318248,
                    1,
                    318252,
                    1,
                    318254,
                    2,
                    318261,
                    2,
                    318272,
                    20,
                    318299,
                    42,
                    319144,
                    1,
                    319147,
                    47,
                    319200,
                    16,
                    319230,
                    8,
                    319239,
                    8,
                    319248,
                    8,
                    319259,
                    42,
                    320109,
                    66,
                    320187,
                    28,
                    320216,
                    5,
                    320222,
                    37,
                    320261,
                    2,
                    321066,
                    2,
                    321070,
                    66,
                    321144,
                    19,
                    321164,
                    7,
                    321173,
                    6,
                    321180,
                    39,
                    321221,
                    2,
                    322024,
                    1,
                    322027,
                    2,
                    322030,
                    66,
                    322102,
                    22,
                    322125,
                    11,
                    322137,
                    41,
                    322180,
                    1,
                    322183,
                    1,
                    322992,
                    64,
                    323058,
                    1,
                    323060,
                    31,
                    323092,
                    44,
                    323952,
                    144,
                    324913,
                    142,
                    325874,
                    141,
                    326835,
                    138,
                    326975,
                    1,
                    327792,
                    2,
                    327797,
                    135,
                    327933,
                    1,
                    327935,
                    1,
                    328753,
                    2,
                    328758,
                    134,
                    329714,
                    2,
                    329720,
                    130,
                    329852,
                    3,
                    330681,
                    127,
                    331642,
                    126,
                    332603,
                    124,
                    333560,
                    1,
                    333564,
                    121,
                    334520,
                    1,
                    334525,
                    119,
                    334647,
                    1,
                    335483,
                    2,
                    335488,
                    115,
                    335605,
                    2,
                    336444,
                    1,
                    336450,
                    112,
                    336564,
                    2,
                    337400,
                    2,
                    337408,
                    1,
                    337412,
                    109,
                    338368,
                    1,
                    338373,
                    105,
                    339328,
                    2,
                    339333,
                    107,
                    340296,
                    99,
                    340398,
                    2,
                    341258,
                    96,
                    342216,
                    2,
                    342221,
                    90,
                    342314,
                    2,
                    343168,
                    2,
                    343184,
                    86,
                    343273,
                    3,
                    343279,
                    1,
                    344128,
                    2,
                    344136,
                    1,
                    344139,
                    1,
                    344146,
                    82,
                    344232,
                    3,
                    344239,
                    1,
                    345097,
                    3,
                    345103,
                    3,
                    345109,
                    75,
                    345190,
                    2,
                    345195,
                    3,
                    346072,
                    70,
                    347034,
                    66,
                    347992,
                    1,
                    347997,
                    60,
                    348062,
                    2,
                    348952,
                    3,
                    348960,
                    53,
                    349015,
                    2,
                    349022,
                    2,
                    349914,
                    4,
                    349922,
                    45,
                    349974,
                    2,
                    350878,
                    2,
                    350888,
                    36,
                    350934,
                    2,
                    351832,
                    2,
                    351844,
                    4,
                    351856,
                    22,
                    351885,
                    6,
                    351900,
                    2,
                    352795,
                    3,
                    352812,
                    4,
                    352822,
                    10,
                    352840,
                    3,
                    352853,
                    3
                ]
            }
        }
    ]
}