{
    "image_id": 39,
    "file_name": "Wheat_004_001_001_002.jpg",
    "width": 960,
    "height": 540,
    "annotations": [
        {
            "id": 1,
            "category_id": 4112,
            "bbox": [
                384,
                192,
                571,
                383
            ],
            "bbox_mode": 0,
            "segmentation": {
                "size": [
                    540,
                    960
                ],
                "counts": [
                    184739,
                    2,
                    184744,
                    1,
                    184752,
                    8,
                    184783,
                    1,
                    185708,
                    4,
                    185720,
                    2,
                    185726,
                    4,
                    185736,
                    4,
                    186660,
                    3,
                    186664,
                    2,
                    186672,
                    7,
                    186688,
                    1,
                    186696,
                    1,
                    187618,
                    4,
                    187628,
                    4,
                    187642,
                    4,
                    187648,
                    4,
                    187656,
                    5,
                    187665,
                    1,
                    188577,
                    2,
                    188581,
                    1,
                    188584,
                    5,
                    188592,
                    17,
                    188610,
                    4,
                    188623,
                    1,
                    189542,
                    2,
                    189547,
                    8,
                    189556,
                    12,
                    189569,
                    11,
                    190499,
                    4,
                    190504,
                    38,
                    190544,
                    1,
                    190556,
                    2,
                    191456,
                    1,
                    191459,
                    42,
                    191502,
                    3,
                    191506,
                    1,
                    191516,
                    1,
                    191518,
                    1,
                    192402,
                    1,
                    192406,
                    1,
                    192408,
                    2,
                    192413,
                    1,
                    192415,
                    56,
                    192473,
                    2,
                    192482,
                    2,
                    193368,
                    4,
                    193374,
                    57,
                    193432,
                    1,
                    193436,
                    3,
                    193440,
                    1,
                    193443,
                    3,
                    194323,
                    2,
                    194326,
                    5,
                    194332,
                    59,
                    194392,
                    2,
                    194397,
                    1,
                    194402,
                    1,
                    194405,
                    1,
                    195283,
                    2,
                    195289,
                    69,
                    195359,
                    4,
                    195366,
                    2,
                    196240,
                    2,
                    196245,
                    1,
                    196248,
                    2,
                    196251,
                    68,
                    196320,
                    2,
                    196324,
                    3,
                    197200,
                    1,
                    197205,
                    3,
                    197209,
                    70,
                    197281,
                    3,
                    197285,
                    1,
                    198164,
                    2,
                    198167,
                    75,
                    198243,
                    2,
                    198246,
                    2,
                    199121,
                    1,
                    199124,
                    1,
                    199126,
                    78,
                    199205,
                    2,
                    200072,
                    1,
                    200075,
                    1,
                    200077,
                    1,
                    200079,
                    3,
                    200083,
                    87,
                    200173,
                    1,
                    200175,
                    2,
                    200180,
                    1,
                    201037,
                    1,
                    201039,
                    1,
                    201041,
                    88,
                    201130,
                    1,
                    201133,
                    4,
                    201143,
                    1,
                    201997,
                    1,
                    202000,
                    94,
                    202095,
                    5,
                    202955,
                    1,
                    202957,
                    1,
                    202959,
                    1,
                    202961,
                    91,
                    203053,
                    3,
                    203059,
                    1,
                    203917,
                    1,
                    203920,
                    96,
                    204029,
                    1,
                    204872,
                    2,
                    204875,
                    105,
                    204982,
                    1,
                    204989,
                    1,
                    205837,
                    101,
                    205939,
                    3,
                    206792,
                    2,
                    206795,
                    1,
                    206797,
                    102,
                    206900,
                    2,
                    207752,
                    3,
                    207756,
                    108,
                    207867,
                    2,
                    208713,
                    1,
                    208715,
                    109,
                    208825,
                    2,
                    208831,
                    1,
                    209673,
                    114,
                    209791,
                    1,
                    210631,
                    116,
                    210748,
                    4,
                    211590,
                    119,
                    211710,
                    1,
                    212551,
                    118,
                    212671,
                    1,
                    213512,
                    117,
                    213630,
                    2,
                    214464,
                    2,
                    214472,
                    120,
                    215425,
                    1,
                    215429,
                    124,
                    215556,
                    1,
                    215558,
                    2,
                    216385,
                    2,
                    216389,
                    124,
                    216514,
                    1,
                    216516,
                    4,
                    217345,
                    3,
                    217349,
                    127,
                    217477,
                    1,
                    217479,
                    1,
                    217482,
                    2,
                    218304,
                    1,
                    218306,
                    1,
                    218308,
                    1,
                    218310,
                    127,
                    218438,
                    2,
                    218442,
                    2,
                    219264,
                    2,
                    219267,
                    133,
                    219402,
                    2,
                    220224,
                    2,
                    220227,
                    1,
                    220229,
                    129,
                    220359,
                    1,
                    221184,
                    1,
                    221187,
                    132,
                    222145,
                    2,
                    222148,
                    133,
                    223106,
                    135,
                    223242,
                    3,
                    223246,
                    2,
                    223255,
                    1,
                    224064,
                    1,
                    224066,
                    142,
                    224211,
                    2,
                    225024,
                    2,
                    225027,
                    137,
                    225165,
                    2,
                    225171,
                    2,
                    225984,
                    142,
                    226127,
                    1,
                    226945,
                    142,
                    227088,
                    1,
                    227094,
                    1,
                    227906,
                    145,
                    228054,
                    1,
                    228865,
                    144,
                    229010,
                    2,
                    229825,
                    146,
                    230784,
                    147,
                    230932,
                    4,
                    231744,
                    152,
                    231898,
                    1,
                    232704,
                    152,
                    232858,
                    3,
                    233664,
                    152,
                    234624,
                    151,
                    235584,
                    153,
                    236544,
                    151,
                    236696,
                    1,
                    237505,
                    153,
                    238465,
                    152,
                    238618,
                    1,
                    238622,
                    2,
                    239425,
                    153,
                    239579,
                    1,
                    239581,
                    2,
                    240385,
                    155,
                    240542,
                    2,
                    241345,
                    156,
                    242305,
                    155,
                    242461,
                    3,
                    243264,
                    159,
                    244224,
                    159,
                    245185,
                    157,
                    245343,
                    1,
                    246144,
                    160,
                    246305,
                    3,
                    246310,
                    1,
                    247104,
                    161,
                    247267,
                    1,
                    247269,
                    2,
                    248064,
                    160,
                    248228,
                    2,
                    249024,
                    163,
                    249189,
                    1,
                    249984,
                    163,
                    250149,
                    1,
                    250944,
                    1,
                    250946,
                    160,
                    251904,
                    2,
                    251907,
                    160,
                    252068,
                    1,
                    252864,
                    163,
                    253028,
                    1,
                    253824,
                    167,
                    253997,
                    1,
                    253999,
                    1,
                    254785,
                    165,
                    255745,
                    166,
                    256705,
                    5,
                    256711,
                    159,
                    256871,
                    1,
                    256879,
                    1,
                    257665,
                    170,
                    257838,
                    2,
                    258625,
                    170,
                    258799,
                    1,
                    259585,
                    167,
                    259755,
                    1,
                    260545,
                    169,
                    261506,
                    167,
                    261675,
                    2,
                    262466,
                    8,
                    262475,
                    163,
                    263426,
                    8,
                    263435,
                    159,
                    263596,
                    2,
                    264386,
                    8,
                    264395,
                    160,
                    264556,
                    1,
                    265346,
                    8,
                    265355,
                    160,
                    265516,
                    1,
                    265518,
                    1,
                    266307,
                    8,
                    266316,
                    159,
                    266476,
                    1,
                    266478,
                    1,
                    267267,
                    8,
                    267276,
                    160,
                    267437,
                    1,
                    268227,
                    8,
                    268236,
                    161,
                    268398,
                    2,
                    269188,
                    7,
                    269196,
                    3,
                    269200,
                    157,
                    269358,
                    1,
                    270148,
                    8,
                    270157,
                    162,
                    271105,
                    1,
                    271108,
                    8,
                    271117,
                    161,
                    272065,
                    1,
                    272069,
                    6,
                    272076,
                    164,
                    273026,
                    1,
                    273029,
                    171,
                    273989,
                    7,
                    273997,
                    162,
                    274947,
                    1,
                    274950,
                    8,
                    274960,
                    160,
                    275907,
                    1,
                    275910,
                    10,
                    275921,
                    160,
                    276870,
                    13,
                    276884,
                    158,
                    277044,
                    1,
                    277047,
                    1,
                    277826,
                    1,
                    277830,
                    15,
                    277848,
                    154,
                    278004,
                    1,
                    278010,
                    2,
                    278786,
                    1,
                    278790,
                    19,
                    278813,
                    148,
                    278962,
                    1,
                    278970,
                    2,
                    279746,
                    2,
                    279752,
                    14,
                    279768,
                    1,
                    279771,
                    2,
                    279774,
                    149,
                    279926,
                    1,
                    279930,
                    2,
                    280706,
                    2,
                    280712,
                    17,
                    280731,
                    2,
                    280734,
                    150,
                    280886,
                    1,
                    281672,
                    16,
                    281692,
                    152,
                    282633,
                    14,
                    282653,
                    1,
                    282655,
                    149,
                    282805,
                    1,
                    283593,
                    14,
                    283609,
                    1,
                    283613,
                    2,
                    283616,
                    148,
                    283765,
                    1,
                    283767,
                    1,
                    284552,
                    1,
                    284554,
                    14,
                    284572,
                    1,
                    284575,
                    149,
                    284725,
                    3,
                    285512,
                    1,
                    285514,
                    14,
                    285532,
                    1,
                    285535,
                    152,
                    286474,
                    16,
                    286495,
                    1,
                    286497,
                    146,
                    286644,
                    3,
                    287435,
                    15,
                    287455,
                    150,
                    287606,
                    1,
                    288393,
                    2,
                    288396,
                    14,
                    288415,
                    2,
                    288418,
                    147,
                    288566,
                    1,
                    289353,
                    2,
                    289356,
                    14,
                    289375,
                    2,
                    289378,
                    147,
                    289526,
                    1,
                    290313,
                    1,
                    290317,
                    14,
                    290335,
                    1,
                    290337,
                    1,
                    290339,
                    146,
                    290486,
                    1,
                    291277,
                    14,
                    291295,
                    1,
                    291297,
                    1,
                    291299,
                    145,
                    291446,
                    1,
                    292234,
                    2,
                    292238,
                    13,
                    292252,
                    1,
                    292254,
                    1,
                    292258,
                    1,
                    292260,
                    145,
                    292406,
                    1,
                    293194,
                    2,
                    293198,
                    14,
                    293218,
                    147,
                    293366,
                    1,
                    294152,
                    1,
                    294159,
                    16,
                    294180,
                    145,
                    294326,
                    1,
                    295112,
                    1,
                    295120,
                    32,
                    295153,
                    134,
                    296076,
                    3,
                    296080,
                    23,
                    296104,
                    143,
                    297037,
                    2,
                    297041,
                    33,
                    297075,
                    131,
                    297207,
                    1,
                    297993,
                    2,
                    297997,
                    2,
                    298001,
                    165,
                    298167,
                    1,
                    298953,
                    2,
                    298958,
                    1,
                    298960,
                    1,
                    298962,
                    33,
                    298996,
                    130,
                    299127,
                    1,
                    299920,
                    1,
                    299923,
                    33,
                    299957,
                    130,
                    300883,
                    164,
                    301841,
                    2,
                    301844,
                    162,
                    302801,
                    2,
                    302805,
                    33,
                    302839,
                    127,
                    302967,
                    1,
                    303760,
                    1,
                    303765,
                    161,
                    303927,
                    1,
                    304720,
                    1,
                    304723,
                    2,
                    304726,
                    162,
                    305683,
                    1,
                    305687,
                    161,
                    306642,
                    1,
                    306648,
                    158,
                    306807,
                    1,
                    307609,
                    32,
                    307642,
                    125,
                    308569,
                    158,
                    309530,
                    157,
                    310491,
                    32,
                    310524,
                    10,
                    310536,
                    111,
                    311451,
                    37,
                    311491,
                    116,
                    312409,
                    1,
                    312412,
                    34,
                    312447,
                    13,
                    312461,
                    106,
                    313369,
                    1,
                    313373,
                    155,
                    314328,
                    1,
                    314331,
                    1,
                    314334,
                    48,
                    314383,
                    101,
                    314485,
                    1,
                    314487,
                    1,
                    315288,
                    1,
                    315293,
                    49,
                    315343,
                    103,
                    315447,
                    1,
                    316248,
                    1,
                    316253,
                    153,
                    317214,
                    50,
                    317265,
                    98,
                    317364,
                    3,
                    318176,
                    49,
                    318226,
                    101,
                    319131,
                    1,
                    319137,
                    49,
                    319187,
                    100,
                    320098,
                    150,
                    321059,
                    48,
                    321108,
                    98,
                    321207,
                    1,
                    322015,
                    1,
                    322020,
                    48,
                    322069,
                    13,
                    322083,
                    83,
                    322167,
                    1,
                    322977,
                    2,
                    322982,
                    47,
                    323030,
                    9,
                    323040,
                    86,
                    323937,
                    3,
                    323942,
                    54,
                    323997,
                    11,
                    324009,
                    76,
                    324897,
                    3,
                    324904,
                    47,
                    324952,
                    1,
                    324954,
                    15,
                    324970,
                    75,
                    325047,
                    1,
                    325860,
                    2,
                    325864,
                    66,
                    325931,
                    74,
                    326007,
                    1,
                    326821,
                    3,
                    326825,
                    121,
                    326947,
                    18,
                    327776,
                    2,
                    327782,
                    2,
                    327786,
                    115,
                    327902,
                    4,
                    327907,
                    9,
                    327917,
                    8,
                    328736,
                    2,
                    328743,
                    1,
                    328747,
                    113,
                    328861,
                    6,
                    328868,
                    7,
                    328876,
                    8,
                    328885,
                    2,
                    329703,
                    3,
                    329709,
                    64,
                    329774,
                    15,
                    329790,
                    29,
                    329820,
                    2,
                    329823,
                    20,
                    329845,
                    2,
                    330669,
                    65,
                    330735,
                    19,
                    330755,
                    27,
                    330784,
                    4,
                    330789,
                    14,
                    331624,
                    1,
                    331629,
                    66,
                    331696,
                    9,
                    331706,
                    9,
                    331716,
                    25,
                    331742,
                    21,
                    332584,
                    2,
                    332593,
                    63,
                    332657,
                    19,
                    332677,
                    23,
                    332701,
                    21,
                    332724,
                    1,
                    333552,
                    100,
                    333653,
                    10,
                    333664,
                    5,
                    333670,
                    1,
                    333672,
                    10,
                    333684,
                    1,
                    333687,
                    1,
                    334512,
                    1,
                    334515,
                    96,
                    334612,
                    6,
                    334619,
                    24,
                    334644,
                    1,
                    334647,
                    1,
                    335474,
                    95,
                    335570,
                    9,
                    335581,
                    21,
                    335604,
                    1,
                    336433,
                    2,
                    336438,
                    90,
                    336529,
                    11,
                    336541,
                    20,
                    337384,
                    1,
                    337398,
                    88,
                    337487,
                    33,
                    337522,
                    1,
                    337525,
                    1,
                    338361,
                    80,
                    338442,
                    22,
                    338465,
                    15,
                    339321,
                    81,
                    339403,
                    20,
                    339424,
                    15,
                    340283,
                    98,
                    340383,
                    16,
                    341244,
                    114,
                    342205,
                    112,
                    342319,
                    1,
                    343161,
                    2,
                    343167,
                    110,
                    343279,
                    1,
                    344121,
                    3,
                    344128,
                    108,
                    344237,
                    1,
                    345084,
                    2,
                    345089,
                    106,
                    345197,
                    3,
                    346051,
                    103,
                    346157,
                    2,
                    347008,
                    1,
                    347012,
                    102,
                    347116,
                    2,
                    347968,
                    1,
                    347974,
                    98,
                    348076,
                    1,
                    348935,
                    96,
                    349891,
                    5,
                    349898,
                    92,
                    349991,
                    1,
                    349994,
                    1,
                    350860,
                    90,
                    350952,
                    3,
                    351821,
                    87,
                    351911,
                    1,
                    352774,
                    2,
                    352783,
                    84,
                    353746,
                    78,
                    354704,
                    1,
                    354707,
                    77,
                    355664,
                    2,
                    355670,
                    72,
                    356633,
                    68,
                    357587,
                    5,
                    357594,
                    65,
                    357661,
                    2,
                    358552,
                    2,
                    358559,
                    58,
                    358620,
                    3,
                    359504,
                    1,
                    359519,
                    1,
                    359522,
                    52,
                    359580,
                    2,
                    360464,
                    2,
                    360470,
                    2,
                    360474,
                    2,
                    360479,
                    2,
                    360486,
                    45,
                    360535,
                    4,
                    360543,
                    1,
                    361450,
                    38,
                    362412,
                    34,
                    363382,
                    2,
                    363392,
                    4,
                    364328,
                    3,
                    364343,
                    1,
                    365304,
                    19,
                    367208,
                    5,
                    367224,
                    13,
                    367245,
                    3,
                    368197,
                    3
                ]
            }
        }
    ]
}